# Timestamp: 2026-08-24T13:21:40+0000
# Pod: qwen-qwe-3db867ce-en3-0-6b-router-epp-d4c4d7444-h578x
# PodIP: 10.129.4.99
# Source: epp_prometheus_metrics

# HELP certwatcher_read_certificate_errors_total Total number of certificate read errors
# TYPE certwatcher_read_certificate_errors_total counter
certwatcher_read_certificate_errors_total 0
# HELP certwatcher_read_certificate_total Total number of certificate reads
# TYPE certwatcher_read_certificate_total counter
certwatcher_read_certificate_total 0
# HELP controller_runtime_active_workers Number of currently used workers per controller
# TYPE controller_runtime_active_workers gauge
controller_runtime_active_workers{controller="inferencemodelrewrite"} 0
controller_runtime_active_workers{controller="inferenceobjective"} 0
controller_runtime_active_workers{controller="inferencepool"} 0
controller_runtime_active_workers{controller="pod"} 0
# HELP controller_runtime_conversion_webhook_panics_total Total number of conversion webhook panics
# TYPE controller_runtime_conversion_webhook_panics_total counter
controller_runtime_conversion_webhook_panics_total 0
# HELP controller_runtime_max_concurrent_reconciles Maximum number of concurrent reconciles per controller
# TYPE controller_runtime_max_concurrent_reconciles gauge
controller_runtime_max_concurrent_reconciles{controller="inferencemodelrewrite"} 1
controller_runtime_max_concurrent_reconciles{controller="inferenceobjective"} 1
controller_runtime_max_concurrent_reconciles{controller="inferencepool"} 1
controller_runtime_max_concurrent_reconciles{controller="pod"} 1
# HELP controller_runtime_reconcile_errors_total Total number of reconciliation errors per controller
# TYPE controller_runtime_reconcile_errors_total counter
controller_runtime_reconcile_errors_total{controller="inferencemodelrewrite"} 0
controller_runtime_reconcile_errors_total{controller="inferenceobjective"} 0
controller_runtime_reconcile_errors_total{controller="inferencepool"} 0
controller_runtime_reconcile_errors_total{controller="pod"} 0
# HELP controller_runtime_reconcile_panics_total Total number of reconciliation panics per controller
# TYPE controller_runtime_reconcile_panics_total counter
controller_runtime_reconcile_panics_total{controller="inferencemodelrewrite"} 0
controller_runtime_reconcile_panics_total{controller="inferenceobjective"} 0
controller_runtime_reconcile_panics_total{controller="inferencepool"} 0
controller_runtime_reconcile_panics_total{controller="pod"} 0
# HELP controller_runtime_reconcile_time_seconds Length of time per reconciliation per controller
# TYPE controller_runtime_reconcile_time_seconds histogram
controller_runtime_reconcile_time_seconds_bucket{controller="inferencepool",le="0.005"} 16
controller_runtime_reconcile_time_seconds_bucket{controller="inferencepool",le="0.01"} 16
controller_runtime_reconcile_time_seconds_bucket{controller="inferencepool",le="0.025"} 16
controller_runtime_reconcile_time_seconds_bucket{controller="inferencepool",le="0.05"} 16
controller_runtime_reconcile_time_seconds_bucket{controller="inferencepool",le="0.1"} 16
controller_runtime_reconcile_time_seconds_bucket{controller="inferencepool",le="0.15"} 16
controller_runtime_reconcile_time_seconds_bucket{controller="inferencepool",le="0.2"} 16
controller_runtime_reconcile_time_seconds_bucket{controller="inferencepool",le="0.25"} 16
controller_runtime_reconcile_time_seconds_bucket{controller="inferencepool",le="0.3"} 16
controller_runtime_reconcile_time_seconds_bucket{controller="inferencepool",le="0.35"} 16
controller_runtime_reconcile_time_seconds_bucket{controller="inferencepool",le="0.4"} 16
controller_runtime_reconcile_time_seconds_bucket{controller="inferencepool",le="0.45"} 16
controller_runtime_reconcile_time_seconds_bucket{controller="inferencepool",le="0.5"} 16
controller_runtime_reconcile_time_seconds_bucket{controller="inferencepool",le="0.6"} 16
controller_runtime_reconcile_time_seconds_bucket{controller="inferencepool",le="0.7"} 16
controller_runtime_reconcile_time_seconds_bucket{controller="inferencepool",le="0.8"} 16
controller_runtime_reconcile_time_seconds_bucket{controller="inferencepool",le="0.9"} 16
controller_runtime_reconcile_time_seconds_bucket{controller="inferencepool",le="1"} 16
controller_runtime_reconcile_time_seconds_bucket{controller="inferencepool",le="1.25"} 16
controller_runtime_reconcile_time_seconds_bucket{controller="inferencepool",le="1.5"} 16
controller_runtime_reconcile_time_seconds_bucket{controller="inferencepool",le="1.75"} 16
controller_runtime_reconcile_time_seconds_bucket{controller="inferencepool",le="2"} 16
controller_runtime_reconcile_time_seconds_bucket{controller="inferencepool",le="2.5"} 16
controller_runtime_reconcile_time_seconds_bucket{controller="inferencepool",le="3"} 16
controller_runtime_reconcile_time_seconds_bucket{controller="inferencepool",le="3.5"} 16
controller_runtime_reconcile_time_seconds_bucket{controller="inferencepool",le="4"} 16
controller_runtime_reconcile_time_seconds_bucket{controller="inferencepool",le="4.5"} 16
controller_runtime_reconcile_time_seconds_bucket{controller="inferencepool",le="5"} 16
controller_runtime_reconcile_time_seconds_bucket{controller="inferencepool",le="6"} 16
controller_runtime_reconcile_time_seconds_bucket{controller="inferencepool",le="7"} 16
controller_runtime_reconcile_time_seconds_bucket{controller="inferencepool",le="8"} 16
controller_runtime_reconcile_time_seconds_bucket{controller="inferencepool",le="9"} 16
controller_runtime_reconcile_time_seconds_bucket{controller="inferencepool",le="10"} 16
controller_runtime_reconcile_time_seconds_bucket{controller="inferencepool",le="15"} 16
controller_runtime_reconcile_time_seconds_bucket{controller="inferencepool",le="20"} 16
controller_runtime_reconcile_time_seconds_bucket{controller="inferencepool",le="25"} 16
controller_runtime_reconcile_time_seconds_bucket{controller="inferencepool",le="30"} 16
controller_runtime_reconcile_time_seconds_bucket{controller="inferencepool",le="40"} 16
controller_runtime_reconcile_time_seconds_bucket{controller="inferencepool",le="50"} 16
controller_runtime_reconcile_time_seconds_bucket{controller="inferencepool",le="60"} 16
controller_runtime_reconcile_time_seconds_bucket{controller="inferencepool",le="+Inf"} 16
controller_runtime_reconcile_time_seconds_sum{controller="inferencepool"} 0.004124045999999999
controller_runtime_reconcile_time_seconds_count{controller="inferencepool"} 16
controller_runtime_reconcile_time_seconds_bucket{controller="pod",le="0.005"} 5838
controller_runtime_reconcile_time_seconds_bucket{controller="pod",le="0.01"} 5842
controller_runtime_reconcile_time_seconds_bucket{controller="pod",le="0.025"} 5844
controller_runtime_reconcile_time_seconds_bucket{controller="pod",le="0.05"} 5844
controller_runtime_reconcile_time_seconds_bucket{controller="pod",le="0.1"} 5844
controller_runtime_reconcile_time_seconds_bucket{controller="pod",le="0.15"} 5844
controller_runtime_reconcile_time_seconds_bucket{controller="pod",le="0.2"} 5844
controller_runtime_reconcile_time_seconds_bucket{controller="pod",le="0.25"} 5844
controller_runtime_reconcile_time_seconds_bucket{controller="pod",le="0.3"} 5844
controller_runtime_reconcile_time_seconds_bucket{controller="pod",le="0.35"} 5844
controller_runtime_reconcile_time_seconds_bucket{controller="pod",le="0.4"} 5844
controller_runtime_reconcile_time_seconds_bucket{controller="pod",le="0.45"} 5844
controller_runtime_reconcile_time_seconds_bucket{controller="pod",le="0.5"} 5844
controller_runtime_reconcile_time_seconds_bucket{controller="pod",le="0.6"} 5844
controller_runtime_reconcile_time_seconds_bucket{controller="pod",le="0.7"} 5844
controller_runtime_reconcile_time_seconds_bucket{controller="pod",le="0.8"} 5844
controller_runtime_reconcile_time_seconds_bucket{controller="pod",le="0.9"} 5844
controller_runtime_reconcile_time_seconds_bucket{controller="pod",le="1"} 5844
controller_runtime_reconcile_time_seconds_bucket{controller="pod",le="1.25"} 5844
controller_runtime_reconcile_time_seconds_bucket{controller="pod",le="1.5"} 5844
controller_runtime_reconcile_time_seconds_bucket{controller="pod",le="1.75"} 5844
controller_runtime_reconcile_time_seconds_bucket{controller="pod",le="2"} 5844
controller_runtime_reconcile_time_seconds_bucket{controller="pod",le="2.5"} 5844
controller_runtime_reconcile_time_seconds_bucket{controller="pod",le="3"} 5844
controller_runtime_reconcile_time_seconds_bucket{controller="pod",le="3.5"} 5844
controller_runtime_reconcile_time_seconds_bucket{controller="pod",le="4"} 5844
controller_runtime_reconcile_time_seconds_bucket{controller="pod",le="4.5"} 5844
controller_runtime_reconcile_time_seconds_bucket{controller="pod",le="5"} 5844
controller_runtime_reconcile_time_seconds_bucket{controller="pod",le="6"} 5844
controller_runtime_reconcile_time_seconds_bucket{controller="pod",le="7"} 5844
controller_runtime_reconcile_time_seconds_bucket{controller="pod",le="8"} 5844
controller_runtime_reconcile_time_seconds_bucket{controller="pod",le="9"} 5844
controller_runtime_reconcile_time_seconds_bucket{controller="pod",le="10"} 5844
controller_runtime_reconcile_time_seconds_bucket{controller="pod",le="15"} 5844
controller_runtime_reconcile_time_seconds_bucket{controller="pod",le="20"} 5844
controller_runtime_reconcile_time_seconds_bucket{controller="pod",le="25"} 5844
controller_runtime_reconcile_time_seconds_bucket{controller="pod",le="30"} 5844
controller_runtime_reconcile_time_seconds_bucket{controller="pod",le="40"} 5844
controller_runtime_reconcile_time_seconds_bucket{controller="pod",le="50"} 5844
controller_runtime_reconcile_time_seconds_bucket{controller="pod",le="60"} 5844
controller_runtime_reconcile_time_seconds_bucket{controller="pod",le="+Inf"} 5844
controller_runtime_reconcile_time_seconds_sum{controller="pod"} 1.343403626
controller_runtime_reconcile_time_seconds_count{controller="pod"} 5844
# HELP controller_runtime_reconcile_timeouts_total Total number of reconciliation timeouts per controller
# TYPE controller_runtime_reconcile_timeouts_total counter
controller_runtime_reconcile_timeouts_total{controller="inferencemodelrewrite"} 0
controller_runtime_reconcile_timeouts_total{controller="inferenceobjective"} 0
controller_runtime_reconcile_timeouts_total{controller="inferencepool"} 0
controller_runtime_reconcile_timeouts_total{controller="pod"} 0
# HELP controller_runtime_reconcile_total Total number of reconciliations per controller
# TYPE controller_runtime_reconcile_total counter
controller_runtime_reconcile_total{controller="inferencemodelrewrite",result="error"} 0
controller_runtime_reconcile_total{controller="inferencemodelrewrite",result="requeue"} 0
controller_runtime_reconcile_total{controller="inferencemodelrewrite",result="requeue_after"} 0
controller_runtime_reconcile_total{controller="inferencemodelrewrite",result="success"} 0
controller_runtime_reconcile_total{controller="inferenceobjective",result="error"} 0
controller_runtime_reconcile_total{controller="inferenceobjective",result="requeue"} 0
controller_runtime_reconcile_total{controller="inferenceobjective",result="requeue_after"} 0
controller_runtime_reconcile_total{controller="inferenceobjective",result="success"} 0
controller_runtime_reconcile_total{controller="inferencepool",result="error"} 0
controller_runtime_reconcile_total{controller="inferencepool",result="requeue"} 0
controller_runtime_reconcile_total{controller="inferencepool",result="requeue_after"} 0
controller_runtime_reconcile_total{controller="inferencepool",result="success"} 16
controller_runtime_reconcile_total{controller="pod",result="error"} 0
controller_runtime_reconcile_total{controller="pod",result="requeue"} 0
controller_runtime_reconcile_total{controller="pod",result="requeue_after"} 0
controller_runtime_reconcile_total{controller="pod",result="success"} 5844
# HELP controller_runtime_terminal_reconcile_errors_total Total number of terminal reconciliation errors per controller
# TYPE controller_runtime_terminal_reconcile_errors_total counter
controller_runtime_terminal_reconcile_errors_total{controller="inferencemodelrewrite"} 0
controller_runtime_terminal_reconcile_errors_total{controller="inferenceobjective"} 0
controller_runtime_terminal_reconcile_errors_total{controller="inferencepool"} 0
controller_runtime_terminal_reconcile_errors_total{controller="pod"} 0
# HELP controller_runtime_webhook_panics_total Total number of webhook panics
# TYPE controller_runtime_webhook_panics_total counter
controller_runtime_webhook_panics_total 0
# HELP go_cgo_go_to_c_calls_calls_total Count of calls made from Go to C by the current process. Sourced from /cgo/go-to-c-calls:calls.
# TYPE go_cgo_go_to_c_calls_calls_total counter
go_cgo_go_to_c_calls_calls_total 0
# HELP go_cpu_classes_gc_mark_assist_cpu_seconds_total Estimated total CPU time goroutines spent performing GC tasks to assist the GC and prevent it from falling behind the application. This metric is an overestimate, and not directly comparable to system CPU time measurements. Compare only with other /cpu/classes metrics. Sourced from /cpu/classes/gc/mark/assist:cpu-seconds.
# TYPE go_cpu_classes_gc_mark_assist_cpu_seconds_total counter
go_cpu_classes_gc_mark_assist_cpu_seconds_total 3491.459411729
# HELP go_cpu_classes_gc_mark_dedicated_cpu_seconds_total Estimated total CPU time spent performing GC tasks on processors (as defined by GOMAXPROCS) dedicated to those tasks. This metric is an overestimate, and not directly comparable to system CPU time measurements. Compare only with other /cpu/classes metrics. Sourced from /cpu/classes/gc/mark/dedicated:cpu-seconds.
# TYPE go_cpu_classes_gc_mark_dedicated_cpu_seconds_total counter
go_cpu_classes_gc_mark_dedicated_cpu_seconds_total 61017.787630435
# HELP go_cpu_classes_gc_mark_idle_cpu_seconds_total Estimated total CPU time spent performing GC tasks on spare CPU resources that the Go scheduler could not otherwise find a use for. This should be subtracted from the total GC CPU time to obtain a measure of compulsory GC CPU time. This metric is an overestimate, and not directly comparable to system CPU time measurements. Compare only with other /cpu/classes metrics. Sourced from /cpu/classes/gc/mark/idle:cpu-seconds.
# TYPE go_cpu_classes_gc_mark_idle_cpu_seconds_total counter
go_cpu_classes_gc_mark_idle_cpu_seconds_total 24876.568002356
# HELP go_cpu_classes_gc_pause_cpu_seconds_total Estimated total CPU time spent with the application paused by the GC. Even if only one thread is running during the pause, this is computed as GOMAXPROCS times the pause latency because nothing else can be executing. This is the exact sum of samples in /sched/pauses/total/gc:seconds if each sample is multiplied by GOMAXPROCS at the time it is taken. This metric is an overestimate, and not directly comparable to system CPU time measurements. Compare only with other /cpu/classes metrics. Sourced from /cpu/classes/gc/pause:cpu-seconds.
# TYPE go_cpu_classes_gc_pause_cpu_seconds_total counter
go_cpu_classes_gc_pause_cpu_seconds_total 15011.827875918
# HELP go_cpu_classes_gc_total_cpu_seconds_total Estimated total CPU time spent performing GC tasks. This metric is an overestimate, and not directly comparable to system CPU time measurements. Compare only with other /cpu/classes metrics. Sum of all metrics in /cpu/classes/gc. Sourced from /cpu/classes/gc/total:cpu-seconds.
# TYPE go_cpu_classes_gc_total_cpu_seconds_total counter
go_cpu_classes_gc_total_cpu_seconds_total 104397.642920438
# HELP go_cpu_classes_idle_cpu_seconds_total Estimated total available CPU time not spent executing any Go or Go runtime code. In other words, the part of /cpu/classes/total:cpu-seconds that was unused. This metric is an overestimate, and not directly comparable to system CPU time measurements. Compare only with other /cpu/classes metrics. Sourced from /cpu/classes/idle:cpu-seconds.
# TYPE go_cpu_classes_idle_cpu_seconds_total counter
go_cpu_classes_idle_cpu_seconds_total 1.357709321594222e+08
# HELP go_cpu_classes_scavenge_assist_cpu_seconds_total Estimated total CPU time spent returning unused memory to the underlying platform in response eagerly in response to memory pressure. This metric is an overestimate, and not directly comparable to system CPU time measurements. Compare only with other /cpu/classes metrics. Sourced from /cpu/classes/scavenge/assist:cpu-seconds.
# TYPE go_cpu_classes_scavenge_assist_cpu_seconds_total counter
go_cpu_classes_scavenge_assist_cpu_seconds_total 2.44e-06
# HELP go_cpu_classes_scavenge_background_cpu_seconds_total Estimated total CPU time spent performing background tasks to return unused memory to the underlying platform. This metric is an overestimate, and not directly comparable to system CPU time measurements. Compare only with other /cpu/classes metrics. Sourced from /cpu/classes/scavenge/background:cpu-seconds.
# TYPE go_cpu_classes_scavenge_background_cpu_seconds_total counter
go_cpu_classes_scavenge_background_cpu_seconds_total 28.592909126
# HELP go_cpu_classes_scavenge_total_cpu_seconds_total Estimated total CPU time spent performing tasks that return unused memory to the underlying platform. This metric is an overestimate, and not directly comparable to system CPU time measurements. Compare only with other /cpu/classes metrics. Sum of all metrics in /cpu/classes/scavenge. Sourced from /cpu/classes/scavenge/total:cpu-seconds.
# TYPE go_cpu_classes_scavenge_total_cpu_seconds_total counter
go_cpu_classes_scavenge_total_cpu_seconds_total 28.592911566
# HELP go_cpu_classes_total_cpu_seconds_total Estimated total available CPU time for user Go code or the Go runtime, as defined by GOMAXPROCS. In other words, GOMAXPROCS integrated over the wall-clock duration this process has been executing for. This metric is an overestimate, and not directly comparable to system CPU time measurements. Compare only with other /cpu/classes metrics. Sum of all metrics in /cpu/classes. Sourced from /cpu/classes/total:cpu-seconds.
# TYPE go_cpu_classes_total_cpu_seconds_total counter
go_cpu_classes_total_cpu_seconds_total 1.3603471995501986e+08
# HELP go_cpu_classes_user_cpu_seconds_total Estimated total CPU time spent running user Go code. This may also include some small amount of time spent in the Go runtime. This metric is an overestimate, and not directly comparable to system CPU time measurements. Compare only with other /cpu/classes metrics. Sourced from /cpu/classes/user:cpu-seconds.
# TYPE go_cpu_classes_user_cpu_seconds_total counter
go_cpu_classes_user_cpu_seconds_total 159361.559765692
# HELP go_gc_cycles_automatic_gc_cycles_total Count of completed GC cycles generated by the Go runtime. Sourced from /gc/cycles/automatic:gc-cycles.
# TYPE go_gc_cycles_automatic_gc_cycles_total counter
go_gc_cycles_automatic_gc_cycles_total 363765
# HELP go_gc_cycles_forced_gc_cycles_total Count of completed GC cycles forced by the application. Sourced from /gc/cycles/forced:gc-cycles.
# TYPE go_gc_cycles_forced_gc_cycles_total counter
go_gc_cycles_forced_gc_cycles_total 0
# HELP go_gc_cycles_total_gc_cycles_total Count of all completed GC cycles. Sourced from /gc/cycles/total:gc-cycles.
# TYPE go_gc_cycles_total_gc_cycles_total counter
go_gc_cycles_total_gc_cycles_total 363765
# HELP go_gc_duration_seconds A summary of the wall-time pause (stop-the-world) duration in garbage collection cycles.
# TYPE go_gc_duration_seconds summary
go_gc_duration_seconds{quantile="0"} 0.000236871
go_gc_duration_seconds{quantile="0.25"} 0.000305744
go_gc_duration_seconds{quantile="0.5"} 0.000353522
go_gc_duration_seconds{quantile="0.75"} 0.000489653
go_gc_duration_seconds{quantile="1"} 0.002187986
go_gc_duration_seconds_sum 106.992021157
go_gc_duration_seconds_count 363765
# HELP go_gc_gogc_percent Heap size target percentage configured by the user, otherwise 100. This value is set by the GOGC environment variable, and the runtime/debug.SetGCPercent function. Sourced from /gc/gogc:percent.
# TYPE go_gc_gogc_percent gauge
go_gc_gogc_percent 100
# HELP go_gc_gomemlimit_bytes Go runtime memory limit configured by the user, otherwise math.MaxInt64. This value is set by the GOMEMLIMIT environment variable, and the runtime/debug.SetMemoryLimit function. Sourced from /gc/gomemlimit:bytes.
# TYPE go_gc_gomemlimit_bytes gauge
go_gc_gomemlimit_bytes 9.223372036854776e+18
# HELP go_gc_heap_allocs_by_size_bytes Distribution of heap allocations by approximate size. Bucket counts increase monotonically. Note that this does not include tiny objects as defined by /gc/heap/tiny/allocs:objects, only tiny blocks. Sourced from /gc/heap/allocs-by-size:bytes.
# TYPE go_gc_heap_allocs_by_size_bytes histogram
go_gc_heap_allocs_by_size_bytes_bucket{le="8.999999999999998"} 1.0240243937e+10
go_gc_heap_allocs_by_size_bytes_bucket{le="24.999999999999996"} 1.69122255884e+11
go_gc_heap_allocs_by_size_bytes_bucket{le="64.99999999999999"} 2.17033203701e+11
go_gc_heap_allocs_by_size_bytes_bucket{le="144.99999999999997"} 2.33592148251e+11
go_gc_heap_allocs_by_size_bytes_bucket{le="320.99999999999994"} 2.41004844542e+11
go_gc_heap_allocs_by_size_bytes_bucket{le="704.9999999999999"} 2.41404044807e+11
go_gc_heap_allocs_by_size_bytes_bucket{le="1536.9999999999998"} 2.41858153441e+11
go_gc_heap_allocs_by_size_bytes_bucket{le="3200.9999999999995"} 2.41875229254e+11
go_gc_heap_allocs_by_size_bytes_bucket{le="6528.999999999999"} 2.41906437928e+11
go_gc_heap_allocs_by_size_bytes_bucket{le="13568.999999999998"} 2.41908776008e+11
go_gc_heap_allocs_by_size_bytes_bucket{le="27264.999999999996"} 2.41912296461e+11
go_gc_heap_allocs_by_size_bytes_bucket{le="+Inf"} 2.41922917805e+11
go_gc_heap_allocs_by_size_bytes_sum 1.0281013621432e+13
go_gc_heap_allocs_by_size_bytes_count 2.41922917805e+11
# HELP go_gc_heap_allocs_bytes_total Cumulative sum of memory allocated to the heap by the application. Sourced from /gc/heap/allocs:bytes.
# TYPE go_gc_heap_allocs_bytes_total counter
go_gc_heap_allocs_bytes_total 1.0281013621432e+13
# HELP go_gc_heap_allocs_objects_total Cumulative count of heap allocations triggered by the application. Note that this does not include tiny objects as defined by /gc/heap/tiny/allocs:objects, only tiny blocks. Sourced from /gc/heap/allocs:objects.
# TYPE go_gc_heap_allocs_objects_total counter
go_gc_heap_allocs_objects_total 2.41922917805e+11
# HELP go_gc_heap_frees_by_size_bytes Distribution of freed heap allocations by approximate size. Bucket counts increase monotonically. Note that this does not include tiny objects as defined by /gc/heap/tiny/allocs:objects, only tiny blocks. Sourced from /gc/heap/frees-by-size:bytes.
# TYPE go_gc_heap_frees_by_size_bytes histogram
go_gc_heap_frees_by_size_bytes_bucket{le="8.999999999999998"} 1.0240225636e+10
go_gc_heap_frees_by_size_bytes_bucket{le="24.999999999999996"} 1.69121867357e+11
go_gc_heap_frees_by_size_bytes_bucket{le="64.99999999999999"} 2.170325317e+11
go_gc_heap_frees_by_size_bytes_bucket{le="144.99999999999997"} 2.33591392793e+11
go_gc_heap_frees_by_size_bytes_bucket{le="320.99999999999994"} 2.41004054259e+11
go_gc_heap_frees_by_size_bytes_bucket{le="704.9999999999999"} 2.41403182978e+11
go_gc_heap_frees_by_size_bytes_bucket{le="1536.9999999999998"} 2.41857285767e+11
go_gc_heap_frees_by_size_bytes_bucket{le="3200.9999999999995"} 2.41874360747e+11
go_gc_heap_frees_by_size_bytes_bucket{le="6528.999999999999"} 2.41905569186e+11
go_gc_heap_frees_by_size_bytes_bucket{le="13568.999999999998"} 2.41907906954e+11
go_gc_heap_frees_by_size_bytes_bucket{le="27264.999999999996"} 2.41911426339e+11
go_gc_heap_frees_by_size_bytes_bucket{le="+Inf"} 2.41922046765e+11
go_gc_heap_frees_by_size_bytes_sum 1.0280877351264e+13
go_gc_heap_frees_by_size_bytes_count 2.41922046765e+11
# HELP go_gc_heap_frees_bytes_total Cumulative sum of heap memory freed by the garbage collector. Sourced from /gc/heap/frees:bytes.
# TYPE go_gc_heap_frees_bytes_total counter
go_gc_heap_frees_bytes_total 1.0280877351264e+13
# HELP go_gc_heap_frees_objects_total Cumulative count of heap allocations whose storage was freed by the garbage collector. Note that this does not include tiny objects as defined by /gc/heap/tiny/allocs:objects, only tiny blocks. Sourced from /gc/heap/frees:objects.
# TYPE go_gc_heap_frees_objects_total counter
go_gc_heap_frees_objects_total 2.41922046765e+11
# HELP go_gc_heap_goal_bytes Heap size target for the end of the GC cycle. Sourced from /gc/heap/goal:bytes.
# TYPE go_gc_heap_goal_bytes gauge
go_gc_heap_goal_bytes 2.20111802e+08
# HELP go_gc_heap_live_bytes Heap memory occupied by live objects that were marked by the previous GC. Sourced from /gc/heap/live:bytes.
# TYPE go_gc_heap_live_bytes gauge
go_gc_heap_live_bytes 1.08909984e+08
# HELP go_gc_heap_objects_objects Number of objects, live or unswept, occupying heap memory. Sourced from /gc/heap/objects:objects.
# TYPE go_gc_heap_objects_objects gauge
go_gc_heap_objects_objects 871040
# HELP go_gc_heap_tiny_allocs_objects_total Count of small allocations that are packed together into blocks. These allocations are counted separately from other allocations because each individual allocation is not tracked by the runtime, only their block. Each block is already accounted for in allocs-by-size and frees-by-size. Sourced from /gc/heap/tiny/allocs:objects.
# TYPE go_gc_heap_tiny_allocs_objects_total counter
go_gc_heap_tiny_allocs_objects_total 2.2682682843e+10
# HELP go_gc_limiter_last_enabled_gc_cycle GC cycle the last time the GC CPU limiter was enabled. This metric is useful for diagnosing the root cause of an out-of-memory error, because the limiter trades memory for CPU time when the GC's CPU time gets too high. This is most likely to occur with use of SetMemoryLimit. The first GC cycle is cycle 1, so a value of 0 indicates that it was never enabled. Sourced from /gc/limiter/last-enabled:gc-cycle.
# TYPE go_gc_limiter_last_enabled_gc_cycle gauge
go_gc_limiter_last_enabled_gc_cycle 361879
# HELP go_gc_pauses_seconds Deprecated. Prefer the identical /sched/pauses/total/gc:seconds. Sourced from /gc/pauses:seconds.
# TYPE go_gc_pauses_seconds histogram
go_gc_pauses_seconds_bucket{le="6.399999999999999e-08"} 0
go_gc_pauses_seconds_bucket{le="6.399999999999999e-07"} 0
go_gc_pauses_seconds_bucket{le="7.167999999999999e-06"} 0
go_gc_pauses_seconds_bucket{le="8.191999999999999e-05"} 567
go_gc_pauses_seconds_bucket{le="0.0009175039999999999"} 726127
go_gc_pauses_seconds_bucket{le="0.010485759999999998"} 727513
go_gc_pauses_seconds_bucket{le="0.11744051199999998"} 727530
go_gc_pauses_seconds_bucket{le="+Inf"} 727530
go_gc_pauses_seconds_sum 60.89185792
go_gc_pauses_seconds_count 727530
# HELP go_gc_scan_globals_bytes The total amount of global variable space that is scannable. Sourced from /gc/scan/globals:bytes.
# TYPE go_gc_scan_globals_bytes gauge
go_gc_scan_globals_bytes 559130
# HELP go_gc_scan_heap_bytes The total amount of heap space that is scannable. Sourced from /gc/scan/heap:bytes.
# TYPE go_gc_scan_heap_bytes gauge
go_gc_scan_heap_bytes 6.7667208e+07
# HELP go_gc_scan_stack_bytes The number of bytes of stack that were scanned last GC cycle. Sourced from /gc/scan/stack:bytes.
# TYPE go_gc_scan_stack_bytes gauge
go_gc_scan_stack_bytes 1.732704e+06
# HELP go_gc_scan_total_bytes The total amount space that is scannable. Sum of all metrics in /gc/scan. Sourced from /gc/scan/total:bytes.
# TYPE go_gc_scan_total_bytes gauge
go_gc_scan_total_bytes 6.9959042e+07
# HELP go_gc_stack_starting_size_bytes The stack size of new goroutines. Sourced from /gc/stack/starting-size:bytes.
# TYPE go_gc_stack_starting_size_bytes gauge
go_gc_stack_starting_size_bytes 4096
# HELP go_godebug_non_default_behavior_allowmultiplevcs_events_total The number of non-default behaviors executed by the cmd/go package due to a non-default GODEBUG=allowmultiplevcs=... setting. Sourced from /godebug/non-default-behavior/allowmultiplevcs:events.
# TYPE go_godebug_non_default_behavior_allowmultiplevcs_events_total counter
go_godebug_non_default_behavior_allowmultiplevcs_events_total 0
# HELP go_godebug_non_default_behavior_asynctimerchan_events_total The number of non-default behaviors executed by the time package due to a non-default GODEBUG=asynctimerchan=... setting. Sourced from /godebug/non-default-behavior/asynctimerchan:events.
# TYPE go_godebug_non_default_behavior_asynctimerchan_events_total counter
go_godebug_non_default_behavior_asynctimerchan_events_total 0
# HELP go_godebug_non_default_behavior_containermaxprocs_events_total The number of non-default behaviors executed by the runtime package due to a non-default GODEBUG=containermaxprocs=... setting. Sourced from /godebug/non-default-behavior/containermaxprocs:events.
# TYPE go_godebug_non_default_behavior_containermaxprocs_events_total counter
go_godebug_non_default_behavior_containermaxprocs_events_total 0
# HELP go_godebug_non_default_behavior_embedfollowsymlinks_events_total The number of non-default behaviors executed by the cmd/go package due to a non-default GODEBUG=embedfollowsymlinks=... setting. Sourced from /godebug/non-default-behavior/embedfollowsymlinks:events.
# TYPE go_godebug_non_default_behavior_embedfollowsymlinks_events_total counter
go_godebug_non_default_behavior_embedfollowsymlinks_events_total 0
# HELP go_godebug_non_default_behavior_execerrdot_events_total The number of non-default behaviors executed by the os/exec package due to a non-default GODEBUG=execerrdot=... setting. Sourced from /godebug/non-default-behavior/execerrdot:events.
# TYPE go_godebug_non_default_behavior_execerrdot_events_total counter
go_godebug_non_default_behavior_execerrdot_events_total 0
# HELP go_godebug_non_default_behavior_gocachehash_events_total The number of non-default behaviors executed by the cmd/go package due to a non-default GODEBUG=gocachehash=... setting. Sourced from /godebug/non-default-behavior/gocachehash:events.
# TYPE go_godebug_non_default_behavior_gocachehash_events_total counter
go_godebug_non_default_behavior_gocachehash_events_total 0
# HELP go_godebug_non_default_behavior_gocachetest_events_total The number of non-default behaviors executed by the cmd/go package due to a non-default GODEBUG=gocachetest=... setting. Sourced from /godebug/non-default-behavior/gocachetest:events.
# TYPE go_godebug_non_default_behavior_gocachetest_events_total counter
go_godebug_non_default_behavior_gocachetest_events_total 0
# HELP go_godebug_non_default_behavior_gocacheverify_events_total The number of non-default behaviors executed by the cmd/go package due to a non-default GODEBUG=gocacheverify=... setting. Sourced from /godebug/non-default-behavior/gocacheverify:events.
# TYPE go_godebug_non_default_behavior_gocacheverify_events_total counter
go_godebug_non_default_behavior_gocacheverify_events_total 0
# HELP go_godebug_non_default_behavior_gotestjsonbuildtext_events_total The number of non-default behaviors executed by the cmd/go package due to a non-default GODEBUG=gotestjsonbuildtext=... setting. Sourced from /godebug/non-default-behavior/gotestjsonbuildtext:events.
# TYPE go_godebug_non_default_behavior_gotestjsonbuildtext_events_total counter
go_godebug_non_default_behavior_gotestjsonbuildtext_events_total 0
# HELP go_godebug_non_default_behavior_gotypesalias_events_total The number of non-default behaviors executed by the go/types package due to a non-default GODEBUG=gotypesalias=... setting. Sourced from /godebug/non-default-behavior/gotypesalias:events.
# TYPE go_godebug_non_default_behavior_gotypesalias_events_total counter
go_godebug_non_default_behavior_gotypesalias_events_total 0
# HELP go_godebug_non_default_behavior_htmlmetacontenturlescape_events_total The number of non-default behaviors executed by the html/template package due to a non-default GODEBUG=htmlmetacontenturlescape=... setting. Sourced from /godebug/non-default-behavior/htmlmetacontenturlescape:events.
# TYPE go_godebug_non_default_behavior_htmlmetacontenturlescape_events_total counter
go_godebug_non_default_behavior_htmlmetacontenturlescape_events_total 0
# HELP go_godebug_non_default_behavior_http2client_events_total The number of non-default behaviors executed by the net/http package due to a non-default GODEBUG=http2client=... setting. Sourced from /godebug/non-default-behavior/http2client:events.
# TYPE go_godebug_non_default_behavior_http2client_events_total counter
go_godebug_non_default_behavior_http2client_events_total 0
# HELP go_godebug_non_default_behavior_http2server_events_total The number of non-default behaviors executed by the net/http package due to a non-default GODEBUG=http2server=... setting. Sourced from /godebug/non-default-behavior/http2server:events.
# TYPE go_godebug_non_default_behavior_http2server_events_total counter
go_godebug_non_default_behavior_http2server_events_total 0
# HELP go_godebug_non_default_behavior_httpcookiemaxnum_events_total The number of non-default behaviors executed by the net/http package due to a non-default GODEBUG=httpcookiemaxnum=... setting. Sourced from /godebug/non-default-behavior/httpcookiemaxnum:events.
# TYPE go_godebug_non_default_behavior_httpcookiemaxnum_events_total counter
go_godebug_non_default_behavior_httpcookiemaxnum_events_total 0
# HELP go_godebug_non_default_behavior_httplaxcontentlength_events_total The number of non-default behaviors executed by the net/http package due to a non-default GODEBUG=httplaxcontentlength=... setting. Sourced from /godebug/non-default-behavior/httplaxcontentlength:events.
# TYPE go_godebug_non_default_behavior_httplaxcontentlength_events_total counter
go_godebug_non_default_behavior_httplaxcontentlength_events_total 0
# HELP go_godebug_non_default_behavior_httpmuxgo121_events_total The number of non-default behaviors executed by the net/http package due to a non-default GODEBUG=httpmuxgo121=... setting. Sourced from /godebug/non-default-behavior/httpmuxgo121:events.
# TYPE go_godebug_non_default_behavior_httpmuxgo121_events_total counter
go_godebug_non_default_behavior_httpmuxgo121_events_total 0
# HELP go_godebug_non_default_behavior_httpservecontentkeepheaders_events_total The number of non-default behaviors executed by the net/http package due to a non-default GODEBUG=httpservecontentkeepheaders=... setting. Sourced from /godebug/non-default-behavior/httpservecontentkeepheaders:events.
# TYPE go_godebug_non_default_behavior_httpservecontentkeepheaders_events_total counter
go_godebug_non_default_behavior_httpservecontentkeepheaders_events_total 0
# HELP go_godebug_non_default_behavior_installgoroot_events_total The number of non-default behaviors executed by the go/build package due to a non-default GODEBUG=installgoroot=... setting. Sourced from /godebug/non-default-behavior/installgoroot:events.
# TYPE go_godebug_non_default_behavior_installgoroot_events_total counter
go_godebug_non_default_behavior_installgoroot_events_total 0
# HELP go_godebug_non_default_behavior_multipartmaxheaders_events_total The number of non-default behaviors executed by the mime/multipart package due to a non-default GODEBUG=multipartmaxheaders=... setting. Sourced from /godebug/non-default-behavior/multipartmaxheaders:events.
# TYPE go_godebug_non_default_behavior_multipartmaxheaders_events_total counter
go_godebug_non_default_behavior_multipartmaxheaders_events_total 0
# HELP go_godebug_non_default_behavior_multipartmaxparts_events_total The number of non-default behaviors executed by the mime/multipart package due to a non-default GODEBUG=multipartmaxparts=... setting. Sourced from /godebug/non-default-behavior/multipartmaxparts:events.
# TYPE go_godebug_non_default_behavior_multipartmaxparts_events_total counter
go_godebug_non_default_behavior_multipartmaxparts_events_total 0
# HELP go_godebug_non_default_behavior_multipathtcp_events_total The number of non-default behaviors executed by the net package due to a non-default GODEBUG=multipathtcp=... setting. Sourced from /godebug/non-default-behavior/multipathtcp:events.
# TYPE go_godebug_non_default_behavior_multipathtcp_events_total counter
go_godebug_non_default_behavior_multipathtcp_events_total 0
# HELP go_godebug_non_default_behavior_netedns0_events_total The number of non-default behaviors executed by the net package due to a non-default GODEBUG=netedns0=... setting. Sourced from /godebug/non-default-behavior/netedns0:events.
# TYPE go_godebug_non_default_behavior_netedns0_events_total counter
go_godebug_non_default_behavior_netedns0_events_total 0
# HELP go_godebug_non_default_behavior_panicnil_events_total The number of non-default behaviors executed by the runtime package due to a non-default GODEBUG=panicnil=... setting. Sourced from /godebug/non-default-behavior/panicnil:events.
# TYPE go_godebug_non_default_behavior_panicnil_events_total counter
go_godebug_non_default_behavior_panicnil_events_total 0
# HELP go_godebug_non_default_behavior_randautoseed_events_total The number of non-default behaviors executed by the math/rand package due to a non-default GODEBUG=randautoseed=... setting. Sourced from /godebug/non-default-behavior/randautoseed:events.
# TYPE go_godebug_non_default_behavior_randautoseed_events_total counter
go_godebug_non_default_behavior_randautoseed_events_total 0
# HELP go_godebug_non_default_behavior_randseednop_events_total The number of non-default behaviors executed by the math/rand package due to a non-default GODEBUG=randseednop=... setting. Sourced from /godebug/non-default-behavior/randseednop:events.
# TYPE go_godebug_non_default_behavior_randseednop_events_total counter
go_godebug_non_default_behavior_randseednop_events_total 0
# HELP go_godebug_non_default_behavior_rsa1024min_events_total The number of non-default behaviors executed by the crypto/rsa package due to a non-default GODEBUG=rsa1024min=... setting. Sourced from /godebug/non-default-behavior/rsa1024min:events.
# TYPE go_godebug_non_default_behavior_rsa1024min_events_total counter
go_godebug_non_default_behavior_rsa1024min_events_total 0
# HELP go_godebug_non_default_behavior_tarinsecurepath_events_total The number of non-default behaviors executed by the archive/tar package due to a non-default GODEBUG=tarinsecurepath=... setting. Sourced from /godebug/non-default-behavior/tarinsecurepath:events.
# TYPE go_godebug_non_default_behavior_tarinsecurepath_events_total counter
go_godebug_non_default_behavior_tarinsecurepath_events_total 0
# HELP go_godebug_non_default_behavior_tls10server_events_total The number of non-default behaviors executed by the crypto/tls package due to a non-default GODEBUG=tls10server=... setting. Sourced from /godebug/non-default-behavior/tls10server:events.
# TYPE go_godebug_non_default_behavior_tls10server_events_total counter
go_godebug_non_default_behavior_tls10server_events_total 0
# HELP go_godebug_non_default_behavior_tls3des_events_total The number of non-default behaviors executed by the crypto/tls package due to a non-default GODEBUG=tls3des=... setting. Sourced from /godebug/non-default-behavior/tls3des:events.
# TYPE go_godebug_non_default_behavior_tls3des_events_total counter
go_godebug_non_default_behavior_tls3des_events_total 0
# HELP go_godebug_non_default_behavior_tlsmaxrsasize_events_total The number of non-default behaviors executed by the crypto/tls package due to a non-default GODEBUG=tlsmaxrsasize=... setting. Sourced from /godebug/non-default-behavior/tlsmaxrsasize:events.
# TYPE go_godebug_non_default_behavior_tlsmaxrsasize_events_total counter
go_godebug_non_default_behavior_tlsmaxrsasize_events_total 0
# HELP go_godebug_non_default_behavior_tlsrsakex_events_total The number of non-default behaviors executed by the crypto/tls package due to a non-default GODEBUG=tlsrsakex=... setting. Sourced from /godebug/non-default-behavior/tlsrsakex:events.
# TYPE go_godebug_non_default_behavior_tlsrsakex_events_total counter
go_godebug_non_default_behavior_tlsrsakex_events_total 0
# HELP go_godebug_non_default_behavior_tlssha1_events_total The number of non-default behaviors executed by the crypto/tls package due to a non-default GODEBUG=tlssha1=... setting. Sourced from /godebug/non-default-behavior/tlssha1:events.
# TYPE go_godebug_non_default_behavior_tlssha1_events_total counter
go_godebug_non_default_behavior_tlssha1_events_total 0
# HELP go_godebug_non_default_behavior_tlsunsafeekm_events_total The number of non-default behaviors executed by the crypto/tls package due to a non-default GODEBUG=tlsunsafeekm=... setting. Sourced from /godebug/non-default-behavior/tlsunsafeekm:events.
# TYPE go_godebug_non_default_behavior_tlsunsafeekm_events_total counter
go_godebug_non_default_behavior_tlsunsafeekm_events_total 0
# HELP go_godebug_non_default_behavior_updatemaxprocs_events_total The number of non-default behaviors executed by the runtime package due to a non-default GODEBUG=updatemaxprocs=... setting. Sourced from /godebug/non-default-behavior/updatemaxprocs:events.
# TYPE go_godebug_non_default_behavior_updatemaxprocs_events_total counter
go_godebug_non_default_behavior_updatemaxprocs_events_total 0
# HELP go_godebug_non_default_behavior_urlmaxqueryparams_events_total The number of non-default behaviors executed by the net/url package due to a non-default GODEBUG=urlmaxqueryparams=... setting. Sourced from /godebug/non-default-behavior/urlmaxqueryparams:events.
# TYPE go_godebug_non_default_behavior_urlmaxqueryparams_events_total counter
go_godebug_non_default_behavior_urlmaxqueryparams_events_total 0
# HELP go_godebug_non_default_behavior_winreadlinkvolume_events_total The number of non-default behaviors executed by the os package due to a non-default GODEBUG=winreadlinkvolume=... setting. Sourced from /godebug/non-default-behavior/winreadlinkvolume:events.
# TYPE go_godebug_non_default_behavior_winreadlinkvolume_events_total counter
go_godebug_non_default_behavior_winreadlinkvolume_events_total 0
# HELP go_godebug_non_default_behavior_winsymlink_events_total The number of non-default behaviors executed by the os package due to a non-default GODEBUG=winsymlink=... setting. Sourced from /godebug/non-default-behavior/winsymlink:events.
# TYPE go_godebug_non_default_behavior_winsymlink_events_total counter
go_godebug_non_default_behavior_winsymlink_events_total 0
# HELP go_godebug_non_default_behavior_x509keypairleaf_events_total The number of non-default behaviors executed by the crypto/tls package due to a non-default GODEBUG=x509keypairleaf=... setting. Sourced from /godebug/non-default-behavior/x509keypairleaf:events.
# TYPE go_godebug_non_default_behavior_x509keypairleaf_events_total counter
go_godebug_non_default_behavior_x509keypairleaf_events_total 0
# HELP go_godebug_non_default_behavior_x509negativeserial_events_total The number of non-default behaviors executed by the crypto/x509 package due to a non-default GODEBUG=x509negativeserial=... setting. Sourced from /godebug/non-default-behavior/x509negativeserial:events.
# TYPE go_godebug_non_default_behavior_x509negativeserial_events_total counter
go_godebug_non_default_behavior_x509negativeserial_events_total 0
# HELP go_godebug_non_default_behavior_x509rsacrt_events_total The number of non-default behaviors executed by the crypto/x509 package due to a non-default GODEBUG=x509rsacrt=... setting. Sourced from /godebug/non-default-behavior/x509rsacrt:events.
# TYPE go_godebug_non_default_behavior_x509rsacrt_events_total counter
go_godebug_non_default_behavior_x509rsacrt_events_total 0
# HELP go_godebug_non_default_behavior_x509sha256skid_events_total The number of non-default behaviors executed by the crypto/x509 package due to a non-default GODEBUG=x509sha256skid=... setting. Sourced from /godebug/non-default-behavior/x509sha256skid:events.
# TYPE go_godebug_non_default_behavior_x509sha256skid_events_total counter
go_godebug_non_default_behavior_x509sha256skid_events_total 0
# HELP go_godebug_non_default_behavior_x509usefallbackroots_events_total The number of non-default behaviors executed by the crypto/x509 package due to a non-default GODEBUG=x509usefallbackroots=... setting. Sourced from /godebug/non-default-behavior/x509usefallbackroots:events.
# TYPE go_godebug_non_default_behavior_x509usefallbackroots_events_total counter
go_godebug_non_default_behavior_x509usefallbackroots_events_total 0
# HELP go_godebug_non_default_behavior_x509usepolicies_events_total The number of non-default behaviors executed by the crypto/x509 package due to a non-default GODEBUG=x509usepolicies=... setting. Sourced from /godebug/non-default-behavior/x509usepolicies:events.
# TYPE go_godebug_non_default_behavior_x509usepolicies_events_total counter
go_godebug_non_default_behavior_x509usepolicies_events_total 0
# HELP go_godebug_non_default_behavior_zipinsecurepath_events_total The number of non-default behaviors executed by the archive/zip package due to a non-default GODEBUG=zipinsecurepath=... setting. Sourced from /godebug/non-default-behavior/zipinsecurepath:events.
# TYPE go_godebug_non_default_behavior_zipinsecurepath_events_total counter
go_godebug_non_default_behavior_zipinsecurepath_events_total 0
# HELP go_goroutines Number of goroutines that currently exist.
# TYPE go_goroutines gauge
go_goroutines 1087
# HELP go_info Information about the Go environment.
# TYPE go_info gauge
go_info{version="go1.25.11"} 1
# HELP go_memory_classes_heap_free_bytes Memory that is completely free and eligible to be returned to the underlying system, but has not been. This metric is the runtime's estimate of free address space that is backed by physical memory. Sourced from /memory/classes/heap/free:bytes.
# TYPE go_memory_classes_heap_free_bytes gauge
go_memory_classes_heap_free_bytes 4.849664e+07
# HELP go_memory_classes_heap_objects_bytes Memory occupied by live objects and dead objects that have not yet been marked free by the garbage collector. Sourced from /memory/classes/heap/objects:bytes.
# TYPE go_memory_classes_heap_objects_bytes gauge
go_memory_classes_heap_objects_bytes 1.36270168e+08
# HELP go_memory_classes_heap_released_bytes Memory that is completely free and has been returned to the underlying system. This metric is the runtime's estimate of free address space that is still mapped into the process, but is not backed by physical memory. Sourced from /memory/classes/heap/released:bytes.
# TYPE go_memory_classes_heap_released_bytes gauge
go_memory_classes_heap_released_bytes 6.11909632e+08
# HELP go_memory_classes_heap_stacks_bytes Memory allocated from the heap that is reserved for stack space, whether or not it is currently in-use. Currently, this represents all stack memory for goroutines. It also includes all OS thread stacks in non-cgo programs. Note that stacks may be allocated differently in the future, and this may change. Sourced from /memory/classes/heap/stacks:bytes.
# TYPE go_memory_classes_heap_stacks_bytes gauge
go_memory_classes_heap_stacks_bytes 3.0769152e+07
# HELP go_memory_classes_heap_unused_bytes Memory that is reserved for heap objects but is not currently used to hold heap objects. Sourced from /memory/classes/heap/unused:bytes.
# TYPE go_memory_classes_heap_unused_bytes gauge
go_memory_classes_heap_unused_bytes 5.3358248e+07
# HELP go_memory_classes_metadata_mcache_free_bytes Memory that is reserved for runtime mcache structures, but not in-use. Sourced from /memory/classes/metadata/mcache/free:bytes.
# TYPE go_memory_classes_metadata_mcache_free_bytes gauge
go_memory_classes_metadata_mcache_free_bytes 12080
# HELP go_memory_classes_metadata_mcache_inuse_bytes Memory that is occupied by runtime mcache structures that are currently being used. Sourced from /memory/classes/metadata/mcache/inuse:bytes.
# TYPE go_memory_classes_metadata_mcache_inuse_bytes gauge
go_memory_classes_metadata_mcache_inuse_bytes 270592
# HELP go_memory_classes_metadata_mspan_free_bytes Memory that is reserved for runtime mspan structures, but not in-use. Sourced from /memory/classes/metadata/mspan/free:bytes.
# TYPE go_memory_classes_metadata_mspan_free_bytes gauge
go_memory_classes_metadata_mspan_free_bytes 7.05712e+06
# HELP go_memory_classes_metadata_mspan_inuse_bytes Memory that is occupied by runtime mspan structures that are currently being used. Sourced from /memory/classes/metadata/mspan/inuse:bytes.
# TYPE go_memory_classes_metadata_mspan_inuse_bytes gauge
go_memory_classes_metadata_mspan_inuse_bytes 4.08944e+06
# HELP go_memory_classes_metadata_other_bytes Memory that is reserved for or used to hold runtime metadata. Sourced from /memory/classes/metadata/other:bytes.
# TYPE go_memory_classes_metadata_other_bytes gauge
go_memory_classes_metadata_other_bytes 1.164848e+07
# HELP go_memory_classes_os_stacks_bytes Stack memory allocated by the underlying operating system. In non-cgo programs this metric is currently zero. This may change in the future.In cgo programs this metric includes OS thread stacks allocated directly from the OS. Currently, this only accounts for one stack in c-shared and c-archive build modes, and other sources of stacks from the OS are not measured. This too may change in the future. Sourced from /memory/classes/os-stacks:bytes.
# TYPE go_memory_classes_os_stacks_bytes gauge
go_memory_classes_os_stacks_bytes 0
# HELP go_memory_classes_other_bytes Memory used by execution trace buffers, structures for debugging the runtime, finalizer and profiler specials, and more. Sourced from /memory/classes/other:bytes.
# TYPE go_memory_classes_other_bytes gauge
go_memory_classes_other_bytes 4.6108452e+07
# HELP go_memory_classes_profiling_buckets_bytes Memory that is used by the stack trace hash map used for profiling. Sourced from /memory/classes/profiling/buckets:bytes.
# TYPE go_memory_classes_profiling_buckets_bytes gauge
go_memory_classes_profiling_buckets_bytes 4.578148e+06
# HELP go_memory_classes_total_bytes All memory mapped by the Go runtime into the current process as read-write. Note that this does not include memory mapped by code called via cgo or via the syscall package. Sum of all metrics in /memory/classes. Sourced from /memory/classes/total:bytes.
# TYPE go_memory_classes_total_bytes gauge
go_memory_classes_total_bytes 9.54568152e+08
# HELP go_memstats_alloc_bytes Number of bytes allocated in heap and currently in use. Equals to /memory/classes/heap/objects:bytes.
# TYPE go_memstats_alloc_bytes gauge
go_memstats_alloc_bytes 1.36270168e+08
# HELP go_memstats_alloc_bytes_total Total number of bytes allocated in heap until now, even if released already. Equals to /gc/heap/allocs:bytes.
# TYPE go_memstats_alloc_bytes_total counter
go_memstats_alloc_bytes_total 1.0281013621432e+13
# HELP go_memstats_buck_hash_sys_bytes Number of bytes used by the profiling bucket hash table. Equals to /memory/classes/profiling/buckets:bytes.
# TYPE go_memstats_buck_hash_sys_bytes gauge
go_memstats_buck_hash_sys_bytes 4.578148e+06
# HELP go_memstats_frees_total Total number of heap objects frees. Equals to /gc/heap/frees:objects + /gc/heap/tiny/allocs:objects.
# TYPE go_memstats_frees_total counter
go_memstats_frees_total 2.64604729608e+11
# HELP go_memstats_gc_sys_bytes Number of bytes used for garbage collection system metadata. Equals to /memory/classes/metadata/other:bytes.
# TYPE go_memstats_gc_sys_bytes gauge
go_memstats_gc_sys_bytes 1.164848e+07
# HELP go_memstats_heap_alloc_bytes Number of heap bytes allocated and currently in use, same as go_memstats_alloc_bytes. Equals to /memory/classes/heap/objects:bytes.
# TYPE go_memstats_heap_alloc_bytes gauge
go_memstats_heap_alloc_bytes 1.36270168e+08
# HELP go_memstats_heap_idle_bytes Number of heap bytes waiting to be used. Equals to /memory/classes/heap/released:bytes + /memory/classes/heap/free:bytes.
# TYPE go_memstats_heap_idle_bytes gauge
go_memstats_heap_idle_bytes 6.60406272e+08
# HELP go_memstats_heap_inuse_bytes Number of heap bytes that are in use. Equals to /memory/classes/heap/objects:bytes + /memory/classes/heap/unused:bytes
# TYPE go_memstats_heap_inuse_bytes gauge
go_memstats_heap_inuse_bytes 1.89628416e+08
# HELP go_memstats_heap_objects Number of currently allocated objects. Equals to /gc/heap/objects:objects.
# TYPE go_memstats_heap_objects gauge
go_memstats_heap_objects 871040
# HELP go_memstats_heap_released_bytes Number of heap bytes released to OS. Equals to /memory/classes/heap/released:bytes.
# TYPE go_memstats_heap_released_bytes gauge
go_memstats_heap_released_bytes 6.11909632e+08
# HELP go_memstats_heap_sys_bytes Number of heap bytes obtained from system. Equals to /memory/classes/heap/objects:bytes + /memory/classes/heap/unused:bytes + /memory/classes/heap/released:bytes + /memory/classes/heap/free:bytes.
# TYPE go_memstats_heap_sys_bytes gauge
go_memstats_heap_sys_bytes 8.50034688e+08
# HELP go_memstats_last_gc_time_seconds Number of seconds since 1970 of last garbage collection.
# TYPE go_memstats_last_gc_time_seconds gauge
go_memstats_last_gc_time_seconds 1.7875777011487594e+09
# HELP go_memstats_mallocs_total Total number of heap objects allocated, both live and gc-ed. Semantically a counter version for go_memstats_heap_objects gauge. Equals to /gc/heap/allocs:objects + /gc/heap/tiny/allocs:objects.
# TYPE go_memstats_mallocs_total counter
go_memstats_mallocs_total 2.64605600648e+11
# HELP go_memstats_mcache_inuse_bytes Number of bytes in use by mcache structures. Equals to /memory/classes/metadata/mcache/inuse:bytes.
# TYPE go_memstats_mcache_inuse_bytes gauge
go_memstats_mcache_inuse_bytes 270592
# HELP go_memstats_mcache_sys_bytes Number of bytes used for mcache structures obtained from system. Equals to /memory/classes/metadata/mcache/inuse:bytes + /memory/classes/metadata/mcache/free:bytes.
# TYPE go_memstats_mcache_sys_bytes gauge
go_memstats_mcache_sys_bytes 282672
# HELP go_memstats_mspan_inuse_bytes Number of bytes in use by mspan structures. Equals to /memory/classes/metadata/mspan/inuse:bytes.
# TYPE go_memstats_mspan_inuse_bytes gauge
go_memstats_mspan_inuse_bytes 4.08944e+06
# HELP go_memstats_mspan_sys_bytes Number of bytes used for mspan structures obtained from system. Equals to /memory/classes/metadata/mspan/inuse:bytes + /memory/classes/metadata/mspan/free:bytes.
# TYPE go_memstats_mspan_sys_bytes gauge
go_memstats_mspan_sys_bytes 1.114656e+07
# HELP go_memstats_next_gc_bytes Number of heap bytes when next garbage collection will take place. Equals to /gc/heap/goal:bytes.
# TYPE go_memstats_next_gc_bytes gauge
go_memstats_next_gc_bytes 2.20111802e+08
# HELP go_memstats_other_sys_bytes Number of bytes used for other system allocations. Equals to /memory/classes/other:bytes.
# TYPE go_memstats_other_sys_bytes gauge
go_memstats_other_sys_bytes 4.6108452e+07
# HELP go_memstats_stack_inuse_bytes Number of bytes obtained from system for stack allocator in non-CGO environments. Equals to /memory/classes/heap/stacks:bytes.
# TYPE go_memstats_stack_inuse_bytes gauge
go_memstats_stack_inuse_bytes 3.0769152e+07
# HELP go_memstats_stack_sys_bytes Number of bytes obtained from system for stack allocator. Equals to /memory/classes/heap/stacks:bytes + /memory/classes/os-stacks:bytes.
# TYPE go_memstats_stack_sys_bytes gauge
go_memstats_stack_sys_bytes 3.0769152e+07
# HELP go_memstats_sys_bytes Number of bytes obtained from system. Equals to /memory/classes/total:byte.
# TYPE go_memstats_sys_bytes gauge
go_memstats_sys_bytes 9.54568152e+08
# HELP go_sched_gomaxprocs_threads The current runtime.GOMAXPROCS setting, or the number of operating system threads that can execute user-level Go code simultaneously. Sourced from /sched/gomaxprocs:threads.
# TYPE go_sched_gomaxprocs_threads gauge
go_sched_gomaxprocs_threads 224
# HELP go_sched_goroutines_goroutines Count of live goroutines. Sourced from /sched/goroutines:goroutines.
# TYPE go_sched_goroutines_goroutines gauge
go_sched_goroutines_goroutines 1088
# HELP go_sched_latencies_seconds Distribution of the time goroutines have spent in the scheduler in a runnable state before actually running. Bucket counts increase monotonically. Sourced from /sched/latencies:seconds.
# TYPE go_sched_latencies_seconds histogram
go_sched_latencies_seconds_bucket{le="6.399999999999999e-08"} 2.4982791e+08
go_sched_latencies_seconds_bucket{le="6.399999999999999e-07"} 3.02071197e+08
go_sched_latencies_seconds_bucket{le="7.167999999999999e-06"} 4.89099485e+08
go_sched_latencies_seconds_bucket{le="8.191999999999999e-05"} 5.58837044e+08
go_sched_latencies_seconds_bucket{le="0.0009175039999999999"} 5.66224779e+08
go_sched_latencies_seconds_bucket{le="0.010485759999999998"} 5.67705915e+08
go_sched_latencies_seconds_bucket{le="0.11744051199999998"} 5.67713764e+08
go_sched_latencies_seconds_bucket{le="+Inf"} 5.67713764e+08
go_sched_latencies_seconds_sum 2669.374683584
go_sched_latencies_seconds_count 5.67713764e+08
# HELP go_sched_pauses_stopping_gc_seconds Distribution of individual GC-related stop-the-world stopping latencies. This is the time it takes from deciding to stop the world until all Ps are stopped. This is a subset of the total GC-related stop-the-world time (/sched/pauses/total/gc:seconds). During this time, some threads may be executing. Bucket counts increase monotonically. Sourced from /sched/pauses/stopping/gc:seconds.
# TYPE go_sched_pauses_stopping_gc_seconds histogram
go_sched_pauses_stopping_gc_seconds_bucket{le="6.399999999999999e-08"} 0
go_sched_pauses_stopping_gc_seconds_bucket{le="6.399999999999999e-07"} 0
go_sched_pauses_stopping_gc_seconds_bucket{le="7.167999999999999e-06"} 0
go_sched_pauses_stopping_gc_seconds_bucket{le="8.191999999999999e-05"} 330165
go_sched_pauses_stopping_gc_seconds_bucket{le="0.0009175039999999999"} 726740
go_sched_pauses_stopping_gc_seconds_bucket{le="0.010485759999999998"} 727517
go_sched_pauses_stopping_gc_seconds_bucket{le="0.11744051199999998"} 727530
go_sched_pauses_stopping_gc_seconds_bucket{le="+Inf"} 727530
go_sched_pauses_stopping_gc_seconds_sum 35.703262208
go_sched_pauses_stopping_gc_seconds_count 727530
# HELP go_sched_pauses_stopping_other_seconds Distribution of individual non-GC-related stop-the-world stopping latencies. This is the time it takes from deciding to stop the world until all Ps are stopped. This is a subset of the total non-GC-related stop-the-world time (/sched/pauses/total/other:seconds). During this time, some threads may be executing. Bucket counts increase monotonically. Sourced from /sched/pauses/stopping/other:seconds.
# TYPE go_sched_pauses_stopping_other_seconds histogram
go_sched_pauses_stopping_other_seconds_bucket{le="6.399999999999999e-08"} 0
go_sched_pauses_stopping_other_seconds_bucket{le="6.399999999999999e-07"} 0
go_sched_pauses_stopping_other_seconds_bucket{le="7.167999999999999e-06"} 0
go_sched_pauses_stopping_other_seconds_bucket{le="8.191999999999999e-05"} 0
go_sched_pauses_stopping_other_seconds_bucket{le="0.0009175039999999999"} 0
go_sched_pauses_stopping_other_seconds_bucket{le="0.010485759999999998"} 0
go_sched_pauses_stopping_other_seconds_bucket{le="0.11744051199999998"} 0
go_sched_pauses_stopping_other_seconds_bucket{le="+Inf"} 0
go_sched_pauses_stopping_other_seconds_sum 0
go_sched_pauses_stopping_other_seconds_count 0
# HELP go_sched_pauses_total_gc_seconds Distribution of individual GC-related stop-the-world pause latencies. This is the time from deciding to stop the world until the world is started again. Some of this time is spent getting all threads to stop (this is measured directly in /sched/pauses/stopping/gc:seconds), during which some threads may still be running. Bucket counts increase monotonically. Sourced from /sched/pauses/total/gc:seconds.
# TYPE go_sched_pauses_total_gc_seconds histogram
go_sched_pauses_total_gc_seconds_bucket{le="6.399999999999999e-08"} 0
go_sched_pauses_total_gc_seconds_bucket{le="6.399999999999999e-07"} 0
go_sched_pauses_total_gc_seconds_bucket{le="7.167999999999999e-06"} 0
go_sched_pauses_total_gc_seconds_bucket{le="8.191999999999999e-05"} 567
go_sched_pauses_total_gc_seconds_bucket{le="0.0009175039999999999"} 726127
go_sched_pauses_total_gc_seconds_bucket{le="0.010485759999999998"} 727513
go_sched_pauses_total_gc_seconds_bucket{le="0.11744051199999998"} 727530
go_sched_pauses_total_gc_seconds_bucket{le="+Inf"} 727530
go_sched_pauses_total_gc_seconds_sum 60.89185792
go_sched_pauses_total_gc_seconds_count 727530
# HELP go_sched_pauses_total_other_seconds Distribution of individual non-GC-related stop-the-world pause latencies. This is the time from deciding to stop the world until the world is started again. Some of this time is spent getting all threads to stop (measured directly in /sched/pauses/stopping/other:seconds). Bucket counts increase monotonically. Sourced from /sched/pauses/total/other:seconds.
# TYPE go_sched_pauses_total_other_seconds histogram
go_sched_pauses_total_other_seconds_bucket{le="6.399999999999999e-08"} 0
go_sched_pauses_total_other_seconds_bucket{le="6.399999999999999e-07"} 0
go_sched_pauses_total_other_seconds_bucket{le="7.167999999999999e-06"} 0
go_sched_pauses_total_other_seconds_bucket{le="8.191999999999999e-05"} 0
go_sched_pauses_total_other_seconds_bucket{le="0.0009175039999999999"} 0
go_sched_pauses_total_other_seconds_bucket{le="0.010485759999999998"} 0
go_sched_pauses_total_other_seconds_bucket{le="0.11744051199999998"} 0
go_sched_pauses_total_other_seconds_bucket{le="+Inf"} 0
go_sched_pauses_total_other_seconds_sum 0
go_sched_pauses_total_other_seconds_count 0
# HELP go_sync_mutex_wait_total_seconds_total Approximate cumulative time goroutines have spent blocked on a sync.Mutex, sync.RWMutex, or runtime-internal lock. This metric is useful for identifying global changes in lock contention. Collect a mutex or block profile using the runtime/pprof package for more detailed contention data. Sourced from /sync/mutex/wait/total:seconds.
# TYPE go_sync_mutex_wait_total_seconds_total counter
go_sync_mutex_wait_total_seconds_total 99864.50379464
# HELP go_threads Number of OS threads created.
# TYPE go_threads gauge
go_threads 297
# HELP inference_extension_flow_control_dispatch_cycle_duration_seconds [ALPHA] [Deprecated: Use llm_d_epp_flow_control_dispatch_cycle_duration_seconds] Distribution of time taken for each internal dispatch cycle in the Flow Control layer.
# TYPE inference_extension_flow_control_dispatch_cycle_duration_seconds histogram
inference_extension_flow_control_dispatch_cycle_duration_seconds_bucket{le="0.0001"} 5.66136726e+08
inference_extension_flow_control_dispatch_cycle_duration_seconds_bucket{le="0.0002"} 5.6632407e+08
inference_extension_flow_control_dispatch_cycle_duration_seconds_bucket{le="0.0005"} 5.66430173e+08
inference_extension_flow_control_dispatch_cycle_duration_seconds_bucket{le="0.001"} 5.66450573e+08
inference_extension_flow_control_dispatch_cycle_duration_seconds_bucket{le="0.002"} 5.66458643e+08
inference_extension_flow_control_dispatch_cycle_duration_seconds_bucket{le="0.005"} 5.66465446e+08
inference_extension_flow_control_dispatch_cycle_duration_seconds_bucket{le="0.01"} 5.66466462e+08
inference_extension_flow_control_dispatch_cycle_duration_seconds_bucket{le="0.02"} 5.66466859e+08
inference_extension_flow_control_dispatch_cycle_duration_seconds_bucket{le="0.05"} 5.66467015e+08
inference_extension_flow_control_dispatch_cycle_duration_seconds_bucket{le="0.1"} 5.66467041e+08
inference_extension_flow_control_dispatch_cycle_duration_seconds_bucket{le="+Inf"} 5.66467046e+08
inference_extension_flow_control_dispatch_cycle_duration_seconds_sum 1061.2133048128637
inference_extension_flow_control_dispatch_cycle_duration_seconds_count 5.66467046e+08
# HELP inference_extension_flow_control_pool_saturation [ALPHA] [Deprecated: Use llm_d_epp_flow_control_pool_saturation] Current saturation level of the inference pool (0.0 = empty, 1.0 = fully saturated).
# TYPE inference_extension_flow_control_pool_saturation gauge
inference_extension_flow_control_pool_saturation{inference_pool="qwen-qwe-3db867ce-en3-0-6b-router"} 0.20923132183908047
# HELP inference_extension_flow_control_queue_bytes [ALPHA] [Deprecated: Use llm_d_epp_flow_control_queue_bytes] Current total size in bytes of requests actively held in the Flow Control queue.
# TYPE inference_extension_flow_control_queue_bytes gauge
inference_extension_flow_control_queue_bytes{fairness_id="default-flow",inference_pool="qwen-qwe-3db867ce-en3-0-6b-router",model_name="Qwen/Qwen3-0.6B",priority="0",target_model_name="Qwen/Qwen3-0.6B"} 0
# HELP inference_extension_flow_control_queue_size [ALPHA] [Deprecated: Use llm_d_epp_flow_control_queue_size] Current number of requests actively held in the Flow Control queue.
# TYPE inference_extension_flow_control_queue_size gauge
inference_extension_flow_control_queue_size{fairness_id="default-flow",inference_pool="qwen-qwe-3db867ce-en3-0-6b-router",model_name="Qwen/Qwen3-0.6B",priority="0",target_model_name="Qwen/Qwen3-0.6B"} 0
# HELP inference_extension_flow_control_request_enqueue_duration_seconds [ALPHA] [Deprecated: Use llm_d_epp_flow_control_request_enqueue_duration_seconds] Distribution of time taken to enqueue requests into the Flow Control layer.
# TYPE inference_extension_flow_control_request_enqueue_duration_seconds histogram
inference_extension_flow_control_request_enqueue_duration_seconds_bucket{fairness_id="default-flow",outcome="NotYetFinalized",priority="0",le="0.0001"} 244721
inference_extension_flow_control_request_enqueue_duration_seconds_bucket{fairness_id="default-flow",outcome="NotYetFinalized",priority="0",le="0.0002"} 245123
inference_extension_flow_control_request_enqueue_duration_seconds_bucket{fairness_id="default-flow",outcome="NotYetFinalized",priority="0",le="0.0005"} 245218
inference_extension_flow_control_request_enqueue_duration_seconds_bucket{fairness_id="default-flow",outcome="NotYetFinalized",priority="0",le="0.001"} 245240
inference_extension_flow_control_request_enqueue_duration_seconds_bucket{fairness_id="default-flow",outcome="NotYetFinalized",priority="0",le="0.002"} 245264
inference_extension_flow_control_request_enqueue_duration_seconds_bucket{fairness_id="default-flow",outcome="NotYetFinalized",priority="0",le="0.005"} 245276
inference_extension_flow_control_request_enqueue_duration_seconds_bucket{fairness_id="default-flow",outcome="NotYetFinalized",priority="0",le="0.01"} 245277
inference_extension_flow_control_request_enqueue_duration_seconds_bucket{fairness_id="default-flow",outcome="NotYetFinalized",priority="0",le="0.02"} 245277
inference_extension_flow_control_request_enqueue_duration_seconds_bucket{fairness_id="default-flow",outcome="NotYetFinalized",priority="0",le="0.05"} 245277
inference_extension_flow_control_request_enqueue_duration_seconds_bucket{fairness_id="default-flow",outcome="NotYetFinalized",priority="0",le="0.1"} 245277
inference_extension_flow_control_request_enqueue_duration_seconds_bucket{fairness_id="default-flow",outcome="NotYetFinalized",priority="0",le="+Inf"} 245277
inference_extension_flow_control_request_enqueue_duration_seconds_sum{fairness_id="default-flow",outcome="NotYetFinalized",priority="0"} 1.8017197590000347
inference_extension_flow_control_request_enqueue_duration_seconds_count{fairness_id="default-flow",outcome="NotYetFinalized",priority="0"} 245277
# HELP inference_extension_flow_control_request_queue_duration_seconds [ALPHA] [Deprecated: Use llm_d_epp_flow_control_request_queue_duration_seconds] Distribution of total time requests spend in the Flow Control layer (from enqueue to final outcome).
# TYPE inference_extension_flow_control_request_queue_duration_seconds histogram
inference_extension_flow_control_request_queue_duration_seconds_bucket{fairness_id="default-flow",inference_pool="qwen-qwe-3db867ce-en3-0-6b-router",model_name="Qwen/Qwen3-0.6B",outcome="Dispatched",priority="0",target_model_name="Qwen/Qwen3-0.6B",le="0.0001"} 200898
inference_extension_flow_control_request_queue_duration_seconds_bucket{fairness_id="default-flow",inference_pool="qwen-qwe-3db867ce-en3-0-6b-router",model_name="Qwen/Qwen3-0.6B",outcome="Dispatched",priority="0",target_model_name="Qwen/Qwen3-0.6B",le="0.0005"} 204107
inference_extension_flow_control_request_queue_duration_seconds_bucket{fairness_id="default-flow",inference_pool="qwen-qwe-3db867ce-en3-0-6b-router",model_name="Qwen/Qwen3-0.6B",outcome="Dispatched",priority="0",target_model_name="Qwen/Qwen3-0.6B",le="0.001"} 204457
inference_extension_flow_control_request_queue_duration_seconds_bucket{fairness_id="default-flow",inference_pool="qwen-qwe-3db867ce-en3-0-6b-router",model_name="Qwen/Qwen3-0.6B",outcome="Dispatched",priority="0",target_model_name="Qwen/Qwen3-0.6B",le="0.005"} 204740
inference_extension_flow_control_request_queue_duration_seconds_bucket{fairness_id="default-flow",inference_pool="qwen-qwe-3db867ce-en3-0-6b-router",model_name="Qwen/Qwen3-0.6B",outcome="Dispatched",priority="0",target_model_name="Qwen/Qwen3-0.6B",le="0.01"} 204778
inference_extension_flow_control_request_queue_duration_seconds_bucket{fairness_id="default-flow",inference_pool="qwen-qwe-3db867ce-en3-0-6b-router",model_name="Qwen/Qwen3-0.6B",outcome="Dispatched",priority="0",target_model_name="Qwen/Qwen3-0.6B",le="0.025"} 204833
inference_extension_flow_control_request_queue_duration_seconds_bucket{fairness_id="default-flow",inference_pool="qwen-qwe-3db867ce-en3-0-6b-router",model_name="Qwen/Qwen3-0.6B",outcome="Dispatched",priority="0",target_model_name="Qwen/Qwen3-0.6B",le="0.05"} 204922
inference_extension_flow_control_request_queue_duration_seconds_bucket{fairness_id="default-flow",inference_pool="qwen-qwe-3db867ce-en3-0-6b-router",model_name="Qwen/Qwen3-0.6B",outcome="Dispatched",priority="0",target_model_name="Qwen/Qwen3-0.6B",le="0.1"} 205125
inference_extension_flow_control_request_queue_duration_seconds_bucket{fairness_id="default-flow",inference_pool="qwen-qwe-3db867ce-en3-0-6b-router",model_name="Qwen/Qwen3-0.6B",outcome="Dispatched",priority="0",target_model_name="Qwen/Qwen3-0.6B",le="0.25"} 205639
inference_extension_flow_control_request_queue_duration_seconds_bucket{fairness_id="default-flow",inference_pool="qwen-qwe-3db867ce-en3-0-6b-router",model_name="Qwen/Qwen3-0.6B",outcome="Dispatched",priority="0",target_model_name="Qwen/Qwen3-0.6B",le="0.5"} 206300
inference_extension_flow_control_request_queue_duration_seconds_bucket{fairness_id="default-flow",inference_pool="qwen-qwe-3db867ce-en3-0-6b-router",model_name="Qwen/Qwen3-0.6B",outcome="Dispatched",priority="0",target_model_name="Qwen/Qwen3-0.6B",le="1"} 207424
inference_extension_flow_control_request_queue_duration_seconds_bucket{fairness_id="default-flow",inference_pool="qwen-qwe-3db867ce-en3-0-6b-router",model_name="Qwen/Qwen3-0.6B",outcome="Dispatched",priority="0",target_model_name="Qwen/Qwen3-0.6B",le="2.5"} 210166
inference_extension_flow_control_request_queue_duration_seconds_bucket{fairness_id="default-flow",inference_pool="qwen-qwe-3db867ce-en3-0-6b-router",model_name="Qwen/Qwen3-0.6B",outcome="Dispatched",priority="0",target_model_name="Qwen/Qwen3-0.6B",le="5"} 214183
inference_extension_flow_control_request_queue_duration_seconds_bucket{fairness_id="default-flow",inference_pool="qwen-qwe-3db867ce-en3-0-6b-router",model_name="Qwen/Qwen3-0.6B",outcome="Dispatched",priority="0",target_model_name="Qwen/Qwen3-0.6B",le="10"} 219771
inference_extension_flow_control_request_queue_duration_seconds_bucket{fairness_id="default-flow",inference_pool="qwen-qwe-3db867ce-en3-0-6b-router",model_name="Qwen/Qwen3-0.6B",outcome="Dispatched",priority="0",target_model_name="Qwen/Qwen3-0.6B",le="30"} 230715
inference_extension_flow_control_request_queue_duration_seconds_bucket{fairness_id="default-flow",inference_pool="qwen-qwe-3db867ce-en3-0-6b-router",model_name="Qwen/Qwen3-0.6B",outcome="Dispatched",priority="0",target_model_name="Qwen/Qwen3-0.6B",le="60"} 239390
inference_extension_flow_control_request_queue_duration_seconds_bucket{fairness_id="default-flow",inference_pool="qwen-qwe-3db867ce-en3-0-6b-router",model_name="Qwen/Qwen3-0.6B",outcome="Dispatched",priority="0",target_model_name="Qwen/Qwen3-0.6B",le="+Inf"} 244731
inference_extension_flow_control_request_queue_duration_seconds_sum{fairness_id="default-flow",inference_pool="qwen-qwe-3db867ce-en3-0-6b-router",model_name="Qwen/Qwen3-0.6B",outcome="Dispatched",priority="0",target_model_name="Qwen/Qwen3-0.6B"} 1.069321075869414e+06
inference_extension_flow_control_request_queue_duration_seconds_count{fairness_id="default-flow",inference_pool="qwen-qwe-3db867ce-en3-0-6b-router",model_name="Qwen/Qwen3-0.6B",outcome="Dispatched",priority="0",target_model_name="Qwen/Qwen3-0.6B"} 244731
inference_extension_flow_control_request_queue_duration_seconds_bucket{fairness_id="default-flow",inference_pool="qwen-qwe-3db867ce-en3-0-6b-router",model_name="Qwen/Qwen3-0.6B",outcome="EvictedContextCancelled",priority="0",target_model_name="Qwen/Qwen3-0.6B",le="0.0001"} 0
inference_extension_flow_control_request_queue_duration_seconds_bucket{fairness_id="default-flow",inference_pool="qwen-qwe-3db867ce-en3-0-6b-router",model_name="Qwen/Qwen3-0.6B",outcome="EvictedContextCancelled",priority="0",target_model_name="Qwen/Qwen3-0.6B",le="0.0005"} 0
inference_extension_flow_control_request_queue_duration_seconds_bucket{fairness_id="default-flow",inference_pool="qwen-qwe-3db867ce-en3-0-6b-router",model_name="Qwen/Qwen3-0.6B",outcome="EvictedContextCancelled",priority="0",target_model_name="Qwen/Qwen3-0.6B",le="0.001"} 0
inference_extension_flow_control_request_queue_duration_seconds_bucket{fairness_id="default-flow",inference_pool="qwen-qwe-3db867ce-en3-0-6b-router",model_name="Qwen/Qwen3-0.6B",outcome="EvictedContextCancelled",priority="0",target_model_name="Qwen/Qwen3-0.6B",le="0.005"} 0
inference_extension_flow_control_request_queue_duration_seconds_bucket{fairness_id="default-flow",inference_pool="qwen-qwe-3db867ce-en3-0-6b-router",model_name="Qwen/Qwen3-0.6B",outcome="EvictedContextCancelled",priority="0",target_model_name="Qwen/Qwen3-0.6B",le="0.01"} 0
inference_extension_flow_control_request_queue_duration_seconds_bucket{fairness_id="default-flow",inference_pool="qwen-qwe-3db867ce-en3-0-6b-router",model_name="Qwen/Qwen3-0.6B",outcome="EvictedContextCancelled",priority="0",target_model_name="Qwen/Qwen3-0.6B",le="0.025"} 0
inference_extension_flow_control_request_queue_duration_seconds_bucket{fairness_id="default-flow",inference_pool="qwen-qwe-3db867ce-en3-0-6b-router",model_name="Qwen/Qwen3-0.6B",outcome="EvictedContextCancelled",priority="0",target_model_name="Qwen/Qwen3-0.6B",le="0.05"} 0
inference_extension_flow_control_request_queue_duration_seconds_bucket{fairness_id="default-flow",inference_pool="qwen-qwe-3db867ce-en3-0-6b-router",model_name="Qwen/Qwen3-0.6B",outcome="EvictedContextCancelled",priority="0",target_model_name="Qwen/Qwen3-0.6B",le="0.1"} 0
inference_extension_flow_control_request_queue_duration_seconds_bucket{fairness_id="default-flow",inference_pool="qwen-qwe-3db867ce-en3-0-6b-router",model_name="Qwen/Qwen3-0.6B",outcome="EvictedContextCancelled",priority="0",target_model_name="Qwen/Qwen3-0.6B",le="0.25"} 1
inference_extension_flow_control_request_queue_duration_seconds_bucket{fairness_id="default-flow",inference_pool="qwen-qwe-3db867ce-en3-0-6b-router",model_name="Qwen/Qwen3-0.6B",outcome="EvictedContextCancelled",priority="0",target_model_name="Qwen/Qwen3-0.6B",le="0.5"} 5
inference_extension_flow_control_request_queue_duration_seconds_bucket{fairness_id="default-flow",inference_pool="qwen-qwe-3db867ce-en3-0-6b-router",model_name="Qwen/Qwen3-0.6B",outcome="EvictedContextCancelled",priority="0",target_model_name="Qwen/Qwen3-0.6B",le="1"} 13
inference_extension_flow_control_request_queue_duration_seconds_bucket{fairness_id="default-flow",inference_pool="qwen-qwe-3db867ce-en3-0-6b-router",model_name="Qwen/Qwen3-0.6B",outcome="EvictedContextCancelled",priority="0",target_model_name="Qwen/Qwen3-0.6B",le="2.5"} 30
inference_extension_flow_control_request_queue_duration_seconds_bucket{fairness_id="default-flow",inference_pool="qwen-qwe-3db867ce-en3-0-6b-router",model_name="Qwen/Qwen3-0.6B",outcome="EvictedContextCancelled",priority="0",target_model_name="Qwen/Qwen3-0.6B",le="5"} 57
inference_extension_flow_control_request_queue_duration_seconds_bucket{fairness_id="default-flow",inference_pool="qwen-qwe-3db867ce-en3-0-6b-router",model_name="Qwen/Qwen3-0.6B",outcome="EvictedContextCancelled",priority="0",target_model_name="Qwen/Qwen3-0.6B",le="10"} 86
inference_extension_flow_control_request_queue_duration_seconds_bucket{fairness_id="default-flow",inference_pool="qwen-qwe-3db867ce-en3-0-6b-router",model_name="Qwen/Qwen3-0.6B",outcome="EvictedContextCancelled",priority="0",target_model_name="Qwen/Qwen3-0.6B",le="30"} 241
inference_extension_flow_control_request_queue_duration_seconds_bucket{fairness_id="default-flow",inference_pool="qwen-qwe-3db867ce-en3-0-6b-router",model_name="Qwen/Qwen3-0.6B",outcome="EvictedContextCancelled",priority="0",target_model_name="Qwen/Qwen3-0.6B",le="60"} 546
inference_extension_flow_control_request_queue_duration_seconds_bucket{fairness_id="default-flow",inference_pool="qwen-qwe-3db867ce-en3-0-6b-router",model_name="Qwen/Qwen3-0.6B",outcome="EvictedContextCancelled",priority="0",target_model_name="Qwen/Qwen3-0.6B",le="+Inf"} 546
inference_extension_flow_control_request_queue_duration_seconds_sum{fairness_id="default-flow",inference_pool="qwen-qwe-3db867ce-en3-0-6b-router",model_name="Qwen/Qwen3-0.6B",outcome="EvictedContextCancelled",priority="0",target_model_name="Qwen/Qwen3-0.6B"} 17210.899324476995
inference_extension_flow_control_request_queue_duration_seconds_count{fairness_id="default-flow",inference_pool="qwen-qwe-3db867ce-en3-0-6b-router",model_name="Qwen/Qwen3-0.6B",outcome="EvictedContextCancelled",priority="0",target_model_name="Qwen/Qwen3-0.6B"} 546
# HELP inference_extension_info [ALPHA] General information of the current build of Inference Extension.
# TYPE inference_extension_info gauge
inference_extension_info{build_ref="v0.9.0",commit="5f4e762f341a5196393ce79f8a57c3e1900c4a6b"} 1
# HELP inference_extension_plugin_duration_seconds [ALPHA] [Deprecated: Use llm_d_epp_plugin_duration_seconds] Plugin processing latency distribution in seconds for each extension point, plugin type and plugin name.
# TYPE inference_extension_plugin_duration_seconds histogram
inference_extension_plugin_duration_seconds_bucket{extension_point="DataProducer",plugin_name="approx-prefix-cache-producer",plugin_type="approx-prefix-cache-producer",le="0.0001"} 238287
inference_extension_plugin_duration_seconds_bucket{extension_point="DataProducer",plugin_name="approx-prefix-cache-producer",plugin_type="approx-prefix-cache-producer",le="0.0002"} 242208
inference_extension_plugin_duration_seconds_bucket{extension_point="DataProducer",plugin_name="approx-prefix-cache-producer",plugin_type="approx-prefix-cache-producer",le="0.0005"} 243798
inference_extension_plugin_duration_seconds_bucket{extension_point="DataProducer",plugin_name="approx-prefix-cache-producer",plugin_type="approx-prefix-cache-producer",le="0.001"} 244206
inference_extension_plugin_duration_seconds_bucket{extension_point="DataProducer",plugin_name="approx-prefix-cache-producer",plugin_type="approx-prefix-cache-producer",le="0.002"} 244450
inference_extension_plugin_duration_seconds_bucket{extension_point="DataProducer",plugin_name="approx-prefix-cache-producer",plugin_type="approx-prefix-cache-producer",le="0.005"} 244664
inference_extension_plugin_duration_seconds_bucket{extension_point="DataProducer",plugin_name="approx-prefix-cache-producer",plugin_type="approx-prefix-cache-producer",le="0.01"} 244718
inference_extension_plugin_duration_seconds_bucket{extension_point="DataProducer",plugin_name="approx-prefix-cache-producer",plugin_type="approx-prefix-cache-producer",le="0.02"} 244729
inference_extension_plugin_duration_seconds_bucket{extension_point="DataProducer",plugin_name="approx-prefix-cache-producer",plugin_type="approx-prefix-cache-producer",le="0.05"} 244731
inference_extension_plugin_duration_seconds_bucket{extension_point="DataProducer",plugin_name="approx-prefix-cache-producer",plugin_type="approx-prefix-cache-producer",le="0.1"} 244731
inference_extension_plugin_duration_seconds_bucket{extension_point="DataProducer",plugin_name="approx-prefix-cache-producer",plugin_type="approx-prefix-cache-producer",le="+Inf"} 244731
inference_extension_plugin_duration_seconds_sum{extension_point="DataProducer",plugin_name="approx-prefix-cache-producer",plugin_type="approx-prefix-cache-producer"} 8.367196570999962
inference_extension_plugin_duration_seconds_count{extension_point="DataProducer",plugin_name="approx-prefix-cache-producer",plugin_type="approx-prefix-cache-producer"} 244731
inference_extension_plugin_duration_seconds_bucket{extension_point="DataProducer",plugin_name="token-producer",plugin_type="token-producer",le="0.0001"} 241277
inference_extension_plugin_duration_seconds_bucket{extension_point="DataProducer",plugin_name="token-producer",plugin_type="token-producer",le="0.0002"} 242796
inference_extension_plugin_duration_seconds_bucket{extension_point="DataProducer",plugin_name="token-producer",plugin_type="token-producer",le="0.0005"} 243740
inference_extension_plugin_duration_seconds_bucket{extension_point="DataProducer",plugin_name="token-producer",plugin_type="token-producer",le="0.001"} 244020
inference_extension_plugin_duration_seconds_bucket{extension_point="DataProducer",plugin_name="token-producer",plugin_type="token-producer",le="0.002"} 244341
inference_extension_plugin_duration_seconds_bucket{extension_point="DataProducer",plugin_name="token-producer",plugin_type="token-producer",le="0.005"} 244642
inference_extension_plugin_duration_seconds_bucket{extension_point="DataProducer",plugin_name="token-producer",plugin_type="token-producer",le="0.01"} 244710
inference_extension_plugin_duration_seconds_bucket{extension_point="DataProducer",plugin_name="token-producer",plugin_type="token-producer",le="0.02"} 244728
inference_extension_plugin_duration_seconds_bucket{extension_point="DataProducer",plugin_name="token-producer",plugin_type="token-producer",le="0.05"} 244731
inference_extension_plugin_duration_seconds_bucket{extension_point="DataProducer",plugin_name="token-producer",plugin_type="token-producer",le="0.1"} 244731
inference_extension_plugin_duration_seconds_bucket{extension_point="DataProducer",plugin_name="token-producer",plugin_type="token-producer",le="+Inf"} 244731
inference_extension_plugin_duration_seconds_sum{extension_point="DataProducer",plugin_name="token-producer",plugin_type="token-producer"} 7.661966963000094
inference_extension_plugin_duration_seconds_count{extension_point="DataProducer",plugin_name="token-producer",plugin_type="token-producer"} 244731
inference_extension_plugin_duration_seconds_bucket{extension_point="Picker",plugin_name="max-score-picker",plugin_type="max-score-picker",le="0.0001"} 240218
inference_extension_plugin_duration_seconds_bucket{extension_point="Picker",plugin_name="max-score-picker",plugin_type="max-score-picker",le="0.0002"} 242874
inference_extension_plugin_duration_seconds_bucket{extension_point="Picker",plugin_name="max-score-picker",plugin_type="max-score-picker",le="0.0005"} 243860
inference_extension_plugin_duration_seconds_bucket{extension_point="Picker",plugin_name="max-score-picker",plugin_type="max-score-picker",le="0.001"} 244263
inference_extension_plugin_duration_seconds_bucket{extension_point="Picker",plugin_name="max-score-picker",plugin_type="max-score-picker",le="0.002"} 244473
inference_extension_plugin_duration_seconds_bucket{extension_point="Picker",plugin_name="max-score-picker",plugin_type="max-score-picker",le="0.005"} 244664
inference_extension_plugin_duration_seconds_bucket{extension_point="Picker",plugin_name="max-score-picker",plugin_type="max-score-picker",le="0.01"} 244705
inference_extension_plugin_duration_seconds_bucket{extension_point="Picker",plugin_name="max-score-picker",plugin_type="max-score-picker",le="0.02"} 244722
inference_extension_plugin_duration_seconds_bucket{extension_point="Picker",plugin_name="max-score-picker",plugin_type="max-score-picker",le="0.05"} 244731
inference_extension_plugin_duration_seconds_bucket{extension_point="Picker",plugin_name="max-score-picker",plugin_type="max-score-picker",le="0.1"} 244731
inference_extension_plugin_duration_seconds_bucket{extension_point="Picker",plugin_name="max-score-picker",plugin_type="max-score-picker",le="+Inf"} 244731
inference_extension_plugin_duration_seconds_sum{extension_point="Picker",plugin_name="max-score-picker",plugin_type="max-score-picker"} 8.739217049999931
inference_extension_plugin_duration_seconds_count{extension_point="Picker",plugin_name="max-score-picker",plugin_type="max-score-picker"} 244731
inference_extension_plugin_duration_seconds_bucket{extension_point="PreRequest",plugin_name="approx-prefix-cache-producer",plugin_type="approx-prefix-cache-producer",le="0.0001"} 244243
inference_extension_plugin_duration_seconds_bucket{extension_point="PreRequest",plugin_name="approx-prefix-cache-producer",plugin_type="approx-prefix-cache-producer",le="0.0002"} 244599
inference_extension_plugin_duration_seconds_bucket{extension_point="PreRequest",plugin_name="approx-prefix-cache-producer",plugin_type="approx-prefix-cache-producer",le="0.0005"} 244687
inference_extension_plugin_duration_seconds_bucket{extension_point="PreRequest",plugin_name="approx-prefix-cache-producer",plugin_type="approx-prefix-cache-producer",le="0.001"} 244701
inference_extension_plugin_duration_seconds_bucket{extension_point="PreRequest",plugin_name="approx-prefix-cache-producer",plugin_type="approx-prefix-cache-producer",le="0.002"} 244717
inference_extension_plugin_duration_seconds_bucket{extension_point="PreRequest",plugin_name="approx-prefix-cache-producer",plugin_type="approx-prefix-cache-producer",le="0.005"} 244730
inference_extension_plugin_duration_seconds_bucket{extension_point="PreRequest",plugin_name="approx-prefix-cache-producer",plugin_type="approx-prefix-cache-producer",le="0.01"} 244731
inference_extension_plugin_duration_seconds_bucket{extension_point="PreRequest",plugin_name="approx-prefix-cache-producer",plugin_type="approx-prefix-cache-producer",le="0.02"} 244731
inference_extension_plugin_duration_seconds_bucket{extension_point="PreRequest",plugin_name="approx-prefix-cache-producer",plugin_type="approx-prefix-cache-producer",le="0.05"} 244731
inference_extension_plugin_duration_seconds_bucket{extension_point="PreRequest",plugin_name="approx-prefix-cache-producer",plugin_type="approx-prefix-cache-producer",le="0.1"} 244731
inference_extension_plugin_duration_seconds_bucket{extension_point="PreRequest",plugin_name="approx-prefix-cache-producer",plugin_type="approx-prefix-cache-producer",le="+Inf"} 244731
inference_extension_plugin_duration_seconds_sum{extension_point="PreRequest",plugin_name="approx-prefix-cache-producer",plugin_type="approx-prefix-cache-producer"} 2.4066895410000324
inference_extension_plugin_duration_seconds_count{extension_point="PreRequest",plugin_name="approx-prefix-cache-producer",plugin_type="approx-prefix-cache-producer"} 244731
inference_extension_plugin_duration_seconds_bucket{extension_point="ProcessProfilesResults",plugin_name="single-profile-handler",plugin_type="single-profile-handler",le="0.0001"} 244724
inference_extension_plugin_duration_seconds_bucket{extension_point="ProcessProfilesResults",plugin_name="single-profile-handler",plugin_type="single-profile-handler",le="0.0002"} 244726
inference_extension_plugin_duration_seconds_bucket{extension_point="ProcessProfilesResults",plugin_name="single-profile-handler",plugin_type="single-profile-handler",le="0.0005"} 244728
inference_extension_plugin_duration_seconds_bucket{extension_point="ProcessProfilesResults",plugin_name="single-profile-handler",plugin_type="single-profile-handler",le="0.001"} 244730
inference_extension_plugin_duration_seconds_bucket{extension_point="ProcessProfilesResults",plugin_name="single-profile-handler",plugin_type="single-profile-handler",le="0.002"} 244730
inference_extension_plugin_duration_seconds_bucket{extension_point="ProcessProfilesResults",plugin_name="single-profile-handler",plugin_type="single-profile-handler",le="0.005"} 244731
inference_extension_plugin_duration_seconds_bucket{extension_point="ProcessProfilesResults",plugin_name="single-profile-handler",plugin_type="single-profile-handler",le="0.01"} 244731
inference_extension_plugin_duration_seconds_bucket{extension_point="ProcessProfilesResults",plugin_name="single-profile-handler",plugin_type="single-profile-handler",le="0.02"} 244731
inference_extension_plugin_duration_seconds_bucket{extension_point="ProcessProfilesResults",plugin_name="single-profile-handler",plugin_type="single-profile-handler",le="0.05"} 244731
inference_extension_plugin_duration_seconds_bucket{extension_point="ProcessProfilesResults",plugin_name="single-profile-handler",plugin_type="single-profile-handler",le="0.1"} 244731
inference_extension_plugin_duration_seconds_bucket{extension_point="ProcessProfilesResults",plugin_name="single-profile-handler",plugin_type="single-profile-handler",le="+Inf"} 244731
inference_extension_plugin_duration_seconds_sum{extension_point="ProcessProfilesResults",plugin_name="single-profile-handler",plugin_type="single-profile-handler"} 0.11843135000000105
inference_extension_plugin_duration_seconds_count{extension_point="ProcessProfilesResults",plugin_name="single-profile-handler",plugin_type="single-profile-handler"} 244731
inference_extension_plugin_duration_seconds_bucket{extension_point="ProfilePicker",plugin_name="single-profile-handler",plugin_type="single-profile-handler",le="0.0001"} 489454
inference_extension_plugin_duration_seconds_bucket{extension_point="ProfilePicker",plugin_name="single-profile-handler",plugin_type="single-profile-handler",le="0.0002"} 489456
inference_extension_plugin_duration_seconds_bucket{extension_point="ProfilePicker",plugin_name="single-profile-handler",plugin_type="single-profile-handler",le="0.0005"} 489459
inference_extension_plugin_duration_seconds_bucket{extension_point="ProfilePicker",plugin_name="single-profile-handler",plugin_type="single-profile-handler",le="0.001"} 489460
inference_extension_plugin_duration_seconds_bucket{extension_point="ProfilePicker",plugin_name="single-profile-handler",plugin_type="single-profile-handler",le="0.002"} 489461
inference_extension_plugin_duration_seconds_bucket{extension_point="ProfilePicker",plugin_name="single-profile-handler",plugin_type="single-profile-handler",le="0.005"} 489462
inference_extension_plugin_duration_seconds_bucket{extension_point="ProfilePicker",plugin_name="single-profile-handler",plugin_type="single-profile-handler",le="0.01"} 489462
inference_extension_plugin_duration_seconds_bucket{extension_point="ProfilePicker",plugin_name="single-profile-handler",plugin_type="single-profile-handler",le="0.02"} 489462
inference_extension_plugin_duration_seconds_bucket{extension_point="ProfilePicker",plugin_name="single-profile-handler",plugin_type="single-profile-handler",le="0.05"} 489462
inference_extension_plugin_duration_seconds_bucket{extension_point="ProfilePicker",plugin_name="single-profile-handler",plugin_type="single-profile-handler",le="0.1"} 489462
inference_extension_plugin_duration_seconds_bucket{extension_point="ProfilePicker",plugin_name="single-profile-handler",plugin_type="single-profile-handler",le="+Inf"} 489462
inference_extension_plugin_duration_seconds_sum{extension_point="ProfilePicker",plugin_name="single-profile-handler",plugin_type="single-profile-handler"} 0.11977567499994488
inference_extension_plugin_duration_seconds_count{extension_point="ProfilePicker",plugin_name="single-profile-handler",plugin_type="single-profile-handler"} 489462
inference_extension_plugin_duration_seconds_bucket{extension_point="RequestParsing",plugin_name="openai-parser",plugin_type="openai-parser",le="0.0001"} 0
inference_extension_plugin_duration_seconds_bucket{extension_point="RequestParsing",plugin_name="openai-parser",plugin_type="openai-parser",le="0.0002"} 0
inference_extension_plugin_duration_seconds_bucket{extension_point="RequestParsing",plugin_name="openai-parser",plugin_type="openai-parser",le="0.0005"} 5189
inference_extension_plugin_duration_seconds_bucket{extension_point="RequestParsing",plugin_name="openai-parser",plugin_type="openai-parser",le="0.001"} 221415
inference_extension_plugin_duration_seconds_bucket{extension_point="RequestParsing",plugin_name="openai-parser",plugin_type="openai-parser",le="0.002"} 239285
inference_extension_plugin_duration_seconds_bucket{extension_point="RequestParsing",plugin_name="openai-parser",plugin_type="openai-parser",le="0.005"} 244626
inference_extension_plugin_duration_seconds_bucket{extension_point="RequestParsing",plugin_name="openai-parser",plugin_type="openai-parser",le="0.01"} 245193
inference_extension_plugin_duration_seconds_bucket{extension_point="RequestParsing",plugin_name="openai-parser",plugin_type="openai-parser",le="0.02"} 245270
inference_extension_plugin_duration_seconds_bucket{extension_point="RequestParsing",plugin_name="openai-parser",plugin_type="openai-parser",le="0.05"} 245277
inference_extension_plugin_duration_seconds_bucket{extension_point="RequestParsing",plugin_name="openai-parser",plugin_type="openai-parser",le="0.1"} 245277
inference_extension_plugin_duration_seconds_bucket{extension_point="RequestParsing",plugin_name="openai-parser",plugin_type="openai-parser",le="+Inf"} 245277
inference_extension_plugin_duration_seconds_sum{extension_point="RequestParsing",plugin_name="openai-parser",plugin_type="openai-parser"} 241.88054484199935
inference_extension_plugin_duration_seconds_count{extension_point="RequestParsing",plugin_name="openai-parser",plugin_type="openai-parser"} 245277
inference_extension_plugin_duration_seconds_bucket{extension_point="ResponseParsing",plugin_name="openai-parser",plugin_type="openai-parser",le="0.0001"} 2.34330903e+08
inference_extension_plugin_duration_seconds_bucket{extension_point="ResponseParsing",plugin_name="openai-parser",plugin_type="openai-parser",le="0.0002"} 2.34367348e+08
inference_extension_plugin_duration_seconds_bucket{extension_point="ResponseParsing",plugin_name="openai-parser",plugin_type="openai-parser",le="0.0005"} 2.34389173e+08
inference_extension_plugin_duration_seconds_bucket{extension_point="ResponseParsing",plugin_name="openai-parser",plugin_type="openai-parser",le="0.001"} 2.34400448e+08
inference_extension_plugin_duration_seconds_bucket{extension_point="ResponseParsing",plugin_name="openai-parser",plugin_type="openai-parser",le="0.002"} 2.34410905e+08
inference_extension_plugin_duration_seconds_bucket{extension_point="ResponseParsing",plugin_name="openai-parser",plugin_type="openai-parser",le="0.005"} 2.34428727e+08
inference_extension_plugin_duration_seconds_bucket{extension_point="ResponseParsing",plugin_name="openai-parser",plugin_type="openai-parser",le="0.01"} 2.34433596e+08
inference_extension_plugin_duration_seconds_bucket{extension_point="ResponseParsing",plugin_name="openai-parser",plugin_type="openai-parser",le="0.02"} 2.34434971e+08
inference_extension_plugin_duration_seconds_bucket{extension_point="ResponseParsing",plugin_name="openai-parser",plugin_type="openai-parser",le="0.05"} 2.34435528e+08
inference_extension_plugin_duration_seconds_bucket{extension_point="ResponseParsing",plugin_name="openai-parser",plugin_type="openai-parser",le="0.1"} 2.34435542e+08
inference_extension_plugin_duration_seconds_bucket{extension_point="ResponseParsing",plugin_name="openai-parser",plugin_type="openai-parser",le="+Inf"} 2.34435542e+08
inference_extension_plugin_duration_seconds_sum{extension_point="ResponseParsing",plugin_name="openai-parser",plugin_type="openai-parser"} 588.4747717581528
inference_extension_plugin_duration_seconds_count{extension_point="ResponseParsing",plugin_name="openai-parser",plugin_type="openai-parser"} 2.34435542e+08
inference_extension_plugin_duration_seconds_bucket{extension_point="Scorer",plugin_name="kv-cache-utilization-scorer",plugin_type="kv-cache-utilization-scorer",le="0.0001"} 244696
inference_extension_plugin_duration_seconds_bucket{extension_point="Scorer",plugin_name="kv-cache-utilization-scorer",plugin_type="kv-cache-utilization-scorer",le="0.0002"} 244711
inference_extension_plugin_duration_seconds_bucket{extension_point="Scorer",plugin_name="kv-cache-utilization-scorer",plugin_type="kv-cache-utilization-scorer",le="0.0005"} 244720
inference_extension_plugin_duration_seconds_bucket{extension_point="Scorer",plugin_name="kv-cache-utilization-scorer",plugin_type="kv-cache-utilization-scorer",le="0.001"} 244725
inference_extension_plugin_duration_seconds_bucket{extension_point="Scorer",plugin_name="kv-cache-utilization-scorer",plugin_type="kv-cache-utilization-scorer",le="0.002"} 244727
inference_extension_plugin_duration_seconds_bucket{extension_point="Scorer",plugin_name="kv-cache-utilization-scorer",plugin_type="kv-cache-utilization-scorer",le="0.005"} 244731
inference_extension_plugin_duration_seconds_bucket{extension_point="Scorer",plugin_name="kv-cache-utilization-scorer",plugin_type="kv-cache-utilization-scorer",le="0.01"} 244731
inference_extension_plugin_duration_seconds_bucket{extension_point="Scorer",plugin_name="kv-cache-utilization-scorer",plugin_type="kv-cache-utilization-scorer",le="0.02"} 244731
inference_extension_plugin_duration_seconds_bucket{extension_point="Scorer",plugin_name="kv-cache-utilization-scorer",plugin_type="kv-cache-utilization-scorer",le="0.05"} 244731
inference_extension_plugin_duration_seconds_bucket{extension_point="Scorer",plugin_name="kv-cache-utilization-scorer",plugin_type="kv-cache-utilization-scorer",le="0.1"} 244731
inference_extension_plugin_duration_seconds_bucket{extension_point="Scorer",plugin_name="kv-cache-utilization-scorer",plugin_type="kv-cache-utilization-scorer",le="+Inf"} 244731
inference_extension_plugin_duration_seconds_sum{extension_point="Scorer",plugin_name="kv-cache-utilization-scorer",plugin_type="kv-cache-utilization-scorer"} 0.2209499499999963
inference_extension_plugin_duration_seconds_count{extension_point="Scorer",plugin_name="kv-cache-utilization-scorer",plugin_type="kv-cache-utilization-scorer"} 244731
inference_extension_plugin_duration_seconds_bucket{extension_point="Scorer",plugin_name="prefix-cache-scorer",plugin_type="prefix-cache-scorer",le="0.0001"} 244083
inference_extension_plugin_duration_seconds_bucket{extension_point="Scorer",plugin_name="prefix-cache-scorer",plugin_type="prefix-cache-scorer",le="0.0002"} 244488
inference_extension_plugin_duration_seconds_bucket{extension_point="Scorer",plugin_name="prefix-cache-scorer",plugin_type="prefix-cache-scorer",le="0.0005"} 244652
inference_extension_plugin_duration_seconds_bucket{extension_point="Scorer",plugin_name="prefix-cache-scorer",plugin_type="prefix-cache-scorer",le="0.001"} 244690
inference_extension_plugin_duration_seconds_bucket{extension_point="Scorer",plugin_name="prefix-cache-scorer",plugin_type="prefix-cache-scorer",le="0.002"} 244706
inference_extension_plugin_duration_seconds_bucket{extension_point="Scorer",plugin_name="prefix-cache-scorer",plugin_type="prefix-cache-scorer",le="0.005"} 244724
inference_extension_plugin_duration_seconds_bucket{extension_point="Scorer",plugin_name="prefix-cache-scorer",plugin_type="prefix-cache-scorer",le="0.01"} 244730
inference_extension_plugin_duration_seconds_bucket{extension_point="Scorer",plugin_name="prefix-cache-scorer",plugin_type="prefix-cache-scorer",le="0.02"} 244731
inference_extension_plugin_duration_seconds_bucket{extension_point="Scorer",plugin_name="prefix-cache-scorer",plugin_type="prefix-cache-scorer",le="0.05"} 244731
inference_extension_plugin_duration_seconds_bucket{extension_point="Scorer",plugin_name="prefix-cache-scorer",plugin_type="prefix-cache-scorer",le="0.1"} 244731
inference_extension_plugin_duration_seconds_bucket{extension_point="Scorer",plugin_name="prefix-cache-scorer",plugin_type="prefix-cache-scorer",le="+Inf"} 244731
inference_extension_plugin_duration_seconds_sum{extension_point="Scorer",plugin_name="prefix-cache-scorer",plugin_type="prefix-cache-scorer"} 1.220112372999988
inference_extension_plugin_duration_seconds_count{extension_point="Scorer",plugin_name="prefix-cache-scorer",plugin_type="prefix-cache-scorer"} 244731
inference_extension_plugin_duration_seconds_bucket{extension_point="Scorer",plugin_name="queue-scorer",plugin_type="queue-scorer",le="0.0001"} 244688
inference_extension_plugin_duration_seconds_bucket{extension_point="Scorer",plugin_name="queue-scorer",plugin_type="queue-scorer",le="0.0002"} 244715
inference_extension_plugin_duration_seconds_bucket{extension_point="Scorer",plugin_name="queue-scorer",plugin_type="queue-scorer",le="0.0005"} 244724
inference_extension_plugin_duration_seconds_bucket{extension_point="Scorer",plugin_name="queue-scorer",plugin_type="queue-scorer",le="0.001"} 244727
inference_extension_plugin_duration_seconds_bucket{extension_point="Scorer",plugin_name="queue-scorer",plugin_type="queue-scorer",le="0.002"} 244731
inference_extension_plugin_duration_seconds_bucket{extension_point="Scorer",plugin_name="queue-scorer",plugin_type="queue-scorer",le="0.005"} 244731
inference_extension_plugin_duration_seconds_bucket{extension_point="Scorer",plugin_name="queue-scorer",plugin_type="queue-scorer",le="0.01"} 244731
inference_extension_plugin_duration_seconds_bucket{extension_point="Scorer",plugin_name="queue-scorer",plugin_type="queue-scorer",le="0.02"} 244731
inference_extension_plugin_duration_seconds_bucket{extension_point="Scorer",plugin_name="queue-scorer",plugin_type="queue-scorer",le="0.05"} 244731
inference_extension_plugin_duration_seconds_bucket{extension_point="Scorer",plugin_name="queue-scorer",plugin_type="queue-scorer",le="0.1"} 244731
inference_extension_plugin_duration_seconds_bucket{extension_point="Scorer",plugin_name="queue-scorer",plugin_type="queue-scorer",le="+Inf"} 244731
inference_extension_plugin_duration_seconds_sum{extension_point="Scorer",plugin_name="queue-scorer",plugin_type="queue-scorer"} 0.23296810099999946
inference_extension_plugin_duration_seconds_count{extension_point="Scorer",plugin_name="queue-scorer",plugin_type="queue-scorer"} 244731
# HELP inference_extension_prefix_indexer_hit_bytes [ALPHA] [Deprecated: Use llm_d_epp_prefix_indexer_hit_bytes] Length of the prefix match in number of bytes in the cache lookup.
# TYPE inference_extension_prefix_indexer_hit_bytes histogram
inference_extension_prefix_indexer_hit_bytes_bucket{le="0"} 244731
inference_extension_prefix_indexer_hit_bytes_bucket{le="16"} 244731
inference_extension_prefix_indexer_hit_bytes_bucket{le="32"} 244731
inference_extension_prefix_indexer_hit_bytes_bucket{le="64"} 244731
inference_extension_prefix_indexer_hit_bytes_bucket{le="128"} 244731
inference_extension_prefix_indexer_hit_bytes_bucket{le="256"} 244731
inference_extension_prefix_indexer_hit_bytes_bucket{le="512"} 244731
inference_extension_prefix_indexer_hit_bytes_bucket{le="1024"} 244731
inference_extension_prefix_indexer_hit_bytes_bucket{le="2048"} 244731
inference_extension_prefix_indexer_hit_bytes_bucket{le="4096"} 244731
inference_extension_prefix_indexer_hit_bytes_bucket{le="8192"} 244731
inference_extension_prefix_indexer_hit_bytes_bucket{le="16384"} 244731
inference_extension_prefix_indexer_hit_bytes_bucket{le="32768"} 244731
inference_extension_prefix_indexer_hit_bytes_bucket{le="65536"} 244731
inference_extension_prefix_indexer_hit_bytes_bucket{le="+Inf"} 244731
inference_extension_prefix_indexer_hit_bytes_sum 0
inference_extension_prefix_indexer_hit_bytes_count 244731
# HELP inference_extension_prefix_indexer_hit_ratio [ALPHA] [Deprecated: Use llm_d_epp_prefix_indexer_hit_ratio] Ratio of prefix length matched to total prefix length in the cache lookup.
# TYPE inference_extension_prefix_indexer_hit_ratio histogram
inference_extension_prefix_indexer_hit_ratio_bucket{le="0"} 244731
inference_extension_prefix_indexer_hit_ratio_bucket{le="0.1"} 244731
inference_extension_prefix_indexer_hit_ratio_bucket{le="0.2"} 244731
inference_extension_prefix_indexer_hit_ratio_bucket{le="0.3"} 244731
inference_extension_prefix_indexer_hit_ratio_bucket{le="0.4"} 244731
inference_extension_prefix_indexer_hit_ratio_bucket{le="0.5"} 244731
inference_extension_prefix_indexer_hit_ratio_bucket{le="0.6"} 244731
inference_extension_prefix_indexer_hit_ratio_bucket{le="0.7"} 244731
inference_extension_prefix_indexer_hit_ratio_bucket{le="0.8"} 244731
inference_extension_prefix_indexer_hit_ratio_bucket{le="0.9"} 244731
inference_extension_prefix_indexer_hit_ratio_bucket{le="1"} 244731
inference_extension_prefix_indexer_hit_ratio_bucket{le="+Inf"} 244731
inference_extension_prefix_indexer_hit_ratio_sum 0
inference_extension_prefix_indexer_hit_ratio_count 244731
# HELP inference_extension_prefix_indexer_size [ALPHA] [Deprecated: Use llm_d_epp_prefix_indexer_size] Size of the prefix indexer.
# TYPE inference_extension_prefix_indexer_size gauge
inference_extension_prefix_indexer_size 57078
# HELP inference_extension_scheduler_attempts_total [ALPHA] [Deprecated: Use llm_d_epp_scheduler_attempts_total] Total number of scheduling attempts.
# TYPE inference_extension_scheduler_attempts_total counter
inference_extension_scheduler_attempts_total{namespace="biran",pod_name="qwen-qwe-3db867ce-en3-0-6b-decode-5c6d8d69bd-27xrt",port="8000",status="success",target_model_name="Qwen/Qwen3-0.6B"} 792
inference_extension_scheduler_attempts_total{namespace="biran",pod_name="qwen-qwe-3db867ce-en3-0-6b-decode-5c6d8d69bd-2hnk5",port="8000",status="success",target_model_name="Qwen/Qwen3-0.6B"} 831
inference_extension_scheduler_attempts_total{namespace="biran",pod_name="qwen-qwe-3db867ce-en3-0-6b-decode-5c6d8d69bd-2phtk",port="8000",status="success",target_model_name="Qwen/Qwen3-0.6B"} 786
inference_extension_scheduler_attempts_total{namespace="biran",pod_name="qwen-qwe-3db867ce-en3-0-6b-decode-5c6d8d69bd-2qdst",port="8000",status="success",target_model_name="Qwen/Qwen3-0.6B"} 644
inference_extension_scheduler_attempts_total{namespace="biran",pod_name="qwen-qwe-3db867ce-en3-0-6b-decode-5c6d8d69bd-2tzm4",port="8000",status="success",target_model_name="Qwen/Qwen3-0.6B"} 248
inference_extension_scheduler_attempts_total{namespace="biran",pod_name="qwen-qwe-3db867ce-en3-0-6b-decode-5c6d8d69bd-44gvs",port="8000",status="success",target_model_name="Qwen/Qwen3-0.6B"} 1139
inference_extension_scheduler_attempts_total{namespace="biran",pod_name="qwen-qwe-3db867ce-en3-0-6b-decode-5c6d8d69bd-44qmz",port="8000",status="success",target_model_name="Qwen/Qwen3-0.6B"} 3362
inference_extension_scheduler_attempts_total{namespace="biran",pod_name="qwen-qwe-3db867ce-en3-0-6b-decode-5c6d8d69bd-455q6",port="8000",status="success",target_model_name="Qwen/Qwen3-0.6B"} 2259
inference_extension_scheduler_attempts_total{namespace="biran",pod_name="qwen-qwe-3db867ce-en3-0-6b-decode-5c6d8d69bd-49tcr",port="8000",status="success",target_model_name="Qwen/Qwen3-0.6B"} 354
inference_extension_scheduler_attempts_total{namespace="biran",pod_name="qwen-qwe-3db867ce-en3-0-6b-decode-5c6d8d69bd-4d8n7",port="8000",status="success",target_model_name="Qwen/Qwen3-0.6B"} 524
inference_extension_scheduler_attempts_total{namespace="biran",pod_name="qwen-qwe-3db867ce-en3-0-6b-decode-5c6d8d69bd-4khcb",port="8000",status="success",target_model_name="Qwen/Qwen3-0.6B"} 3519
inference_extension_scheduler_attempts_total{namespace="biran",pod_name="qwen-qwe-3db867ce-en3-0-6b-decode-5c6d8d69bd-4m65f",port="8000",status="success",target_model_name="Qwen/Qwen3-0.6B"} 3335
inference_extension_scheduler_attempts_total{namespace="biran",pod_name="qwen-qwe-3db867ce-en3-0-6b-decode-5c6d8d69bd-4q748",port="8000",status="success",target_model_name="Qwen/Qwen3-0.6B"} 260
inference_extension_scheduler_attempts_total{namespace="biran",pod_name="qwen-qwe-3db867ce-en3-0-6b-decode-5c6d8d69bd-4vr76",port="8000",status="success",target_model_name="Qwen/Qwen3-0.6B"} 1576
inference_extension_scheduler_attempts_total{namespace="biran",pod_name="qwen-qwe-3db867ce-en3-0-6b-decode-5c6d8d69bd-4x57v",port="8000",status="success",target_model_name="Qwen/Qwen3-0.6B"} 151
inference_extension_scheduler_attempts_total{namespace="biran",pod_name="qwen-qwe-3db867ce-en3-0-6b-decode-5c6d8d69bd-5d2gz",port="8000",status="success",target_model_name="Qwen/Qwen3-0.6B"} 235
inference_extension_scheduler_attempts_total{namespace="biran",pod_name="qwen-qwe-3db867ce-en3-0-6b-decode-5c6d8d69bd-5hxrj",port="8000",status="success",target_model_name="Qwen/Qwen3-0.6B"} 2074
inference_extension_scheduler_attempts_total{namespace="biran",pod_name="qwen-qwe-3db867ce-en3-0-6b-decode-5c6d8d69bd-5k9lj",port="8000",status="success",target_model_name="Qwen/Qwen3-0.6B"} 3306
inference_extension_scheduler_attempts_total{namespace="biran",pod_name="qwen-qwe-3db867ce-en3-0-6b-decode-5c6d8d69bd-5msl9",port="8000",status="success",target_model_name="Qwen/Qwen3-0.6B"} 668
inference_extension_scheduler_attempts_total{namespace="biran",pod_name="qwen-qwe-3db867ce-en3-0-6b-decode-5c6d8d69bd-5qlxq",port="8000",status="success",target_model_name="Qwen/Qwen3-0.6B"} 12000
inference_extension_scheduler_attempts_total{namespace="biran",pod_name="qwen-qwe-3db867ce-en3-0-6b-decode-5c6d8d69bd-5sn89",port="8000",status="success",target_model_name="Qwen/Qwen3-0.6B"} 14
inference_extension_scheduler_attempts_total{namespace="biran",pod_name="qwen-qwe-3db867ce-en3-0-6b-decode-5c6d8d69bd-647sv",port="8000",status="success",target_model_name="Qwen/Qwen3-0.6B"} 4133
inference_extension_scheduler_attempts_total{namespace="biran",pod_name="qwen-qwe-3db867ce-en3-0-6b-decode-5c6d8d69bd-6f55p",port="8000",status="success",target_model_name="Qwen/Qwen3-0.6B"} 9
inference_extension_scheduler_attempts_total{namespace="biran",pod_name="qwen-qwe-3db867ce-en3-0-6b-decode-5c6d8d69bd-6fvc6",port="8000",status="success",target_model_name="Qwen/Qwen3-0.6B"} 2835
inference_extension_scheduler_attempts_total{namespace="biran",pod_name="qwen-qwe-3db867ce-en3-0-6b-decode-5c6d8d69bd-6q9rf",port="8000",status="success",target_model_name="Qwen/Qwen3-0.6B"} 7
inference_extension_scheduler_attempts_total{namespace="biran",pod_name="qwen-qwe-3db867ce-en3-0-6b-decode-5c6d8d69bd-6wmqd",port="8000",status="success",target_model_name="Qwen/Qwen3-0.6B"} 7
inference_extension_scheduler_attempts_total{namespace="biran",pod_name="qwen-qwe-3db867ce-en3-0-6b-decode-5c6d8d69bd-6zvqj",port="8000",status="success",target_model_name="Qwen/Qwen3-0.6B"} 578
inference_extension_scheduler_attempts_total{namespace="biran",pod_name="qwen-qwe-3db867ce-en3-0-6b-decode-5c6d8d69bd-75vzn",port="8000",status="success",target_model_name="Qwen/Qwen3-0.6B"} 825
inference_extension_scheduler_attempts_total{namespace="biran",pod_name="qwen-qwe-3db867ce-en3-0-6b-decode-5c6d8d69bd-775vd",port="8000",status="success",target_model_name="Qwen/Qwen3-0.6B"} 826
inference_extension_scheduler_attempts_total{namespace="biran",pod_name="qwen-qwe-3db867ce-en3-0-6b-decode-5c6d8d69bd-77n7x",port="8000",status="success",target_model_name="Qwen/Qwen3-0.6B"} 734
inference_extension_scheduler_attempts_total{namespace="biran",pod_name="qwen-qwe-3db867ce-en3-0-6b-decode-5c6d8d69bd-7d2mj",port="8000",status="success",target_model_name="Qwen/Qwen3-0.6B"} 25
inference_extension_scheduler_attempts_total{namespace="biran",pod_name="qwen-qwe-3db867ce-en3-0-6b-decode-5c6d8d69bd-7f7gz",port="8000",status="success",target_model_name="Qwen/Qwen3-0.6B"} 585
inference_extension_scheduler_attempts_total{namespace="biran",pod_name="qwen-qwe-3db867ce-en3-0-6b-decode-5c6d8d69bd-7gwtp",port="8000",status="success",target_model_name="Qwen/Qwen3-0.6B"} 7502
inference_extension_scheduler_attempts_total{namespace="biran",pod_name="qwen-qwe-3db867ce-en3-0-6b-decode-5c6d8d69bd-7j2jl",port="8000",status="success",target_model_name="Qwen/Qwen3-0.6B"} 747
inference_extension_scheduler_attempts_total{namespace="biran",pod_name="qwen-qwe-3db867ce-en3-0-6b-decode-5c6d8d69bd-7nh5k",port="8000",status="success",target_model_name="Qwen/Qwen3-0.6B"} 600
inference_extension_scheduler_attempts_total{namespace="biran",pod_name="qwen-qwe-3db867ce-en3-0-6b-decode-5c6d8d69bd-7q977",port="8000",status="success",target_model_name="Qwen/Qwen3-0.6B"} 123
inference_extension_scheduler_attempts_total{namespace="biran",pod_name="qwen-qwe-3db867ce-en3-0-6b-decode-5c6d8d69bd-7z5v6",port="8000",status="success",target_model_name="Qwen/Qwen3-0.6B"} 664
inference_extension_scheduler_attempts_total{namespace="biran",pod_name="qwen-qwe-3db867ce-en3-0-6b-decode-5c6d8d69bd-8mw7x",port="8000",status="success",target_model_name="Qwen/Qwen3-0.6B"} 1038
inference_extension_scheduler_attempts_total{namespace="biran",pod_name="qwen-qwe-3db867ce-en3-0-6b-decode-5c6d8d69bd-8v7gg",port="8000",status="success",target_model_name="Qwen/Qwen3-0.6B"} 1005
inference_extension_scheduler_attempts_total{namespace="biran",pod_name="qwen-qwe-3db867ce-en3-0-6b-decode-5c6d8d69bd-8xwkv",port="8000",status="success",target_model_name="Qwen/Qwen3-0.6B"} 7
inference_extension_scheduler_attempts_total{namespace="biran",pod_name="qwen-qwe-3db867ce-en3-0-6b-decode-5c6d8d69bd-92fmd",port="8000",status="success",target_model_name="Qwen/Qwen3-0.6B"} 1130
inference_extension_scheduler_attempts_total{namespace="biran",pod_name="qwen-qwe-3db867ce-en3-0-6b-decode-5c6d8d69bd-9hvmc",port="8000",status="success",target_model_name="Qwen/Qwen3-0.6B"} 3506
inference_extension_scheduler_attempts_total{namespace="biran",pod_name="qwen-qwe-3db867ce-en3-0-6b-decode-5c6d8d69bd-9l8ht",port="8000",status="success",target_model_name="Qwen/Qwen3-0.6B"} 1113
inference_extension_scheduler_attempts_total{namespace="biran",pod_name="qwen-qwe-3db867ce-en3-0-6b-decode-5c6d8d69bd-9tcwh",port="8000",status="success",target_model_name="Qwen/Qwen3-0.6B"} 291
inference_extension_scheduler_attempts_total{namespace="biran",pod_name="qwen-qwe-3db867ce-en3-0-6b-decode-5c6d8d69bd-9vmbs",port="8000",status="success",target_model_name="Qwen/Qwen3-0.6B"} 1081
inference_extension_scheduler_attempts_total{namespace="biran",pod_name="qwen-qwe-3db867ce-en3-0-6b-decode-5c6d8d69bd-b59dz",port="8000",status="success",target_model_name="Qwen/Qwen3-0.6B"} 699
inference_extension_scheduler_attempts_total{namespace="biran",pod_name="qwen-qwe-3db867ce-en3-0-6b-decode-5c6d8d69bd-bbxkj",port="8000",status="success",target_model_name="Qwen/Qwen3-0.6B"} 16015
inference_extension_scheduler_attempts_total{namespace="biran",pod_name="qwen-qwe-3db867ce-en3-0-6b-decode-5c6d8d69bd-blp78",port="8000",status="success",target_model_name="Qwen/Qwen3-0.6B"} 816
inference_extension_scheduler_attempts_total{namespace="biran",pod_name="qwen-qwe-3db867ce-en3-0-6b-decode-5c6d8d69bd-blqr9",port="8000",status="success",target_model_name="Qwen/Qwen3-0.6B"} 800
inference_extension_scheduler_attempts_total{namespace="biran",pod_name="qwen-qwe-3db867ce-en3-0-6b-decode-5c6d8d69bd-bp8vz",port="8000",status="success",target_model_name="Qwen/Qwen3-0.6B"} 1029
inference_extension_scheduler_attempts_total{namespace="biran",pod_name="qwen-qwe-3db867ce-en3-0-6b-decode-5c6d8d69bd-bs7h7",port="8000",status="success",target_model_name="Qwen/Qwen3-0.6B"} 114
inference_extension_scheduler_attempts_total{namespace="biran",pod_name="qwen-qwe-3db867ce-en3-0-6b-decode-5c6d8d69bd-btcwt",port="8000",status="success",target_model_name="Qwen/Qwen3-0.6B"} 4749
inference_extension_scheduler_attempts_total{namespace="biran",pod_name="qwen-qwe-3db867ce-en3-0-6b-decode-5c6d8d69bd-btj62",port="8000",status="success",target_model_name="Qwen/Qwen3-0.6B"} 651
inference_extension_scheduler_attempts_total{namespace="biran",pod_name="qwen-qwe-3db867ce-en3-0-6b-decode-5c6d8d69bd-bz8tm",port="8000",status="success",target_model_name="Qwen/Qwen3-0.6B"} 707
inference_extension_scheduler_attempts_total{namespace="biran",pod_name="qwen-qwe-3db867ce-en3-0-6b-decode-5c6d8d69bd-cbpg9",port="8000",status="success",target_model_name="Qwen/Qwen3-0.6B"} 541
inference_extension_scheduler_attempts_total{namespace="biran",pod_name="qwen-qwe-3db867ce-en3-0-6b-decode-5c6d8d69bd-cf7bb",port="8000",status="success",target_model_name="Qwen/Qwen3-0.6B"} 565
inference_extension_scheduler_attempts_total{namespace="biran",pod_name="qwen-qwe-3db867ce-en3-0-6b-decode-5c6d8d69bd-cmtdc",port="8000",status="success",target_model_name="Qwen/Qwen3-0.6B"} 1437
inference_extension_scheduler_attempts_total{namespace="biran",pod_name="qwen-qwe-3db867ce-en3-0-6b-decode-5c6d8d69bd-cmtq6",port="8000",status="success",target_model_name="Qwen/Qwen3-0.6B"} 1274
inference_extension_scheduler_attempts_total{namespace="biran",pod_name="qwen-qwe-3db867ce-en3-0-6b-decode-5c6d8d69bd-d4cwz",port="8000",status="success",target_model_name="Qwen/Qwen3-0.6B"} 375
inference_extension_scheduler_attempts_total{namespace="biran",pod_name="qwen-qwe-3db867ce-en3-0-6b-decode-5c6d8d69bd-dcfkw",port="8000",status="success",target_model_name="Qwen/Qwen3-0.6B"} 3273
inference_extension_scheduler_attempts_total{namespace="biran",pod_name="qwen-qwe-3db867ce-en3-0-6b-decode-5c6d8d69bd-dczh7",port="8000",status="success",target_model_name="Qwen/Qwen3-0.6B"} 189
inference_extension_scheduler_attempts_total{namespace="biran",pod_name="qwen-qwe-3db867ce-en3-0-6b-decode-5c6d8d69bd-dj7nk",port="8000",status="success",target_model_name="Qwen/Qwen3-0.6B"} 705
inference_extension_scheduler_attempts_total{namespace="biran",pod_name="qwen-qwe-3db867ce-en3-0-6b-decode-5c6d8d69bd-dkssl",port="8000",status="success",target_model_name="Qwen/Qwen3-0.6B"} 2101
inference_extension_scheduler_attempts_total{namespace="biran",pod_name="qwen-qwe-3db867ce-en3-0-6b-decode-5c6d8d69bd-dln8s",port="8000",status="success",target_model_name="Qwen/Qwen3-0.6B"} 3778
inference_extension_scheduler_attempts_total{namespace="biran",pod_name="qwen-qwe-3db867ce-en3-0-6b-decode-5c6d8d69bd-dw8gn",port="8000",status="success",target_model_name="Qwen/Qwen3-0.6B"} 899
inference_extension_scheduler_attempts_total{namespace="biran",pod_name="qwen-qwe-3db867ce-en3-0-6b-decode-5c6d8d69bd-f4rw8",port="8000",status="success",target_model_name="Qwen/Qwen3-0.6B"} 378
inference_extension_scheduler_attempts_total{namespace="biran",pod_name="qwen-qwe-3db867ce-en3-0-6b-decode-5c6d8d69bd-f4xc7",port="8000",status="success",target_model_name="Qwen/Qwen3-0.6B"} 376
inference_extension_scheduler_attempts_total{namespace="biran",pod_name="qwen-qwe-3db867ce-en3-0-6b-decode-5c6d8d69bd-f66zd",port="8000",status="success",target_model_name="Qwen/Qwen3-0.6B"} 8
inference_extension_scheduler_attempts_total{namespace="biran",pod_name="qwen-qwe-3db867ce-en3-0-6b-decode-5c6d8d69bd-f8bm8",port="8000",status="success",target_model_name="Qwen/Qwen3-0.6B"} 913
inference_extension_scheduler_attempts_total{namespace="biran",pod_name="qwen-qwe-3db867ce-en3-0-6b-decode-5c6d8d69bd-f9wwh",port="8000",status="success",target_model_name="Qwen/Qwen3-0.6B"} 677
inference_extension_scheduler_attempts_total{namespace="biran",pod_name="qwen-qwe-3db867ce-en3-0-6b-decode-5c6d8d69bd-fzdnn",port="8000",status="success",target_model_name="Qwen/Qwen3-0.6B"} 673
inference_extension_scheduler_attempts_total{namespace="biran",pod_name="qwen-qwe-3db867ce-en3-0-6b-decode-5c6d8d69bd-g6nzv",port="8000",status="success",target_model_name="Qwen/Qwen3-0.6B"} 472
inference_extension_scheduler_attempts_total{namespace="biran",pod_name="qwen-qwe-3db867ce-en3-0-6b-decode-5c6d8d69bd-g8dqw",port="8000",status="success",target_model_name="Qwen/Qwen3-0.6B"} 323
inference_extension_scheduler_attempts_total{namespace="biran",pod_name="qwen-qwe-3db867ce-en3-0-6b-decode-5c6d8d69bd-g9jvb",port="8000",status="success",target_model_name="Qwen/Qwen3-0.6B"} 499
inference_extension_scheduler_attempts_total{namespace="biran",pod_name="qwen-qwe-3db867ce-en3-0-6b-decode-5c6d8d69bd-gsvmg",port="8000",status="success",target_model_name="Qwen/Qwen3-0.6B"} 3996
inference_extension_scheduler_attempts_total{namespace="biran",pod_name="qwen-qwe-3db867ce-en3-0-6b-decode-5c6d8d69bd-gtp4c",port="8000",status="success",target_model_name="Qwen/Qwen3-0.6B"} 882
inference_extension_scheduler_attempts_total{namespace="biran",pod_name="qwen-qwe-3db867ce-en3-0-6b-decode-5c6d8d69bd-gvbdm",port="8000",status="success",target_model_name="Qwen/Qwen3-0.6B"} 1538
inference_extension_scheduler_attempts_total{namespace="biran",pod_name="qwen-qwe-3db867ce-en3-0-6b-decode-5c6d8d69bd-h7xqz",port="8000",status="success",target_model_name="Qwen/Qwen3-0.6B"} 733
inference_extension_scheduler_attempts_total{namespace="biran",pod_name="qwen-qwe-3db867ce-en3-0-6b-decode-5c6d8d69bd-hbjm9",port="8000",status="success",target_model_name="Qwen/Qwen3-0.6B"} 1048
inference_extension_scheduler_attempts_total{namespace="biran",pod_name="qwen-qwe-3db867ce-en3-0-6b-decode-5c6d8d69bd-hfk85",port="8000",status="success",target_model_name="Qwen/Qwen3-0.6B"} 771
inference_extension_scheduler_attempts_total{namespace="biran",pod_name="qwen-qwe-3db867ce-en3-0-6b-decode-5c6d8d69bd-htksg",port="8000",status="success",target_model_name="Qwen/Qwen3-0.6B"} 915
inference_extension_scheduler_attempts_total{namespace="biran",pod_name="qwen-qwe-3db867ce-en3-0-6b-decode-5c6d8d69bd-j29kc",port="8000",status="success",target_model_name="Qwen/Qwen3-0.6B"} 831
inference_extension_scheduler_attempts_total{namespace="biran",pod_name="qwen-qwe-3db867ce-en3-0-6b-decode-5c6d8d69bd-jcls5",port="8000",status="success",target_model_name="Qwen/Qwen3-0.6B"} 912
inference_extension_scheduler_attempts_total{namespace="biran",pod_name="qwen-qwe-3db867ce-en3-0-6b-decode-5c6d8d69bd-jj8gm",port="8000",status="success",target_model_name="Qwen/Qwen3-0.6B"} 1362
inference_extension_scheduler_attempts_total{namespace="biran",pod_name="qwen-qwe-3db867ce-en3-0-6b-decode-5c6d8d69bd-jkk2d",port="8000",status="success",target_model_name="Qwen/Qwen3-0.6B"} 211
inference_extension_scheduler_attempts_total{namespace="biran",pod_name="qwen-qwe-3db867ce-en3-0-6b-decode-5c6d8d69bd-jnnm6",port="8000",status="success",target_model_name="Qwen/Qwen3-0.6B"} 44
inference_extension_scheduler_attempts_total{namespace="biran",pod_name="qwen-qwe-3db867ce-en3-0-6b-decode-5c6d8d69bd-khs8h",port="8000",status="success",target_model_name="Qwen/Qwen3-0.6B"} 20
inference_extension_scheduler_attempts_total{namespace="biran",pod_name="qwen-qwe-3db867ce-en3-0-6b-decode-5c6d8d69bd-kqrsx",port="8000",status="success",target_model_name="Qwen/Qwen3-0.6B"} 663
inference_extension_scheduler_attempts_total{namespace="biran",pod_name="qwen-qwe-3db867ce-en3-0-6b-decode-5c6d8d69bd-kzllw",port="8000",status="success",target_model_name="Qwen/Qwen3-0.6B"} 1064
inference_extension_scheduler_attempts_total{namespace="biran",pod_name="qwen-qwe-3db867ce-en3-0-6b-decode-5c6d8d69bd-l6xvh",port="8000",status="success",target_model_name="Qwen/Qwen3-0.6B"} 603
inference_extension_scheduler_attempts_total{namespace="biran",pod_name="qwen-qwe-3db867ce-en3-0-6b-decode-5c6d8d69bd-l8shb",port="8000",status="success",target_model_name="Qwen/Qwen3-0.6B"} 598
inference_extension_scheduler_attempts_total{namespace="biran",pod_name="qwen-qwe-3db867ce-en3-0-6b-decode-5c6d8d69bd-llbvc",port="8000",status="success",target_model_name="Qwen/Qwen3-0.6B"} 3535
inference_extension_scheduler_attempts_total{namespace="biran",pod_name="qwen-qwe-3db867ce-en3-0-6b-decode-5c6d8d69bd-mbj84",port="8000",status="success",target_model_name="Qwen/Qwen3-0.6B"} 1003
inference_extension_scheduler_attempts_total{namespace="biran",pod_name="qwen-qwe-3db867ce-en3-0-6b-decode-5c6d8d69bd-mbljp",port="8000",status="success",target_model_name="Qwen/Qwen3-0.6B"} 8
inference_extension_scheduler_attempts_total{namespace="biran",pod_name="qwen-qwe-3db867ce-en3-0-6b-decode-5c6d8d69bd-mfmqd",port="8000",status="success",target_model_name="Qwen/Qwen3-0.6B"} 3466
inference_extension_scheduler_attempts_total{namespace="biran",pod_name="qwen-qwe-3db867ce-en3-0-6b-decode-5c6d8d69bd-mkzh5",port="8000",status="success",target_model_name="Qwen/Qwen3-0.6B"} 1088
inference_extension_scheduler_attempts_total{namespace="biran",pod_name="qwen-qwe-3db867ce-en3-0-6b-decode-5c6d8d69bd-mqr7w",port="8000",status="success",target_model_name="Qwen/Qwen3-0.6B"} 2638
inference_extension_scheduler_attempts_total{namespace="biran",pod_name="qwen-qwe-3db867ce-en3-0-6b-decode-5c6d8d69bd-nf48v",port="8000",status="success",target_model_name="Qwen/Qwen3-0.6B"} 826
inference_extension_scheduler_attempts_total{namespace="biran",pod_name="qwen-qwe-3db867ce-en3-0-6b-decode-5c6d8d69bd-nfxs4",port="8000",status="success",target_model_name="Qwen/Qwen3-0.6B"} 1496
inference_extension_scheduler_attempts_total{namespace="biran",pod_name="qwen-qwe-3db867ce-en3-0-6b-decode-5c6d8d69bd-nlb2q",port="8000",status="success",target_model_name="Qwen/Qwen3-0.6B"} 780
inference_extension_scheduler_attempts_total{namespace="biran",pod_name="qwen-qwe-3db867ce-en3-0-6b-decode-5c6d8d69bd-nr2t4",port="8000",status="success",target_model_name="Qwen/Qwen3-0.6B"} 790
inference_extension_scheduler_attempts_total{namespace="biran",pod_name="qwen-qwe-3db867ce-en3-0-6b-decode-5c6d8d69bd-nzhmk",port="8000",status="success",target_model_name="Qwen/Qwen3-0.6B"} 6480
inference_extension_scheduler_attempts_total{namespace="biran",pod_name="qwen-qwe-3db867ce-en3-0-6b-decode-5c6d8d69bd-p8nmg",port="8000",status="success",target_model_name="Qwen/Qwen3-0.6B"} 4624
inference_extension_scheduler_attempts_total{namespace="biran",pod_name="qwen-qwe-3db867ce-en3-0-6b-decode-5c6d8d69bd-p9ccj",port="8000",status="success",target_model_name="Qwen/Qwen3-0.6B"} 903
inference_extension_scheduler_attempts_total{namespace="biran",pod_name="qwen-qwe-3db867ce-en3-0-6b-decode-5c6d8d69bd-pjcqw",port="8000",status="success",target_model_name="Qwen/Qwen3-0.6B"} 198
inference_extension_scheduler_attempts_total{namespace="biran",pod_name="qwen-qwe-3db867ce-en3-0-6b-decode-5c6d8d69bd-pjpqv",port="8000",status="success",target_model_name="Qwen/Qwen3-0.6B"} 2512
inference_extension_scheduler_attempts_total{namespace="biran",pod_name="qwen-qwe-3db867ce-en3-0-6b-decode-5c6d8d69bd-pnnk5",port="8000",status="success",target_model_name="Qwen/Qwen3-0.6B"} 730
inference_extension_scheduler_attempts_total{namespace="biran",pod_name="qwen-qwe-3db867ce-en3-0-6b-decode-5c6d8d69bd-prlr6",port="8000",status="success",target_model_name="Qwen/Qwen3-0.6B"} 353
inference_extension_scheduler_attempts_total{namespace="biran",pod_name="qwen-qwe-3db867ce-en3-0-6b-decode-5c6d8d69bd-prx9z",port="8000",status="success",target_model_name="Qwen/Qwen3-0.6B"} 282
inference_extension_scheduler_attempts_total{namespace="biran",pod_name="qwen-qwe-3db867ce-en3-0-6b-decode-5c6d8d69bd-q2l98",port="8000",status="success",target_model_name="Qwen/Qwen3-0.6B"} 826
inference_extension_scheduler_attempts_total{namespace="biran",pod_name="qwen-qwe-3db867ce-en3-0-6b-decode-5c6d8d69bd-q6tbr",port="8000",status="success",target_model_name="Qwen/Qwen3-0.6B"} 1201
inference_extension_scheduler_attempts_total{namespace="biran",pod_name="qwen-qwe-3db867ce-en3-0-6b-decode-5c6d8d69bd-qbxrr",port="8000",status="success",target_model_name="Qwen/Qwen3-0.6B"} 469
inference_extension_scheduler_attempts_total{namespace="biran",pod_name="qwen-qwe-3db867ce-en3-0-6b-decode-5c6d8d69bd-qjwv8",port="8000",status="success",target_model_name="Qwen/Qwen3-0.6B"} 988
inference_extension_scheduler_attempts_total{namespace="biran",pod_name="qwen-qwe-3db867ce-en3-0-6b-decode-5c6d8d69bd-qrbmx",port="8000",status="success",target_model_name="Qwen/Qwen3-0.6B"} 1110
inference_extension_scheduler_attempts_total{namespace="biran",pod_name="qwen-qwe-3db867ce-en3-0-6b-decode-5c6d8d69bd-qwlkg",port="8000",status="success",target_model_name="Qwen/Qwen3-0.6B"} 622
inference_extension_scheduler_attempts_total{namespace="biran",pod_name="qwen-qwe-3db867ce-en3-0-6b-decode-5c6d8d69bd-r2b2f",port="8000",status="success",target_model_name="Qwen/Qwen3-0.6B"} 140
inference_extension_scheduler_attempts_total{namespace="biran",pod_name="qwen-qwe-3db867ce-en3-0-6b-decode-5c6d8d69bd-r6mrd",port="8000",status="success",target_model_name="Qwen/Qwen3-0.6B"} 736
inference_extension_scheduler_attempts_total{namespace="biran",pod_name="qwen-qwe-3db867ce-en3-0-6b-decode-5c6d8d69bd-r7qsn",port="8000",status="success",target_model_name="Qwen/Qwen3-0.6B"} 482
inference_extension_scheduler_attempts_total{namespace="biran",pod_name="qwen-qwe-3db867ce-en3-0-6b-decode-5c6d8d69bd-r998q",port="8000",status="success",target_model_name="Qwen/Qwen3-0.6B"} 8326
inference_extension_scheduler_attempts_total{namespace="biran",pod_name="qwen-qwe-3db867ce-en3-0-6b-decode-5c6d8d69bd-r9v9t",port="8000",status="success",target_model_name="Qwen/Qwen3-0.6B"} 2113
inference_extension_scheduler_attempts_total{namespace="biran",pod_name="qwen-qwe-3db867ce-en3-0-6b-decode-5c6d8d69bd-rfbx4",port="8000",status="success",target_model_name="Qwen/Qwen3-0.6B"} 789
inference_extension_scheduler_attempts_total{namespace="biran",pod_name="qwen-qwe-3db867ce-en3-0-6b-decode-5c6d8d69bd-rj98v",port="8000",status="success",target_model_name="Qwen/Qwen3-0.6B"} 357
inference_extension_scheduler_attempts_total{namespace="biran",pod_name="qwen-qwe-3db867ce-en3-0-6b-decode-5c6d8d69bd-rsg4l",port="8000",status="success",target_model_name="Qwen/Qwen3-0.6B"} 885
inference_extension_scheduler_attempts_total{namespace="biran",pod_name="qwen-qwe-3db867ce-en3-0-6b-decode-5c6d8d69bd-rt2km",port="8000",status="success",target_model_name="Qwen/Qwen3-0.6B"} 403
inference_extension_scheduler_attempts_total{namespace="biran",pod_name="qwen-qwe-3db867ce-en3-0-6b-decode-5c6d8d69bd-rxm4q",port="8000",status="success",target_model_name="Qwen/Qwen3-0.6B"} 3850
inference_extension_scheduler_attempts_total{namespace="biran",pod_name="qwen-qwe-3db867ce-en3-0-6b-decode-5c6d8d69bd-s48xc",port="8000",status="success",target_model_name="Qwen/Qwen3-0.6B"} 543
inference_extension_scheduler_attempts_total{namespace="biran",pod_name="qwen-qwe-3db867ce-en3-0-6b-decode-5c6d8d69bd-sxskf",port="8000",status="success",target_model_name="Qwen/Qwen3-0.6B"} 4360
inference_extension_scheduler_attempts_total{namespace="biran",pod_name="qwen-qwe-3db867ce-en3-0-6b-decode-5c6d8d69bd-t6hgv",port="8000",status="success",target_model_name="Qwen/Qwen3-0.6B"} 595
inference_extension_scheduler_attempts_total{namespace="biran",pod_name="qwen-qwe-3db867ce-en3-0-6b-decode-5c6d8d69bd-tgx7t",port="8000",status="success",target_model_name="Qwen/Qwen3-0.6B"} 169
inference_extension_scheduler_attempts_total{namespace="biran",pod_name="qwen-qwe-3db867ce-en3-0-6b-decode-5c6d8d69bd-tmbkn",port="8000",status="success",target_model_name="Qwen/Qwen3-0.6B"} 134
inference_extension_scheduler_attempts_total{namespace="biran",pod_name="qwen-qwe-3db867ce-en3-0-6b-decode-5c6d8d69bd-tqgqb",port="8000",status="success",target_model_name="Qwen/Qwen3-0.6B"} 403
inference_extension_scheduler_attempts_total{namespace="biran",pod_name="qwen-qwe-3db867ce-en3-0-6b-decode-5c6d8d69bd-tvd2x",port="8000",status="success",target_model_name="Qwen/Qwen3-0.6B"} 733
inference_extension_scheduler_attempts_total{namespace="biran",pod_name="qwen-qwe-3db867ce-en3-0-6b-decode-5c6d8d69bd-v2xdv",port="8000",status="success",target_model_name="Qwen/Qwen3-0.6B"} 418
inference_extension_scheduler_attempts_total{namespace="biran",pod_name="qwen-qwe-3db867ce-en3-0-6b-decode-5c6d8d69bd-v52lt",port="8000",status="success",target_model_name="Qwen/Qwen3-0.6B"} 1138
inference_extension_scheduler_attempts_total{namespace="biran",pod_name="qwen-qwe-3db867ce-en3-0-6b-decode-5c6d8d69bd-v7djg",port="8000",status="success",target_model_name="Qwen/Qwen3-0.6B"} 3711
inference_extension_scheduler_attempts_total{namespace="biran",pod_name="qwen-qwe-3db867ce-en3-0-6b-decode-5c6d8d69bd-vcf66",port="8000",status="success",target_model_name="Qwen/Qwen3-0.6B"} 3473
inference_extension_scheduler_attempts_total{namespace="biran",pod_name="qwen-qwe-3db867ce-en3-0-6b-decode-5c6d8d69bd-vj2mr",port="8000",status="success",target_model_name="Qwen/Qwen3-0.6B"} 567
inference_extension_scheduler_attempts_total{namespace="biran",pod_name="qwen-qwe-3db867ce-en3-0-6b-decode-5c6d8d69bd-vjvcv",port="8000",status="success",target_model_name="Qwen/Qwen3-0.6B"} 665
inference_extension_scheduler_attempts_total{namespace="biran",pod_name="qwen-qwe-3db867ce-en3-0-6b-decode-5c6d8d69bd-vvdct",port="8000",status="success",target_model_name="Qwen/Qwen3-0.6B"} 11581
inference_extension_scheduler_attempts_total{namespace="biran",pod_name="qwen-qwe-3db867ce-en3-0-6b-decode-5c6d8d69bd-vwnvd",port="8000",status="success",target_model_name="Qwen/Qwen3-0.6B"} 16513
inference_extension_scheduler_attempts_total{namespace="biran",pod_name="qwen-qwe-3db867ce-en3-0-6b-decode-5c6d8d69bd-w4cdh",port="8000",status="success",target_model_name="Qwen/Qwen3-0.6B"} 367
inference_extension_scheduler_attempts_total{namespace="biran",pod_name="qwen-qwe-3db867ce-en3-0-6b-decode-5c6d8d69bd-w8lfc",port="8000",status="success",target_model_name="Qwen/Qwen3-0.6B"} 3689
inference_extension_scheduler_attempts_total{namespace="biran",pod_name="qwen-qwe-3db867ce-en3-0-6b-decode-5c6d8d69bd-w8w7j",port="8000",status="success",target_model_name="Qwen/Qwen3-0.6B"} 4909
inference_extension_scheduler_attempts_total{namespace="biran",pod_name="qwen-qwe-3db867ce-en3-0-6b-decode-5c6d8d69bd-wh6hk",port="8000",status="success",target_model_name="Qwen/Qwen3-0.6B"} 378
inference_extension_scheduler_attempts_total{namespace="biran",pod_name="qwen-qwe-3db867ce-en3-0-6b-decode-5c6d8d69bd-wjf67",port="8000",status="success",target_model_name="Qwen/Qwen3-0.6B"} 412
inference_extension_scheduler_attempts_total{namespace="biran",pod_name="qwen-qwe-3db867ce-en3-0-6b-decode-5c6d8d69bd-wkgrw",port="8000",status="success",target_model_name="Qwen/Qwen3-0.6B"} 763
inference_extension_scheduler_attempts_total{namespace="biran",pod_name="qwen-qwe-3db867ce-en3-0-6b-decode-5c6d8d69bd-wkqqc",port="8000",status="success",target_model_name="Qwen/Qwen3-0.6B"} 815
inference_extension_scheduler_attempts_total{namespace="biran",pod_name="qwen-qwe-3db867ce-en3-0-6b-decode-5c6d8d69bd-wkrjl",port="8000",status="success",target_model_name="Qwen/Qwen3-0.6B"} 67
inference_extension_scheduler_attempts_total{namespace="biran",pod_name="qwen-qwe-3db867ce-en3-0-6b-decode-5c6d8d69bd-wpfks",port="8000",status="success",target_model_name="Qwen/Qwen3-0.6B"} 239
inference_extension_scheduler_attempts_total{namespace="biran",pod_name="qwen-qwe-3db867ce-en3-0-6b-decode-5c6d8d69bd-wttkw",port="8000",status="success",target_model_name="Qwen/Qwen3-0.6B"} 801
inference_extension_scheduler_attempts_total{namespace="biran",pod_name="qwen-qwe-3db867ce-en3-0-6b-decode-5c6d8d69bd-x2sc4",port="8000",status="success",target_model_name="Qwen/Qwen3-0.6B"} 629
inference_extension_scheduler_attempts_total{namespace="biran",pod_name="qwen-qwe-3db867ce-en3-0-6b-decode-5c6d8d69bd-xnm4w",port="8000",status="success",target_model_name="Qwen/Qwen3-0.6B"} 666
inference_extension_scheduler_attempts_total{namespace="biran",pod_name="qwen-qwe-3db867ce-en3-0-6b-decode-5c6d8d69bd-xxtxm",port="8000",status="success",target_model_name="Qwen/Qwen3-0.6B"} 406
inference_extension_scheduler_attempts_total{namespace="biran",pod_name="qwen-qwe-3db867ce-en3-0-6b-decode-5c6d8d69bd-z6pp7",port="8000",status="success",target_model_name="Qwen/Qwen3-0.6B"} 397
inference_extension_scheduler_attempts_total{namespace="biran",pod_name="qwen-qwe-3db867ce-en3-0-6b-decode-5c6d8d69bd-zh5rf",port="8000",status="success",target_model_name="Qwen/Qwen3-0.6B"} 559
inference_extension_scheduler_attempts_total{namespace="biran",pod_name="qwen-qwe-3db867ce-en3-0-6b-decode-5c6d8d69bd-zkbfj",port="8000",status="success",target_model_name="Qwen/Qwen3-0.6B"} 868
inference_extension_scheduler_attempts_total{namespace="biran",pod_name="qwen-qwe-3db867ce-en3-0-6b-decode-5c6d8d69bd-zwg2h",port="8000",status="success",target_model_name="Qwen/Qwen3-0.6B"} 79
# HELP inference_extension_scheduler_e2e_duration_seconds [ALPHA] [Deprecated: Use llm_d_epp_scheduler_e2e_duration_seconds] End-to-end scheduling latency distribution in seconds.
# TYPE inference_extension_scheduler_e2e_duration_seconds histogram
inference_extension_scheduler_e2e_duration_seconds_bucket{le="0.0001"} 4
inference_extension_scheduler_e2e_duration_seconds_bucket{le="0.0002"} 40224
inference_extension_scheduler_e2e_duration_seconds_bucket{le="0.0005"} 209188
inference_extension_scheduler_e2e_duration_seconds_bucket{le="0.001"} 233921
inference_extension_scheduler_e2e_duration_seconds_bucket{le="0.002"} 238281
inference_extension_scheduler_e2e_duration_seconds_bucket{le="0.005"} 241249
inference_extension_scheduler_e2e_duration_seconds_bucket{le="0.01"} 242755
inference_extension_scheduler_e2e_duration_seconds_bucket{le="0.02"} 243884
inference_extension_scheduler_e2e_duration_seconds_bucket{le="0.05"} 244662
inference_extension_scheduler_e2e_duration_seconds_bucket{le="0.1"} 244729
inference_extension_scheduler_e2e_duration_seconds_bucket{le="+Inf"} 244731
inference_extension_scheduler_e2e_duration_seconds_sum 142.89195887500063
inference_extension_scheduler_e2e_duration_seconds_count 244731
# HELP inference_objective_input_tokens [ALPHA] [Deprecated: Use llm_d_epp_input_tokens] Inference objective input token count distribution for requests in each model.
# TYPE inference_objective_input_tokens histogram
inference_objective_input_tokens_bucket{model_name="Qwen/Qwen3-0.6B",target_model_name="Qwen/Qwen3-0.6B",le="1"} 0
inference_objective_input_tokens_bucket{model_name="Qwen/Qwen3-0.6B",target_model_name="Qwen/Qwen3-0.6B",le="8"} 0
inference_objective_input_tokens_bucket{model_name="Qwen/Qwen3-0.6B",target_model_name="Qwen/Qwen3-0.6B",le="16"} 0
inference_objective_input_tokens_bucket{model_name="Qwen/Qwen3-0.6B",target_model_name="Qwen/Qwen3-0.6B",le="32"} 0
inference_objective_input_tokens_bucket{model_name="Qwen/Qwen3-0.6B",target_model_name="Qwen/Qwen3-0.6B",le="64"} 0
inference_objective_input_tokens_bucket{model_name="Qwen/Qwen3-0.6B",target_model_name="Qwen/Qwen3-0.6B",le="128"} 0
inference_objective_input_tokens_bucket{model_name="Qwen/Qwen3-0.6B",target_model_name="Qwen/Qwen3-0.6B",le="256"} 0
inference_objective_input_tokens_bucket{model_name="Qwen/Qwen3-0.6B",target_model_name="Qwen/Qwen3-0.6B",le="512"} 0
inference_objective_input_tokens_bucket{model_name="Qwen/Qwen3-0.6B",target_model_name="Qwen/Qwen3-0.6B",le="1024"} 0
inference_objective_input_tokens_bucket{model_name="Qwen/Qwen3-0.6B",target_model_name="Qwen/Qwen3-0.6B",le="2048"} 0
inference_objective_input_tokens_bucket{model_name="Qwen/Qwen3-0.6B",target_model_name="Qwen/Qwen3-0.6B",le="4096"} 5.111915e+06
inference_objective_input_tokens_bucket{model_name="Qwen/Qwen3-0.6B",target_model_name="Qwen/Qwen3-0.6B",le="8192"} 5.111915e+06
inference_objective_input_tokens_bucket{model_name="Qwen/Qwen3-0.6B",target_model_name="Qwen/Qwen3-0.6B",le="16384"} 5.111915e+06
inference_objective_input_tokens_bucket{model_name="Qwen/Qwen3-0.6B",target_model_name="Qwen/Qwen3-0.6B",le="32778"} 5.111915e+06
inference_objective_input_tokens_bucket{model_name="Qwen/Qwen3-0.6B",target_model_name="Qwen/Qwen3-0.6B",le="65536"} 5.111915e+06
inference_objective_input_tokens_bucket{model_name="Qwen/Qwen3-0.6B",target_model_name="Qwen/Qwen3-0.6B",le="131072"} 5.111915e+06
inference_objective_input_tokens_bucket{model_name="Qwen/Qwen3-0.6B",target_model_name="Qwen/Qwen3-0.6B",le="262144"} 5.111915e+06
inference_objective_input_tokens_bucket{model_name="Qwen/Qwen3-0.6B",target_model_name="Qwen/Qwen3-0.6B",le="524288"} 5.111915e+06
inference_objective_input_tokens_bucket{model_name="Qwen/Qwen3-0.6B",target_model_name="Qwen/Qwen3-0.6B",le="1.048576e+06"} 5.111915e+06
inference_objective_input_tokens_bucket{model_name="Qwen/Qwen3-0.6B",target_model_name="Qwen/Qwen3-0.6B",le="+Inf"} 5.111915e+06
inference_objective_input_tokens_sum{model_name="Qwen/Qwen3-0.6B",target_model_name="Qwen/Qwen3-0.6B"} 2.0452534663e+10
inference_objective_input_tokens_count{model_name="Qwen/Qwen3-0.6B",target_model_name="Qwen/Qwen3-0.6B"} 5.111915e+06
# HELP inference_objective_normalized_time_per_output_token_seconds [ALPHA] [Deprecated: Use llm_d_epp_normalized_time_per_output_token_seconds] Inference objective latency divided by number of output tokens in seconds for each model and target model.
# TYPE inference_objective_normalized_time_per_output_token_seconds histogram
inference_objective_normalized_time_per_output_token_seconds_bucket{model_name="Qwen/Qwen3-0.6B",target_model_name="Qwen/Qwen3-0.6B",le="0.001"} 0
inference_objective_normalized_time_per_output_token_seconds_bucket{model_name="Qwen/Qwen3-0.6B",target_model_name="Qwen/Qwen3-0.6B",le="0.002"} 0
inference_objective_normalized_time_per_output_token_seconds_bucket{model_name="Qwen/Qwen3-0.6B",target_model_name="Qwen/Qwen3-0.6B",le="0.005"} 0
inference_objective_normalized_time_per_output_token_seconds_bucket{model_name="Qwen/Qwen3-0.6B",target_model_name="Qwen/Qwen3-0.6B",le="0.01"} 46186
inference_objective_normalized_time_per_output_token_seconds_bucket{model_name="Qwen/Qwen3-0.6B",target_model_name="Qwen/Qwen3-0.6B",le="0.02"} 199930
inference_objective_normalized_time_per_output_token_seconds_bucket{model_name="Qwen/Qwen3-0.6B",target_model_name="Qwen/Qwen3-0.6B",le="0.05"} 222960
inference_objective_normalized_time_per_output_token_seconds_bucket{model_name="Qwen/Qwen3-0.6B",target_model_name="Qwen/Qwen3-0.6B",le="0.1"} 236594
inference_objective_normalized_time_per_output_token_seconds_bucket{model_name="Qwen/Qwen3-0.6B",target_model_name="Qwen/Qwen3-0.6B",le="0.2"} 242055
inference_objective_normalized_time_per_output_token_seconds_bucket{model_name="Qwen/Qwen3-0.6B",target_model_name="Qwen/Qwen3-0.6B",le="0.5"} 242055
inference_objective_normalized_time_per_output_token_seconds_bucket{model_name="Qwen/Qwen3-0.6B",target_model_name="Qwen/Qwen3-0.6B",le="1"} 242055
inference_objective_normalized_time_per_output_token_seconds_bucket{model_name="Qwen/Qwen3-0.6B",target_model_name="Qwen/Qwen3-0.6B",le="2"} 242055
inference_objective_normalized_time_per_output_token_seconds_bucket{model_name="Qwen/Qwen3-0.6B",target_model_name="Qwen/Qwen3-0.6B",le="5"} 242055
inference_objective_normalized_time_per_output_token_seconds_bucket{model_name="Qwen/Qwen3-0.6B",target_model_name="Qwen/Qwen3-0.6B",le="10"} 242055
inference_objective_normalized_time_per_output_token_seconds_bucket{model_name="Qwen/Qwen3-0.6B",target_model_name="Qwen/Qwen3-0.6B",le="+Inf"} 242055
inference_objective_normalized_time_per_output_token_seconds_sum{model_name="Qwen/Qwen3-0.6B",target_model_name="Qwen/Qwen3-0.6B"} 4680.222659177195
inference_objective_normalized_time_per_output_token_seconds_count{model_name="Qwen/Qwen3-0.6B",target_model_name="Qwen/Qwen3-0.6B"} 242055
# HELP inference_objective_output_tokens [ALPHA] [Deprecated: Use llm_d_epp_output_tokens] Inference objective output token count distribution for requests in each model.
# TYPE inference_objective_output_tokens histogram
inference_objective_output_tokens_bucket{model_name="Qwen/Qwen3-0.6B",target_model_name="Qwen/Qwen3-0.6B",le="1"} 5034
inference_objective_output_tokens_bucket{model_name="Qwen/Qwen3-0.6B",target_model_name="Qwen/Qwen3-0.6B",le="8"} 40214
inference_objective_output_tokens_bucket{model_name="Qwen/Qwen3-0.6B",target_model_name="Qwen/Qwen3-0.6B",le="16"} 80306
inference_objective_output_tokens_bucket{model_name="Qwen/Qwen3-0.6B",target_model_name="Qwen/Qwen3-0.6B",le="32"} 160129
inference_objective_output_tokens_bucket{model_name="Qwen/Qwen3-0.6B",target_model_name="Qwen/Qwen3-0.6B",le="64"} 318418
inference_objective_output_tokens_bucket{model_name="Qwen/Qwen3-0.6B",target_model_name="Qwen/Qwen3-0.6B",le="128"} 634161
inference_objective_output_tokens_bucket{model_name="Qwen/Qwen3-0.6B",target_model_name="Qwen/Qwen3-0.6B",le="256"} 1.272908e+06
inference_objective_output_tokens_bucket{model_name="Qwen/Qwen3-0.6B",target_model_name="Qwen/Qwen3-0.6B",le="512"} 2.520346e+06
inference_objective_output_tokens_bucket{model_name="Qwen/Qwen3-0.6B",target_model_name="Qwen/Qwen3-0.6B",le="1024"} 5.111915e+06
inference_objective_output_tokens_bucket{model_name="Qwen/Qwen3-0.6B",target_model_name="Qwen/Qwen3-0.6B",le="2048"} 5.111915e+06
inference_objective_output_tokens_bucket{model_name="Qwen/Qwen3-0.6B",target_model_name="Qwen/Qwen3-0.6B",le="4096"} 5.111915e+06
inference_objective_output_tokens_bucket{model_name="Qwen/Qwen3-0.6B",target_model_name="Qwen/Qwen3-0.6B",le="8192"} 5.111915e+06
inference_objective_output_tokens_bucket{model_name="Qwen/Qwen3-0.6B",target_model_name="Qwen/Qwen3-0.6B",le="+Inf"} 5.111915e+06
inference_objective_output_tokens_sum{model_name="Qwen/Qwen3-0.6B",target_model_name="Qwen/Qwen3-0.6B"} 2.658656034e+09
inference_objective_output_tokens_count{model_name="Qwen/Qwen3-0.6B",target_model_name="Qwen/Qwen3-0.6B"} 5.111915e+06
# HELP inference_objective_request_duration_seconds [ALPHA] [Deprecated: Use llm_d_epp_request_duration_seconds] Inference objective response latency distribution in seconds for each model and target model.
# TYPE inference_objective_request_duration_seconds histogram
inference_objective_request_duration_seconds_bucket{model_name="",target_model_name="",le="0.005"} 14
inference_objective_request_duration_seconds_bucket{model_name="",target_model_name="",le="0.025"} 14
inference_objective_request_duration_seconds_bucket{model_name="",target_model_name="",le="0.05"} 14
inference_objective_request_duration_seconds_bucket{model_name="",target_model_name="",le="0.1"} 14
inference_objective_request_duration_seconds_bucket{model_name="",target_model_name="",le="0.2"} 14
inference_objective_request_duration_seconds_bucket{model_name="",target_model_name="",le="0.4"} 14
inference_objective_request_duration_seconds_bucket{model_name="",target_model_name="",le="0.6"} 14
inference_objective_request_duration_seconds_bucket{model_name="",target_model_name="",le="0.8"} 14
inference_objective_request_duration_seconds_bucket{model_name="",target_model_name="",le="1"} 14
inference_objective_request_duration_seconds_bucket{model_name="",target_model_name="",le="1.25"} 14
inference_objective_request_duration_seconds_bucket{model_name="",target_model_name="",le="1.5"} 14
inference_objective_request_duration_seconds_bucket{model_name="",target_model_name="",le="2"} 14
inference_objective_request_duration_seconds_bucket{model_name="",target_model_name="",le="3"} 14
inference_objective_request_duration_seconds_bucket{model_name="",target_model_name="",le="4"} 14
inference_objective_request_duration_seconds_bucket{model_name="",target_model_name="",le="5"} 14
inference_objective_request_duration_seconds_bucket{model_name="",target_model_name="",le="6"} 14
inference_objective_request_duration_seconds_bucket{model_name="",target_model_name="",le="8"} 14
inference_objective_request_duration_seconds_bucket{model_name="",target_model_name="",le="10"} 14
inference_objective_request_duration_seconds_bucket{model_name="",target_model_name="",le="15"} 14
inference_objective_request_duration_seconds_bucket{model_name="",target_model_name="",le="20"} 14
inference_objective_request_duration_seconds_bucket{model_name="",target_model_name="",le="30"} 14
inference_objective_request_duration_seconds_bucket{model_name="",target_model_name="",le="45"} 14
inference_objective_request_duration_seconds_bucket{model_name="",target_model_name="",le="60"} 14
inference_objective_request_duration_seconds_bucket{model_name="",target_model_name="",le="120"} 14
inference_objective_request_duration_seconds_bucket{model_name="",target_model_name="",le="180"} 14
inference_objective_request_duration_seconds_bucket{model_name="",target_model_name="",le="240"} 14
inference_objective_request_duration_seconds_bucket{model_name="",target_model_name="",le="300"} 14
inference_objective_request_duration_seconds_bucket{model_name="",target_model_name="",le="360"} 14
inference_objective_request_duration_seconds_bucket{model_name="",target_model_name="",le="480"} 14
inference_objective_request_duration_seconds_bucket{model_name="",target_model_name="",le="600"} 14
inference_objective_request_duration_seconds_bucket{model_name="",target_model_name="",le="900"} 14
inference_objective_request_duration_seconds_bucket{model_name="",target_model_name="",le="1200"} 14
inference_objective_request_duration_seconds_bucket{model_name="",target_model_name="",le="1800"} 14
inference_objective_request_duration_seconds_bucket{model_name="",target_model_name="",le="2700"} 14
inference_objective_request_duration_seconds_bucket{model_name="",target_model_name="",le="3600"} 14
inference_objective_request_duration_seconds_bucket{model_name="",target_model_name="",le="+Inf"} 14
inference_objective_request_duration_seconds_sum{model_name="",target_model_name=""} 0.033842551000000005
inference_objective_request_duration_seconds_count{model_name="",target_model_name=""} 14
inference_objective_request_duration_seconds_bucket{model_name="Qwen/Qwen3-0.6B",target_model_name="Qwen/Qwen3-0.6B",le="0.005"} 3
inference_objective_request_duration_seconds_bucket{model_name="Qwen/Qwen3-0.6B",target_model_name="Qwen/Qwen3-0.6B",le="0.025"} 5
inference_objective_request_duration_seconds_bucket{model_name="Qwen/Qwen3-0.6B",target_model_name="Qwen/Qwen3-0.6B",le="0.05"} 7
inference_objective_request_duration_seconds_bucket{model_name="Qwen/Qwen3-0.6B",target_model_name="Qwen/Qwen3-0.6B",le="0.1"} 7
inference_objective_request_duration_seconds_bucket{model_name="Qwen/Qwen3-0.6B",target_model_name="Qwen/Qwen3-0.6B",le="0.2"} 7
inference_objective_request_duration_seconds_bucket{model_name="Qwen/Qwen3-0.6B",target_model_name="Qwen/Qwen3-0.6B",le="0.4"} 8
inference_objective_request_duration_seconds_bucket{model_name="Qwen/Qwen3-0.6B",target_model_name="Qwen/Qwen3-0.6B",le="0.6"} 8
inference_objective_request_duration_seconds_bucket{model_name="Qwen/Qwen3-0.6B",target_model_name="Qwen/Qwen3-0.6B",le="0.8"} 8
inference_objective_request_duration_seconds_bucket{model_name="Qwen/Qwen3-0.6B",target_model_name="Qwen/Qwen3-0.6B",le="1"} 8
inference_objective_request_duration_seconds_bucket{model_name="Qwen/Qwen3-0.6B",target_model_name="Qwen/Qwen3-0.6B",le="1.25"} 8
inference_objective_request_duration_seconds_bucket{model_name="Qwen/Qwen3-0.6B",target_model_name="Qwen/Qwen3-0.6B",le="1.5"} 8
inference_objective_request_duration_seconds_bucket{model_name="Qwen/Qwen3-0.6B",target_model_name="Qwen/Qwen3-0.6B",le="2"} 8
inference_objective_request_duration_seconds_bucket{model_name="Qwen/Qwen3-0.6B",target_model_name="Qwen/Qwen3-0.6B",le="3"} 6355
inference_objective_request_duration_seconds_bucket{model_name="Qwen/Qwen3-0.6B",target_model_name="Qwen/Qwen3-0.6B",le="4"} 11769
inference_objective_request_duration_seconds_bucket{model_name="Qwen/Qwen3-0.6B",target_model_name="Qwen/Qwen3-0.6B",le="5"} 12012
inference_objective_request_duration_seconds_bucket{model_name="Qwen/Qwen3-0.6B",target_model_name="Qwen/Qwen3-0.6B",le="6"} 12013
inference_objective_request_duration_seconds_bucket{model_name="Qwen/Qwen3-0.6B",target_model_name="Qwen/Qwen3-0.6B",le="8"} 12020
inference_objective_request_duration_seconds_bucket{model_name="Qwen/Qwen3-0.6B",target_model_name="Qwen/Qwen3-0.6B",le="10"} 58194
inference_objective_request_duration_seconds_bucket{model_name="Qwen/Qwen3-0.6B",target_model_name="Qwen/Qwen3-0.6B",le="15"} 176578
inference_objective_request_duration_seconds_bucket{model_name="Qwen/Qwen3-0.6B",target_model_name="Qwen/Qwen3-0.6B",le="20"} 199938
inference_objective_request_duration_seconds_bucket{model_name="Qwen/Qwen3-0.6B",target_model_name="Qwen/Qwen3-0.6B",le="30"} 209494
inference_objective_request_duration_seconds_bucket{model_name="Qwen/Qwen3-0.6B",target_model_name="Qwen/Qwen3-0.6B",le="45"} 220903
inference_objective_request_duration_seconds_bucket{model_name="Qwen/Qwen3-0.6B",target_model_name="Qwen/Qwen3-0.6B",le="60"} 226897
inference_objective_request_duration_seconds_bucket{model_name="Qwen/Qwen3-0.6B",target_model_name="Qwen/Qwen3-0.6B",le="120"} 240385
inference_objective_request_duration_seconds_bucket{model_name="Qwen/Qwen3-0.6B",target_model_name="Qwen/Qwen3-0.6B",le="180"} 242063
inference_objective_request_duration_seconds_bucket{model_name="Qwen/Qwen3-0.6B",target_model_name="Qwen/Qwen3-0.6B",le="240"} 242063
inference_objective_request_duration_seconds_bucket{model_name="Qwen/Qwen3-0.6B",target_model_name="Qwen/Qwen3-0.6B",le="300"} 242063
inference_objective_request_duration_seconds_bucket{model_name="Qwen/Qwen3-0.6B",target_model_name="Qwen/Qwen3-0.6B",le="360"} 242063
inference_objective_request_duration_seconds_bucket{model_name="Qwen/Qwen3-0.6B",target_model_name="Qwen/Qwen3-0.6B",le="480"} 242063
inference_objective_request_duration_seconds_bucket{model_name="Qwen/Qwen3-0.6B",target_model_name="Qwen/Qwen3-0.6B",le="600"} 242063
inference_objective_request_duration_seconds_bucket{model_name="Qwen/Qwen3-0.6B",target_model_name="Qwen/Qwen3-0.6B",le="900"} 242063
inference_objective_request_duration_seconds_bucket{model_name="Qwen/Qwen3-0.6B",target_model_name="Qwen/Qwen3-0.6B",le="1200"} 242063
inference_objective_request_duration_seconds_bucket{model_name="Qwen/Qwen3-0.6B",target_model_name="Qwen/Qwen3-0.6B",le="1800"} 242063
inference_objective_request_duration_seconds_bucket{model_name="Qwen/Qwen3-0.6B",target_model_name="Qwen/Qwen3-0.6B",le="2700"} 242063
inference_objective_request_duration_seconds_bucket{model_name="Qwen/Qwen3-0.6B",target_model_name="Qwen/Qwen3-0.6B",le="3600"} 242063
inference_objective_request_duration_seconds_bucket{model_name="Qwen/Qwen3-0.6B",target_model_name="Qwen/Qwen3-0.6B",le="+Inf"} 242063
inference_objective_request_duration_seconds_sum{model_name="Qwen/Qwen3-0.6B",target_model_name="Qwen/Qwen3-0.6B"} 4.571339794447071e+06
inference_objective_request_duration_seconds_count{model_name="Qwen/Qwen3-0.6B",target_model_name="Qwen/Qwen3-0.6B"} 242063
# HELP inference_objective_request_error_total [ALPHA] [Deprecated: Use llm_d_epp_request_error_total] Counter of inference objective requests errors broken out for each model and target model.
# TYPE inference_objective_request_error_total counter
inference_objective_request_error_total{error_code="Internal",model_name="",target_model_name=""} 10
inference_objective_request_error_total{error_code="ServiceUnavailable",model_name="Qwen/Qwen3-0.6B",target_model_name="Qwen/Qwen3-0.6B"} 546
# HELP inference_objective_request_sizes [ALPHA] [Deprecated: Use llm_d_epp_request_sizes] Inference objective requests size distribution in bytes for each model and target model.
# TYPE inference_objective_request_sizes histogram
inference_objective_request_sizes_bucket{model_name="Qwen/Qwen3-0.6B",target_model_name="Qwen/Qwen3-0.6B",le="64"} 0
inference_objective_request_sizes_bucket{model_name="Qwen/Qwen3-0.6B",target_model_name="Qwen/Qwen3-0.6B",le="128"} 0
inference_objective_request_sizes_bucket{model_name="Qwen/Qwen3-0.6B",target_model_name="Qwen/Qwen3-0.6B",le="256"} 0
inference_objective_request_sizes_bucket{model_name="Qwen/Qwen3-0.6B",target_model_name="Qwen/Qwen3-0.6B",le="512"} 0
inference_objective_request_sizes_bucket{model_name="Qwen/Qwen3-0.6B",target_model_name="Qwen/Qwen3-0.6B",le="1024"} 0
inference_objective_request_sizes_bucket{model_name="Qwen/Qwen3-0.6B",target_model_name="Qwen/Qwen3-0.6B",le="2048"} 0
inference_objective_request_sizes_bucket{model_name="Qwen/Qwen3-0.6B",target_model_name="Qwen/Qwen3-0.6B",le="4096"} 0
inference_objective_request_sizes_bucket{model_name="Qwen/Qwen3-0.6B",target_model_name="Qwen/Qwen3-0.6B",le="8192"} 0
inference_objective_request_sizes_bucket{model_name="Qwen/Qwen3-0.6B",target_model_name="Qwen/Qwen3-0.6B",le="16384"} 0
inference_objective_request_sizes_bucket{model_name="Qwen/Qwen3-0.6B",target_model_name="Qwen/Qwen3-0.6B",le="32768"} 244731
inference_objective_request_sizes_bucket{model_name="Qwen/Qwen3-0.6B",target_model_name="Qwen/Qwen3-0.6B",le="65536"} 244731
inference_objective_request_sizes_bucket{model_name="Qwen/Qwen3-0.6B",target_model_name="Qwen/Qwen3-0.6B",le="131072"} 244731
inference_objective_request_sizes_bucket{model_name="Qwen/Qwen3-0.6B",target_model_name="Qwen/Qwen3-0.6B",le="262144"} 244731
inference_objective_request_sizes_bucket{model_name="Qwen/Qwen3-0.6B",target_model_name="Qwen/Qwen3-0.6B",le="524288"} 244731
inference_objective_request_sizes_bucket{model_name="Qwen/Qwen3-0.6B",target_model_name="Qwen/Qwen3-0.6B",le="1.048576e+06"} 244731
inference_objective_request_sizes_bucket{model_name="Qwen/Qwen3-0.6B",target_model_name="Qwen/Qwen3-0.6B",le="2.097152e+06"} 244731
inference_objective_request_sizes_bucket{model_name="Qwen/Qwen3-0.6B",target_model_name="Qwen/Qwen3-0.6B",le="4.194304e+06"} 244731
inference_objective_request_sizes_bucket{model_name="Qwen/Qwen3-0.6B",target_model_name="Qwen/Qwen3-0.6B",le="8.388608e+06"} 244731
inference_objective_request_sizes_bucket{model_name="Qwen/Qwen3-0.6B",target_model_name="Qwen/Qwen3-0.6B",le="1.6777216e+07"} 244731
inference_objective_request_sizes_bucket{model_name="Qwen/Qwen3-0.6B",target_model_name="Qwen/Qwen3-0.6B",le="3.3554432e+07"} 244731
inference_objective_request_sizes_bucket{model_name="Qwen/Qwen3-0.6B",target_model_name="Qwen/Qwen3-0.6B",le="6.7108864e+07"} 244731
inference_objective_request_sizes_bucket{model_name="Qwen/Qwen3-0.6B",target_model_name="Qwen/Qwen3-0.6B",le="1.34217728e+08"} 244731
inference_objective_request_sizes_bucket{model_name="Qwen/Qwen3-0.6B",target_model_name="Qwen/Qwen3-0.6B",le="2.68435456e+08"} 244731
inference_objective_request_sizes_bucket{model_name="Qwen/Qwen3-0.6B",target_model_name="Qwen/Qwen3-0.6B",le="5.36870912e+08"} 244731
inference_objective_request_sizes_bucket{model_name="Qwen/Qwen3-0.6B",target_model_name="Qwen/Qwen3-0.6B",le="1.073741824e+09"} 244731
inference_objective_request_sizes_bucket{model_name="Qwen/Qwen3-0.6B",target_model_name="Qwen/Qwen3-0.6B",le="+Inf"} 244731
inference_objective_request_sizes_sum{model_name="Qwen/Qwen3-0.6B",target_model_name="Qwen/Qwen3-0.6B"} 6.110266057e+09
inference_objective_request_sizes_count{model_name="Qwen/Qwen3-0.6B",target_model_name="Qwen/Qwen3-0.6B"} 244731
# HELP inference_objective_request_total [ALPHA] [Deprecated: Use llm_d_epp_request_total] Counter of inference objective requests broken out for each model and target model.
# TYPE inference_objective_request_total counter
inference_objective_request_total{model_name="Qwen/Qwen3-0.6B",priority="0",target_model_name="Qwen/Qwen3-0.6B"} 244731
# HELP inference_objective_response_sizes [ALPHA] [Deprecated: Use llm_d_epp_response_sizes] Inference objective responses size distribution in bytes for each model and target model.
# TYPE inference_objective_response_sizes histogram
inference_objective_response_sizes_bucket{model_name="",target_model_name="",le="1"} 0
inference_objective_response_sizes_bucket{model_name="",target_model_name="",le="8"} 0
inference_objective_response_sizes_bucket{model_name="",target_model_name="",le="16"} 0
inference_objective_response_sizes_bucket{model_name="",target_model_name="",le="32"} 0
inference_objective_response_sizes_bucket{model_name="",target_model_name="",le="64"} 0
inference_objective_response_sizes_bucket{model_name="",target_model_name="",le="128"} 0
inference_objective_response_sizes_bucket{model_name="",target_model_name="",le="256"} 0
inference_objective_response_sizes_bucket{model_name="",target_model_name="",le="512"} 14
inference_objective_response_sizes_bucket{model_name="",target_model_name="",le="1024"} 14
inference_objective_response_sizes_bucket{model_name="",target_model_name="",le="2048"} 14
inference_objective_response_sizes_bucket{model_name="",target_model_name="",le="4096"} 14
inference_objective_response_sizes_bucket{model_name="",target_model_name="",le="8192"} 14
inference_objective_response_sizes_bucket{model_name="",target_model_name="",le="16384"} 14
inference_objective_response_sizes_bucket{model_name="",target_model_name="",le="32778"} 14
inference_objective_response_sizes_bucket{model_name="",target_model_name="",le="65536"} 14
inference_objective_response_sizes_bucket{model_name="",target_model_name="",le="+Inf"} 14
inference_objective_response_sizes_sum{model_name="",target_model_name=""} 6776
inference_objective_response_sizes_count{model_name="",target_model_name=""} 14
inference_objective_response_sizes_bucket{model_name="Qwen/Qwen3-0.6B",target_model_name="Qwen/Qwen3-0.6B",le="1"} 0
inference_objective_response_sizes_bucket{model_name="Qwen/Qwen3-0.6B",target_model_name="Qwen/Qwen3-0.6B",le="8"} 0
inference_objective_response_sizes_bucket{model_name="Qwen/Qwen3-0.6B",target_model_name="Qwen/Qwen3-0.6B",le="16"} 0
inference_objective_response_sizes_bucket{model_name="Qwen/Qwen3-0.6B",target_model_name="Qwen/Qwen3-0.6B",le="32"} 0
inference_objective_response_sizes_bucket{model_name="Qwen/Qwen3-0.6B",target_model_name="Qwen/Qwen3-0.6B",le="64"} 0
inference_objective_response_sizes_bucket{model_name="Qwen/Qwen3-0.6B",target_model_name="Qwen/Qwen3-0.6B",le="128"} 1
inference_objective_response_sizes_bucket{model_name="Qwen/Qwen3-0.6B",target_model_name="Qwen/Qwen3-0.6B",le="256"} 8
inference_objective_response_sizes_bucket{model_name="Qwen/Qwen3-0.6B",target_model_name="Qwen/Qwen3-0.6B",le="512"} 8
inference_objective_response_sizes_bucket{model_name="Qwen/Qwen3-0.6B",target_model_name="Qwen/Qwen3-0.6B",le="1024"} 8
inference_objective_response_sizes_bucket{model_name="Qwen/Qwen3-0.6B",target_model_name="Qwen/Qwen3-0.6B",le="2048"} 8
inference_objective_response_sizes_bucket{model_name="Qwen/Qwen3-0.6B",target_model_name="Qwen/Qwen3-0.6B",le="4096"} 8
inference_objective_response_sizes_bucket{model_name="Qwen/Qwen3-0.6B",target_model_name="Qwen/Qwen3-0.6B",le="8192"} 8
inference_objective_response_sizes_bucket{model_name="Qwen/Qwen3-0.6B",target_model_name="Qwen/Qwen3-0.6B",le="16384"} 8
inference_objective_response_sizes_bucket{model_name="Qwen/Qwen3-0.6B",target_model_name="Qwen/Qwen3-0.6B",le="32778"} 8
inference_objective_response_sizes_bucket{model_name="Qwen/Qwen3-0.6B",target_model_name="Qwen/Qwen3-0.6B",le="65536"} 18
inference_objective_response_sizes_bucket{model_name="Qwen/Qwen3-0.6B",target_model_name="Qwen/Qwen3-0.6B",le="+Inf"} 242063
inference_objective_response_sizes_sum{model_name="Qwen/Qwen3-0.6B",target_model_name="Qwen/Qwen3-0.6B"} 6.2821014638e+10
inference_objective_response_sizes_count{model_name="Qwen/Qwen3-0.6B",target_model_name="Qwen/Qwen3-0.6B"} 242063
# HELP inference_objective_running_requests [ALPHA] [Deprecated: Use llm_d_epp_running_requests] Inference objective number of running requests in each model.
# TYPE inference_objective_running_requests gauge
inference_objective_running_requests{model_name="Qwen/Qwen3-0.6B"} 138
# HELP inference_pool_average_kv_cache_utilization [ALPHA] [Deprecated: Use llm_d_epp_average_kv_cache_utilization] The average kv cache utilization for an inference server pool.
# TYPE inference_pool_average_kv_cache_utilization gauge
inference_pool_average_kv_cache_utilization{name="qwen-qwe-3db867ce-en3-0-6b-router"} 0.17735492010092516
# HELP inference_pool_average_queue_size [ALPHA] [Deprecated: Use llm_d_epp_average_queue_size] The average number of requests pending in the model server queue.
# TYPE inference_pool_average_queue_size gauge
inference_pool_average_queue_size{name="qwen-qwe-3db867ce-en3-0-6b-router"} 0
# HELP inference_pool_average_running_requests [ALPHA] [Deprecated: Use llm_d_epp_average_running_requests] The average number of running requests across model servers in the pool.
# TYPE inference_pool_average_running_requests gauge
inference_pool_average_running_requests{name="qwen-qwe-3db867ce-en3-0-6b-router"} 23.666666666666668
# HELP inference_pool_per_pod_queue_size [ALPHA] The total number of requests pending in the model server queue for each underlying pod.
# TYPE inference_pool_per_pod_queue_size gauge
inference_pool_per_pod_queue_size{model_server_pod="qwen-qwe-3db867ce-en3-0-6b-decode-5c6d8d69bd-cmtdc-rank-0",name="qwen-qwe-3db867ce-en3-0-6b-router"} 0
inference_pool_per_pod_queue_size{model_server_pod="qwen-qwe-3db867ce-en3-0-6b-decode-5c6d8d69bd-cmtq6-rank-0",name="qwen-qwe-3db867ce-en3-0-6b-router"} 0
inference_pool_per_pod_queue_size{model_server_pod="qwen-qwe-3db867ce-en3-0-6b-decode-5c6d8d69bd-gsvmg-rank-0",name="qwen-qwe-3db867ce-en3-0-6b-router"} 0
inference_pool_per_pod_queue_size{model_server_pod="qwen-qwe-3db867ce-en3-0-6b-decode-5c6d8d69bd-jj8gm-rank-0",name="qwen-qwe-3db867ce-en3-0-6b-router"} 0
inference_pool_per_pod_queue_size{model_server_pod="qwen-qwe-3db867ce-en3-0-6b-decode-5c6d8d69bd-nfxs4-rank-0",name="qwen-qwe-3db867ce-en3-0-6b-router"} 0
inference_pool_per_pod_queue_size{model_server_pod="qwen-qwe-3db867ce-en3-0-6b-decode-5c6d8d69bd-v7djg-rank-0",name="qwen-qwe-3db867ce-en3-0-6b-router"} 0
# HELP inference_pool_ready_pods [ALPHA] [Deprecated: Use llm_d_epp_ready_endpoints] The number of ready pods in the inference server pool.
# TYPE inference_pool_ready_pods gauge
inference_pool_ready_pods{name="qwen-qwe-3db867ce-en3-0-6b-router"} 6
# HELP llm_d_epp_average_kv_cache_utilization [ALPHA] The average kv cache utilization for an inference server pool.
# TYPE llm_d_epp_average_kv_cache_utilization gauge
llm_d_epp_average_kv_cache_utilization{name="qwen-qwe-3db867ce-en3-0-6b-router"} 0.17735492010092516
# HELP llm_d_epp_average_queue_size [ALPHA] The average number of requests pending in the model server queue.
# TYPE llm_d_epp_average_queue_size gauge
llm_d_epp_average_queue_size{name="qwen-qwe-3db867ce-en3-0-6b-router"} 0
# HELP llm_d_epp_average_running_requests [ALPHA] The average number of running requests across model servers in the pool.
# TYPE llm_d_epp_average_running_requests gauge
llm_d_epp_average_running_requests{name="qwen-qwe-3db867ce-en3-0-6b-router"} 23.666666666666668
# HELP llm_d_epp_datalayer_poll_errors_total [ALPHA] Data-source poll errors per source type.
# TYPE llm_d_epp_datalayer_poll_errors_total counter
llm_d_epp_datalayer_poll_errors_total{source_type="metrics-data-source"} 80
# HELP llm_d_epp_flow_control_dispatch_cycle_duration_seconds [ALPHA] Distribution of time taken for each internal dispatch cycle in the Flow Control layer.
# TYPE llm_d_epp_flow_control_dispatch_cycle_duration_seconds histogram
llm_d_epp_flow_control_dispatch_cycle_duration_seconds_bucket{le="0.0001"} 5.66136726e+08
llm_d_epp_flow_control_dispatch_cycle_duration_seconds_bucket{le="0.0002"} 5.6632407e+08
llm_d_epp_flow_control_dispatch_cycle_duration_seconds_bucket{le="0.0005"} 5.66430173e+08
llm_d_epp_flow_control_dispatch_cycle_duration_seconds_bucket{le="0.001"} 5.66450573e+08
llm_d_epp_flow_control_dispatch_cycle_duration_seconds_bucket{le="0.002"} 5.66458643e+08
llm_d_epp_flow_control_dispatch_cycle_duration_seconds_bucket{le="0.005"} 5.66465446e+08
llm_d_epp_flow_control_dispatch_cycle_duration_seconds_bucket{le="0.01"} 5.66466462e+08
llm_d_epp_flow_control_dispatch_cycle_duration_seconds_bucket{le="0.02"} 5.66466859e+08
llm_d_epp_flow_control_dispatch_cycle_duration_seconds_bucket{le="0.05"} 5.66467015e+08
llm_d_epp_flow_control_dispatch_cycle_duration_seconds_bucket{le="0.1"} 5.66467041e+08
llm_d_epp_flow_control_dispatch_cycle_duration_seconds_bucket{le="+Inf"} 5.66467046e+08
llm_d_epp_flow_control_dispatch_cycle_duration_seconds_sum 1061.2133048128637
llm_d_epp_flow_control_dispatch_cycle_duration_seconds_count 5.66467046e+08
# HELP llm_d_epp_flow_control_pool_saturation [ALPHA] Current saturation level of the inference pool (0.0 = empty, 1.0 = fully saturated).
# TYPE llm_d_epp_flow_control_pool_saturation gauge
llm_d_epp_flow_control_pool_saturation{inference_pool="qwen-qwe-3db867ce-en3-0-6b-router"} 0.20923132183908047
# HELP llm_d_epp_flow_control_queue_bytes [ALPHA] Current total size in bytes of requests actively held in the Flow Control queue.
# TYPE llm_d_epp_flow_control_queue_bytes gauge
llm_d_epp_flow_control_queue_bytes{fairness_id="default-flow",inference_pool="qwen-qwe-3db867ce-en3-0-6b-router",model_name="Qwen/Qwen3-0.6B",priority="0",target_model_name="Qwen/Qwen3-0.6B"} 0
# HELP llm_d_epp_flow_control_queue_size [ALPHA] Current number of requests actively held in the Flow Control queue.
# TYPE llm_d_epp_flow_control_queue_size gauge
llm_d_epp_flow_control_queue_size{fairness_id="default-flow",inference_pool="qwen-qwe-3db867ce-en3-0-6b-router",model_name="Qwen/Qwen3-0.6B",priority="0",target_model_name="Qwen/Qwen3-0.6B"} 0
# HELP llm_d_epp_flow_control_request_enqueue_duration_seconds [ALPHA] Distribution of time taken to enqueue requests into the Flow Control layer.
# TYPE llm_d_epp_flow_control_request_enqueue_duration_seconds histogram
llm_d_epp_flow_control_request_enqueue_duration_seconds_bucket{fairness_id="default-flow",outcome="NotYetFinalized",priority="0",le="0.0001"} 244721
llm_d_epp_flow_control_request_enqueue_duration_seconds_bucket{fairness_id="default-flow",outcome="NotYetFinalized",priority="0",le="0.0002"} 245123
llm_d_epp_flow_control_request_enqueue_duration_seconds_bucket{fairness_id="default-flow",outcome="NotYetFinalized",priority="0",le="0.0005"} 245218
llm_d_epp_flow_control_request_enqueue_duration_seconds_bucket{fairness_id="default-flow",outcome="NotYetFinalized",priority="0",le="0.001"} 245240
llm_d_epp_flow_control_request_enqueue_duration_seconds_bucket{fairness_id="default-flow",outcome="NotYetFinalized",priority="0",le="0.002"} 245264
llm_d_epp_flow_control_request_enqueue_duration_seconds_bucket{fairness_id="default-flow",outcome="NotYetFinalized",priority="0",le="0.005"} 245276
llm_d_epp_flow_control_request_enqueue_duration_seconds_bucket{fairness_id="default-flow",outcome="NotYetFinalized",priority="0",le="0.01"} 245277
llm_d_epp_flow_control_request_enqueue_duration_seconds_bucket{fairness_id="default-flow",outcome="NotYetFinalized",priority="0",le="0.02"} 245277
llm_d_epp_flow_control_request_enqueue_duration_seconds_bucket{fairness_id="default-flow",outcome="NotYetFinalized",priority="0",le="0.05"} 245277
llm_d_epp_flow_control_request_enqueue_duration_seconds_bucket{fairness_id="default-flow",outcome="NotYetFinalized",priority="0",le="0.1"} 245277
llm_d_epp_flow_control_request_enqueue_duration_seconds_bucket{fairness_id="default-flow",outcome="NotYetFinalized",priority="0",le="+Inf"} 245277
llm_d_epp_flow_control_request_enqueue_duration_seconds_sum{fairness_id="default-flow",outcome="NotYetFinalized",priority="0"} 1.8017197590000347
llm_d_epp_flow_control_request_enqueue_duration_seconds_count{fairness_id="default-flow",outcome="NotYetFinalized",priority="0"} 245277
# HELP llm_d_epp_flow_control_request_queue_duration_seconds [ALPHA] Distribution of total time requests spend in the Flow Control layer (from enqueue to final outcome).
# TYPE llm_d_epp_flow_control_request_queue_duration_seconds histogram
llm_d_epp_flow_control_request_queue_duration_seconds_bucket{fairness_id="default-flow",inference_pool="qwen-qwe-3db867ce-en3-0-6b-router",model_name="Qwen/Qwen3-0.6B",outcome="Dispatched",priority="0",target_model_name="Qwen/Qwen3-0.6B",le="0.0001"} 200898
llm_d_epp_flow_control_request_queue_duration_seconds_bucket{fairness_id="default-flow",inference_pool="qwen-qwe-3db867ce-en3-0-6b-router",model_name="Qwen/Qwen3-0.6B",outcome="Dispatched",priority="0",target_model_name="Qwen/Qwen3-0.6B",le="0.0005"} 204107
llm_d_epp_flow_control_request_queue_duration_seconds_bucket{fairness_id="default-flow",inference_pool="qwen-qwe-3db867ce-en3-0-6b-router",model_name="Qwen/Qwen3-0.6B",outcome="Dispatched",priority="0",target_model_name="Qwen/Qwen3-0.6B",le="0.001"} 204457
llm_d_epp_flow_control_request_queue_duration_seconds_bucket{fairness_id="default-flow",inference_pool="qwen-qwe-3db867ce-en3-0-6b-router",model_name="Qwen/Qwen3-0.6B",outcome="Dispatched",priority="0",target_model_name="Qwen/Qwen3-0.6B",le="0.005"} 204740
llm_d_epp_flow_control_request_queue_duration_seconds_bucket{fairness_id="default-flow",inference_pool="qwen-qwe-3db867ce-en3-0-6b-router",model_name="Qwen/Qwen3-0.6B",outcome="Dispatched",priority="0",target_model_name="Qwen/Qwen3-0.6B",le="0.01"} 204778
llm_d_epp_flow_control_request_queue_duration_seconds_bucket{fairness_id="default-flow",inference_pool="qwen-qwe-3db867ce-en3-0-6b-router",model_name="Qwen/Qwen3-0.6B",outcome="Dispatched",priority="0",target_model_name="Qwen/Qwen3-0.6B",le="0.025"} 204833
llm_d_epp_flow_control_request_queue_duration_seconds_bucket{fairness_id="default-flow",inference_pool="qwen-qwe-3db867ce-en3-0-6b-router",model_name="Qwen/Qwen3-0.6B",outcome="Dispatched",priority="0",target_model_name="Qwen/Qwen3-0.6B",le="0.05"} 204922
llm_d_epp_flow_control_request_queue_duration_seconds_bucket{fairness_id="default-flow",inference_pool="qwen-qwe-3db867ce-en3-0-6b-router",model_name="Qwen/Qwen3-0.6B",outcome="Dispatched",priority="0",target_model_name="Qwen/Qwen3-0.6B",le="0.1"} 205125
llm_d_epp_flow_control_request_queue_duration_seconds_bucket{fairness_id="default-flow",inference_pool="qwen-qwe-3db867ce-en3-0-6b-router",model_name="Qwen/Qwen3-0.6B",outcome="Dispatched",priority="0",target_model_name="Qwen/Qwen3-0.6B",le="0.25"} 205639
llm_d_epp_flow_control_request_queue_duration_seconds_bucket{fairness_id="default-flow",inference_pool="qwen-qwe-3db867ce-en3-0-6b-router",model_name="Qwen/Qwen3-0.6B",outcome="Dispatched",priority="0",target_model_name="Qwen/Qwen3-0.6B",le="0.5"} 206300
llm_d_epp_flow_control_request_queue_duration_seconds_bucket{fairness_id="default-flow",inference_pool="qwen-qwe-3db867ce-en3-0-6b-router",model_name="Qwen/Qwen3-0.6B",outcome="Dispatched",priority="0",target_model_name="Qwen/Qwen3-0.6B",le="1"} 207424
llm_d_epp_flow_control_request_queue_duration_seconds_bucket{fairness_id="default-flow",inference_pool="qwen-qwe-3db867ce-en3-0-6b-router",model_name="Qwen/Qwen3-0.6B",outcome="Dispatched",priority="0",target_model_name="Qwen/Qwen3-0.6B",le="2.5"} 210166
llm_d_epp_flow_control_request_queue_duration_seconds_bucket{fairness_id="default-flow",inference_pool="qwen-qwe-3db867ce-en3-0-6b-router",model_name="Qwen/Qwen3-0.6B",outcome="Dispatched",priority="0",target_model_name="Qwen/Qwen3-0.6B",le="5"} 214183
llm_d_epp_flow_control_request_queue_duration_seconds_bucket{fairness_id="default-flow",inference_pool="qwen-qwe-3db867ce-en3-0-6b-router",model_name="Qwen/Qwen3-0.6B",outcome="Dispatched",priority="0",target_model_name="Qwen/Qwen3-0.6B",le="10"} 219771
llm_d_epp_flow_control_request_queue_duration_seconds_bucket{fairness_id="default-flow",inference_pool="qwen-qwe-3db867ce-en3-0-6b-router",model_name="Qwen/Qwen3-0.6B",outcome="Dispatched",priority="0",target_model_name="Qwen/Qwen3-0.6B",le="30"} 230715
llm_d_epp_flow_control_request_queue_duration_seconds_bucket{fairness_id="default-flow",inference_pool="qwen-qwe-3db867ce-en3-0-6b-router",model_name="Qwen/Qwen3-0.6B",outcome="Dispatched",priority="0",target_model_name="Qwen/Qwen3-0.6B",le="60"} 239390
llm_d_epp_flow_control_request_queue_duration_seconds_bucket{fairness_id="default-flow",inference_pool="qwen-qwe-3db867ce-en3-0-6b-router",model_name="Qwen/Qwen3-0.6B",outcome="Dispatched",priority="0",target_model_name="Qwen/Qwen3-0.6B",le="+Inf"} 244731
llm_d_epp_flow_control_request_queue_duration_seconds_sum{fairness_id="default-flow",inference_pool="qwen-qwe-3db867ce-en3-0-6b-router",model_name="Qwen/Qwen3-0.6B",outcome="Dispatched",priority="0",target_model_name="Qwen/Qwen3-0.6B"} 1.069321075869414e+06
llm_d_epp_flow_control_request_queue_duration_seconds_count{fairness_id="default-flow",inference_pool="qwen-qwe-3db867ce-en3-0-6b-router",model_name="Qwen/Qwen3-0.6B",outcome="Dispatched",priority="0",target_model_name="Qwen/Qwen3-0.6B"} 244731
llm_d_epp_flow_control_request_queue_duration_seconds_bucket{fairness_id="default-flow",inference_pool="qwen-qwe-3db867ce-en3-0-6b-router",model_name="Qwen/Qwen3-0.6B",outcome="EvictedContextCancelled",priority="0",target_model_name="Qwen/Qwen3-0.6B",le="0.0001"} 0
llm_d_epp_flow_control_request_queue_duration_seconds_bucket{fairness_id="default-flow",inference_pool="qwen-qwe-3db867ce-en3-0-6b-router",model_name="Qwen/Qwen3-0.6B",outcome="EvictedContextCancelled",priority="0",target_model_name="Qwen/Qwen3-0.6B",le="0.0005"} 0
llm_d_epp_flow_control_request_queue_duration_seconds_bucket{fairness_id="default-flow",inference_pool="qwen-qwe-3db867ce-en3-0-6b-router",model_name="Qwen/Qwen3-0.6B",outcome="EvictedContextCancelled",priority="0",target_model_name="Qwen/Qwen3-0.6B",le="0.001"} 0
llm_d_epp_flow_control_request_queue_duration_seconds_bucket{fairness_id="default-flow",inference_pool="qwen-qwe-3db867ce-en3-0-6b-router",model_name="Qwen/Qwen3-0.6B",outcome="EvictedContextCancelled",priority="0",target_model_name="Qwen/Qwen3-0.6B",le="0.005"} 0
llm_d_epp_flow_control_request_queue_duration_seconds_bucket{fairness_id="default-flow",inference_pool="qwen-qwe-3db867ce-en3-0-6b-router",model_name="Qwen/Qwen3-0.6B",outcome="EvictedContextCancelled",priority="0",target_model_name="Qwen/Qwen3-0.6B",le="0.01"} 0
llm_d_epp_flow_control_request_queue_duration_seconds_bucket{fairness_id="default-flow",inference_pool="qwen-qwe-3db867ce-en3-0-6b-router",model_name="Qwen/Qwen3-0.6B",outcome="EvictedContextCancelled",priority="0",target_model_name="Qwen/Qwen3-0.6B",le="0.025"} 0
llm_d_epp_flow_control_request_queue_duration_seconds_bucket{fairness_id="default-flow",inference_pool="qwen-qwe-3db867ce-en3-0-6b-router",model_name="Qwen/Qwen3-0.6B",outcome="EvictedContextCancelled",priority="0",target_model_name="Qwen/Qwen3-0.6B",le="0.05"} 0
llm_d_epp_flow_control_request_queue_duration_seconds_bucket{fairness_id="default-flow",inference_pool="qwen-qwe-3db867ce-en3-0-6b-router",model_name="Qwen/Qwen3-0.6B",outcome="EvictedContextCancelled",priority="0",target_model_name="Qwen/Qwen3-0.6B",le="0.1"} 0
llm_d_epp_flow_control_request_queue_duration_seconds_bucket{fairness_id="default-flow",inference_pool="qwen-qwe-3db867ce-en3-0-6b-router",model_name="Qwen/Qwen3-0.6B",outcome="EvictedContextCancelled",priority="0",target_model_name="Qwen/Qwen3-0.6B",le="0.25"} 1
llm_d_epp_flow_control_request_queue_duration_seconds_bucket{fairness_id="default-flow",inference_pool="qwen-qwe-3db867ce-en3-0-6b-router",model_name="Qwen/Qwen3-0.6B",outcome="EvictedContextCancelled",priority="0",target_model_name="Qwen/Qwen3-0.6B",le="0.5"} 5
llm_d_epp_flow_control_request_queue_duration_seconds_bucket{fairness_id="default-flow",inference_pool="qwen-qwe-3db867ce-en3-0-6b-router",model_name="Qwen/Qwen3-0.6B",outcome="EvictedContextCancelled",priority="0",target_model_name="Qwen/Qwen3-0.6B",le="1"} 13
llm_d_epp_flow_control_request_queue_duration_seconds_bucket{fairness_id="default-flow",inference_pool="qwen-qwe-3db867ce-en3-0-6b-router",model_name="Qwen/Qwen3-0.6B",outcome="EvictedContextCancelled",priority="0",target_model_name="Qwen/Qwen3-0.6B",le="2.5"} 30
llm_d_epp_flow_control_request_queue_duration_seconds_bucket{fairness_id="default-flow",inference_pool="qwen-qwe-3db867ce-en3-0-6b-router",model_name="Qwen/Qwen3-0.6B",outcome="EvictedContextCancelled",priority="0",target_model_name="Qwen/Qwen3-0.6B",le="5"} 57
llm_d_epp_flow_control_request_queue_duration_seconds_bucket{fairness_id="default-flow",inference_pool="qwen-qwe-3db867ce-en3-0-6b-router",model_name="Qwen/Qwen3-0.6B",outcome="EvictedContextCancelled",priority="0",target_model_name="Qwen/Qwen3-0.6B",le="10"} 86
llm_d_epp_flow_control_request_queue_duration_seconds_bucket{fairness_id="default-flow",inference_pool="qwen-qwe-3db867ce-en3-0-6b-router",model_name="Qwen/Qwen3-0.6B",outcome="EvictedContextCancelled",priority="0",target_model_name="Qwen/Qwen3-0.6B",le="30"} 241
llm_d_epp_flow_control_request_queue_duration_seconds_bucket{fairness_id="default-flow",inference_pool="qwen-qwe-3db867ce-en3-0-6b-router",model_name="Qwen/Qwen3-0.6B",outcome="EvictedContextCancelled",priority="0",target_model_name="Qwen/Qwen3-0.6B",le="60"} 546
llm_d_epp_flow_control_request_queue_duration_seconds_bucket{fairness_id="default-flow",inference_pool="qwen-qwe-3db867ce-en3-0-6b-router",model_name="Qwen/Qwen3-0.6B",outcome="EvictedContextCancelled",priority="0",target_model_name="Qwen/Qwen3-0.6B",le="+Inf"} 546
llm_d_epp_flow_control_request_queue_duration_seconds_sum{fairness_id="default-flow",inference_pool="qwen-qwe-3db867ce-en3-0-6b-router",model_name="Qwen/Qwen3-0.6B",outcome="EvictedContextCancelled",priority="0",target_model_name="Qwen/Qwen3-0.6B"} 17210.899324476995
llm_d_epp_flow_control_request_queue_duration_seconds_count{fairness_id="default-flow",inference_pool="qwen-qwe-3db867ce-en3-0-6b-router",model_name="Qwen/Qwen3-0.6B",outcome="EvictedContextCancelled",priority="0",target_model_name="Qwen/Qwen3-0.6B"} 546
# HELP llm_d_epp_info [ALPHA] General information of the current build of Inference Extension.
# TYPE llm_d_epp_info gauge
llm_d_epp_info{build_ref="v0.9.0",commit="5f4e762f341a5196393ce79f8a57c3e1900c4a6b"} 1
# HELP llm_d_epp_per_endpoint_queue_size [ALPHA] The total number of requests pending in the model server queue for each underlying endpoint.
# TYPE llm_d_epp_per_endpoint_queue_size gauge
llm_d_epp_per_endpoint_queue_size{model_server_endpoint="qwen-qwe-3db867ce-en3-0-6b-decode-5c6d8d69bd-cmtdc-rank-0",name="qwen-qwe-3db867ce-en3-0-6b-router"} 0
llm_d_epp_per_endpoint_queue_size{model_server_endpoint="qwen-qwe-3db867ce-en3-0-6b-decode-5c6d8d69bd-cmtq6-rank-0",name="qwen-qwe-3db867ce-en3-0-6b-router"} 0
llm_d_epp_per_endpoint_queue_size{model_server_endpoint="qwen-qwe-3db867ce-en3-0-6b-decode-5c6d8d69bd-gsvmg-rank-0",name="qwen-qwe-3db867ce-en3-0-6b-router"} 0
llm_d_epp_per_endpoint_queue_size{model_server_endpoint="qwen-qwe-3db867ce-en3-0-6b-decode-5c6d8d69bd-jj8gm-rank-0",name="qwen-qwe-3db867ce-en3-0-6b-router"} 0
llm_d_epp_per_endpoint_queue_size{model_server_endpoint="qwen-qwe-3db867ce-en3-0-6b-decode-5c6d8d69bd-nfxs4-rank-0",name="qwen-qwe-3db867ce-en3-0-6b-router"} 0
llm_d_epp_per_endpoint_queue_size{model_server_endpoint="qwen-qwe-3db867ce-en3-0-6b-decode-5c6d8d69bd-v7djg-rank-0",name="qwen-qwe-3db867ce-en3-0-6b-router"} 0
# HELP llm_d_epp_plugin_duration_seconds [ALPHA] Plugin processing latency distribution in seconds for each extension point, plugin type and plugin name.
# TYPE llm_d_epp_plugin_duration_seconds histogram
llm_d_epp_plugin_duration_seconds_bucket{extension_point="DataProducer",plugin_name="approx-prefix-cache-producer",plugin_type="approx-prefix-cache-producer",le="0.0001"} 238287
llm_d_epp_plugin_duration_seconds_bucket{extension_point="DataProducer",plugin_name="approx-prefix-cache-producer",plugin_type="approx-prefix-cache-producer",le="0.0002"} 242208
llm_d_epp_plugin_duration_seconds_bucket{extension_point="DataProducer",plugin_name="approx-prefix-cache-producer",plugin_type="approx-prefix-cache-producer",le="0.0005"} 243798
llm_d_epp_plugin_duration_seconds_bucket{extension_point="DataProducer",plugin_name="approx-prefix-cache-producer",plugin_type="approx-prefix-cache-producer",le="0.001"} 244206
llm_d_epp_plugin_duration_seconds_bucket{extension_point="DataProducer",plugin_name="approx-prefix-cache-producer",plugin_type="approx-prefix-cache-producer",le="0.002"} 244450
llm_d_epp_plugin_duration_seconds_bucket{extension_point="DataProducer",plugin_name="approx-prefix-cache-producer",plugin_type="approx-prefix-cache-producer",le="0.005"} 244664
llm_d_epp_plugin_duration_seconds_bucket{extension_point="DataProducer",plugin_name="approx-prefix-cache-producer",plugin_type="approx-prefix-cache-producer",le="0.01"} 244718
llm_d_epp_plugin_duration_seconds_bucket{extension_point="DataProducer",plugin_name="approx-prefix-cache-producer",plugin_type="approx-prefix-cache-producer",le="0.02"} 244729
llm_d_epp_plugin_duration_seconds_bucket{extension_point="DataProducer",plugin_name="approx-prefix-cache-producer",plugin_type="approx-prefix-cache-producer",le="0.05"} 244731
llm_d_epp_plugin_duration_seconds_bucket{extension_point="DataProducer",plugin_name="approx-prefix-cache-producer",plugin_type="approx-prefix-cache-producer",le="0.1"} 244731
llm_d_epp_plugin_duration_seconds_bucket{extension_point="DataProducer",plugin_name="approx-prefix-cache-producer",plugin_type="approx-prefix-cache-producer",le="+Inf"} 244731
llm_d_epp_plugin_duration_seconds_sum{extension_point="DataProducer",plugin_name="approx-prefix-cache-producer",plugin_type="approx-prefix-cache-producer"} 8.367196570999962
llm_d_epp_plugin_duration_seconds_count{extension_point="DataProducer",plugin_name="approx-prefix-cache-producer",plugin_type="approx-prefix-cache-producer"} 244731
llm_d_epp_plugin_duration_seconds_bucket{extension_point="DataProducer",plugin_name="token-producer",plugin_type="token-producer",le="0.0001"} 241277
llm_d_epp_plugin_duration_seconds_bucket{extension_point="DataProducer",plugin_name="token-producer",plugin_type="token-producer",le="0.0002"} 242796
llm_d_epp_plugin_duration_seconds_bucket{extension_point="DataProducer",plugin_name="token-producer",plugin_type="token-producer",le="0.0005"} 243740
llm_d_epp_plugin_duration_seconds_bucket{extension_point="DataProducer",plugin_name="token-producer",plugin_type="token-producer",le="0.001"} 244020
llm_d_epp_plugin_duration_seconds_bucket{extension_point="DataProducer",plugin_name="token-producer",plugin_type="token-producer",le="0.002"} 244341
llm_d_epp_plugin_duration_seconds_bucket{extension_point="DataProducer",plugin_name="token-producer",plugin_type="token-producer",le="0.005"} 244642
llm_d_epp_plugin_duration_seconds_bucket{extension_point="DataProducer",plugin_name="token-producer",plugin_type="token-producer",le="0.01"} 244710
llm_d_epp_plugin_duration_seconds_bucket{extension_point="DataProducer",plugin_name="token-producer",plugin_type="token-producer",le="0.02"} 244728
llm_d_epp_plugin_duration_seconds_bucket{extension_point="DataProducer",plugin_name="token-producer",plugin_type="token-producer",le="0.05"} 244731
llm_d_epp_plugin_duration_seconds_bucket{extension_point="DataProducer",plugin_name="token-producer",plugin_type="token-producer",le="0.1"} 244731
llm_d_epp_plugin_duration_seconds_bucket{extension_point="DataProducer",plugin_name="token-producer",plugin_type="token-producer",le="+Inf"} 244731
llm_d_epp_plugin_duration_seconds_sum{extension_point="DataProducer",plugin_name="token-producer",plugin_type="token-producer"} 7.661966963000094
llm_d_epp_plugin_duration_seconds_count{extension_point="DataProducer",plugin_name="token-producer",plugin_type="token-producer"} 244731
llm_d_epp_plugin_duration_seconds_bucket{extension_point="Picker",plugin_name="max-score-picker",plugin_type="max-score-picker",le="0.0001"} 240218
llm_d_epp_plugin_duration_seconds_bucket{extension_point="Picker",plugin_name="max-score-picker",plugin_type="max-score-picker",le="0.0002"} 242874
llm_d_epp_plugin_duration_seconds_bucket{extension_point="Picker",plugin_name="max-score-picker",plugin_type="max-score-picker",le="0.0005"} 243860
llm_d_epp_plugin_duration_seconds_bucket{extension_point="Picker",plugin_name="max-score-picker",plugin_type="max-score-picker",le="0.001"} 244263
llm_d_epp_plugin_duration_seconds_bucket{extension_point="Picker",plugin_name="max-score-picker",plugin_type="max-score-picker",le="0.002"} 244473
llm_d_epp_plugin_duration_seconds_bucket{extension_point="Picker",plugin_name="max-score-picker",plugin_type="max-score-picker",le="0.005"} 244664
llm_d_epp_plugin_duration_seconds_bucket{extension_point="Picker",plugin_name="max-score-picker",plugin_type="max-score-picker",le="0.01"} 244705
llm_d_epp_plugin_duration_seconds_bucket{extension_point="Picker",plugin_name="max-score-picker",plugin_type="max-score-picker",le="0.02"} 244722
llm_d_epp_plugin_duration_seconds_bucket{extension_point="Picker",plugin_name="max-score-picker",plugin_type="max-score-picker",le="0.05"} 244731
llm_d_epp_plugin_duration_seconds_bucket{extension_point="Picker",plugin_name="max-score-picker",plugin_type="max-score-picker",le="0.1"} 244731
llm_d_epp_plugin_duration_seconds_bucket{extension_point="Picker",plugin_name="max-score-picker",plugin_type="max-score-picker",le="+Inf"} 244731
llm_d_epp_plugin_duration_seconds_sum{extension_point="Picker",plugin_name="max-score-picker",plugin_type="max-score-picker"} 8.739217049999931
llm_d_epp_plugin_duration_seconds_count{extension_point="Picker",plugin_name="max-score-picker",plugin_type="max-score-picker"} 244731
llm_d_epp_plugin_duration_seconds_bucket{extension_point="PreRequest",plugin_name="approx-prefix-cache-producer",plugin_type="approx-prefix-cache-producer",le="0.0001"} 244243
llm_d_epp_plugin_duration_seconds_bucket{extension_point="PreRequest",plugin_name="approx-prefix-cache-producer",plugin_type="approx-prefix-cache-producer",le="0.0002"} 244599
llm_d_epp_plugin_duration_seconds_bucket{extension_point="PreRequest",plugin_name="approx-prefix-cache-producer",plugin_type="approx-prefix-cache-producer",le="0.0005"} 244687
llm_d_epp_plugin_duration_seconds_bucket{extension_point="PreRequest",plugin_name="approx-prefix-cache-producer",plugin_type="approx-prefix-cache-producer",le="0.001"} 244701
llm_d_epp_plugin_duration_seconds_bucket{extension_point="PreRequest",plugin_name="approx-prefix-cache-producer",plugin_type="approx-prefix-cache-producer",le="0.002"} 244717
llm_d_epp_plugin_duration_seconds_bucket{extension_point="PreRequest",plugin_name="approx-prefix-cache-producer",plugin_type="approx-prefix-cache-producer",le="0.005"} 244730
llm_d_epp_plugin_duration_seconds_bucket{extension_point="PreRequest",plugin_name="approx-prefix-cache-producer",plugin_type="approx-prefix-cache-producer",le="0.01"} 244731
llm_d_epp_plugin_duration_seconds_bucket{extension_point="PreRequest",plugin_name="approx-prefix-cache-producer",plugin_type="approx-prefix-cache-producer",le="0.02"} 244731
llm_d_epp_plugin_duration_seconds_bucket{extension_point="PreRequest",plugin_name="approx-prefix-cache-producer",plugin_type="approx-prefix-cache-producer",le="0.05"} 244731
llm_d_epp_plugin_duration_seconds_bucket{extension_point="PreRequest",plugin_name="approx-prefix-cache-producer",plugin_type="approx-prefix-cache-producer",le="0.1"} 244731
llm_d_epp_plugin_duration_seconds_bucket{extension_point="PreRequest",plugin_name="approx-prefix-cache-producer",plugin_type="approx-prefix-cache-producer",le="+Inf"} 244731
llm_d_epp_plugin_duration_seconds_sum{extension_point="PreRequest",plugin_name="approx-prefix-cache-producer",plugin_type="approx-prefix-cache-producer"} 2.4066895410000324
llm_d_epp_plugin_duration_seconds_count{extension_point="PreRequest",plugin_name="approx-prefix-cache-producer",plugin_type="approx-prefix-cache-producer"} 244731
llm_d_epp_plugin_duration_seconds_bucket{extension_point="ProcessProfilesResults",plugin_name="single-profile-handler",plugin_type="single-profile-handler",le="0.0001"} 244724
llm_d_epp_plugin_duration_seconds_bucket{extension_point="ProcessProfilesResults",plugin_name="single-profile-handler",plugin_type="single-profile-handler",le="0.0002"} 244726
llm_d_epp_plugin_duration_seconds_bucket{extension_point="ProcessProfilesResults",plugin_name="single-profile-handler",plugin_type="single-profile-handler",le="0.0005"} 244728
llm_d_epp_plugin_duration_seconds_bucket{extension_point="ProcessProfilesResults",plugin_name="single-profile-handler",plugin_type="single-profile-handler",le="0.001"} 244730
llm_d_epp_plugin_duration_seconds_bucket{extension_point="ProcessProfilesResults",plugin_name="single-profile-handler",plugin_type="single-profile-handler",le="0.002"} 244730
llm_d_epp_plugin_duration_seconds_bucket{extension_point="ProcessProfilesResults",plugin_name="single-profile-handler",plugin_type="single-profile-handler",le="0.005"} 244731
llm_d_epp_plugin_duration_seconds_bucket{extension_point="ProcessProfilesResults",plugin_name="single-profile-handler",plugin_type="single-profile-handler",le="0.01"} 244731
llm_d_epp_plugin_duration_seconds_bucket{extension_point="ProcessProfilesResults",plugin_name="single-profile-handler",plugin_type="single-profile-handler",le="0.02"} 244731
llm_d_epp_plugin_duration_seconds_bucket{extension_point="ProcessProfilesResults",plugin_name="single-profile-handler",plugin_type="single-profile-handler",le="0.05"} 244731
llm_d_epp_plugin_duration_seconds_bucket{extension_point="ProcessProfilesResults",plugin_name="single-profile-handler",plugin_type="single-profile-handler",le="0.1"} 244731
llm_d_epp_plugin_duration_seconds_bucket{extension_point="ProcessProfilesResults",plugin_name="single-profile-handler",plugin_type="single-profile-handler",le="+Inf"} 244731
llm_d_epp_plugin_duration_seconds_sum{extension_point="ProcessProfilesResults",plugin_name="single-profile-handler",plugin_type="single-profile-handler"} 0.11843135000000105
llm_d_epp_plugin_duration_seconds_count{extension_point="ProcessProfilesResults",plugin_name="single-profile-handler",plugin_type="single-profile-handler"} 244731
llm_d_epp_plugin_duration_seconds_bucket{extension_point="ProfilePicker",plugin_name="single-profile-handler",plugin_type="single-profile-handler",le="0.0001"} 489454
llm_d_epp_plugin_duration_seconds_bucket{extension_point="ProfilePicker",plugin_name="single-profile-handler",plugin_type="single-profile-handler",le="0.0002"} 489456
llm_d_epp_plugin_duration_seconds_bucket{extension_point="ProfilePicker",plugin_name="single-profile-handler",plugin_type="single-profile-handler",le="0.0005"} 489459
llm_d_epp_plugin_duration_seconds_bucket{extension_point="ProfilePicker",plugin_name="single-profile-handler",plugin_type="single-profile-handler",le="0.001"} 489460
llm_d_epp_plugin_duration_seconds_bucket{extension_point="ProfilePicker",plugin_name="single-profile-handler",plugin_type="single-profile-handler",le="0.002"} 489461
llm_d_epp_plugin_duration_seconds_bucket{extension_point="ProfilePicker",plugin_name="single-profile-handler",plugin_type="single-profile-handler",le="0.005"} 489462
llm_d_epp_plugin_duration_seconds_bucket{extension_point="ProfilePicker",plugin_name="single-profile-handler",plugin_type="single-profile-handler",le="0.01"} 489462
llm_d_epp_plugin_duration_seconds_bucket{extension_point="ProfilePicker",plugin_name="single-profile-handler",plugin_type="single-profile-handler",le="0.02"} 489462
llm_d_epp_plugin_duration_seconds_bucket{extension_point="ProfilePicker",plugin_name="single-profile-handler",plugin_type="single-profile-handler",le="0.05"} 489462
llm_d_epp_plugin_duration_seconds_bucket{extension_point="ProfilePicker",plugin_name="single-profile-handler",plugin_type="single-profile-handler",le="0.1"} 489462
llm_d_epp_plugin_duration_seconds_bucket{extension_point="ProfilePicker",plugin_name="single-profile-handler",plugin_type="single-profile-handler",le="+Inf"} 489462
llm_d_epp_plugin_duration_seconds_sum{extension_point="ProfilePicker",plugin_name="single-profile-handler",plugin_type="single-profile-handler"} 0.11977567499994488
llm_d_epp_plugin_duration_seconds_count{extension_point="ProfilePicker",plugin_name="single-profile-handler",plugin_type="single-profile-handler"} 489462
llm_d_epp_plugin_duration_seconds_bucket{extension_point="RequestParsing",plugin_name="openai-parser",plugin_type="openai-parser",le="0.0001"} 0
llm_d_epp_plugin_duration_seconds_bucket{extension_point="RequestParsing",plugin_name="openai-parser",plugin_type="openai-parser",le="0.0002"} 0
llm_d_epp_plugin_duration_seconds_bucket{extension_point="RequestParsing",plugin_name="openai-parser",plugin_type="openai-parser",le="0.0005"} 5189
llm_d_epp_plugin_duration_seconds_bucket{extension_point="RequestParsing",plugin_name="openai-parser",plugin_type="openai-parser",le="0.001"} 221415
llm_d_epp_plugin_duration_seconds_bucket{extension_point="RequestParsing",plugin_name="openai-parser",plugin_type="openai-parser",le="0.002"} 239285
llm_d_epp_plugin_duration_seconds_bucket{extension_point="RequestParsing",plugin_name="openai-parser",plugin_type="openai-parser",le="0.005"} 244626
llm_d_epp_plugin_duration_seconds_bucket{extension_point="RequestParsing",plugin_name="openai-parser",plugin_type="openai-parser",le="0.01"} 245193
llm_d_epp_plugin_duration_seconds_bucket{extension_point="RequestParsing",plugin_name="openai-parser",plugin_type="openai-parser",le="0.02"} 245270
llm_d_epp_plugin_duration_seconds_bucket{extension_point="RequestParsing",plugin_name="openai-parser",plugin_type="openai-parser",le="0.05"} 245277
llm_d_epp_plugin_duration_seconds_bucket{extension_point="RequestParsing",plugin_name="openai-parser",plugin_type="openai-parser",le="0.1"} 245277
llm_d_epp_plugin_duration_seconds_bucket{extension_point="RequestParsing",plugin_name="openai-parser",plugin_type="openai-parser",le="+Inf"} 245277
llm_d_epp_plugin_duration_seconds_sum{extension_point="RequestParsing",plugin_name="openai-parser",plugin_type="openai-parser"} 241.88054484199935
llm_d_epp_plugin_duration_seconds_count{extension_point="RequestParsing",plugin_name="openai-parser",plugin_type="openai-parser"} 245277
llm_d_epp_plugin_duration_seconds_bucket{extension_point="ResponseParsing",plugin_name="openai-parser",plugin_type="openai-parser",le="0.0001"} 2.34330903e+08
llm_d_epp_plugin_duration_seconds_bucket{extension_point="ResponseParsing",plugin_name="openai-parser",plugin_type="openai-parser",le="0.0002"} 2.34367348e+08
llm_d_epp_plugin_duration_seconds_bucket{extension_point="ResponseParsing",plugin_name="openai-parser",plugin_type="openai-parser",le="0.0005"} 2.34389173e+08
llm_d_epp_plugin_duration_seconds_bucket{extension_point="ResponseParsing",plugin_name="openai-parser",plugin_type="openai-parser",le="0.001"} 2.34400448e+08
llm_d_epp_plugin_duration_seconds_bucket{extension_point="ResponseParsing",plugin_name="openai-parser",plugin_type="openai-parser",le="0.002"} 2.34410905e+08
llm_d_epp_plugin_duration_seconds_bucket{extension_point="ResponseParsing",plugin_name="openai-parser",plugin_type="openai-parser",le="0.005"} 2.34428727e+08
llm_d_epp_plugin_duration_seconds_bucket{extension_point="ResponseParsing",plugin_name="openai-parser",plugin_type="openai-parser",le="0.01"} 2.34433596e+08
llm_d_epp_plugin_duration_seconds_bucket{extension_point="ResponseParsing",plugin_name="openai-parser",plugin_type="openai-parser",le="0.02"} 2.34434971e+08
llm_d_epp_plugin_duration_seconds_bucket{extension_point="ResponseParsing",plugin_name="openai-parser",plugin_type="openai-parser",le="0.05"} 2.34435528e+08
llm_d_epp_plugin_duration_seconds_bucket{extension_point="ResponseParsing",plugin_name="openai-parser",plugin_type="openai-parser",le="0.1"} 2.34435542e+08
llm_d_epp_plugin_duration_seconds_bucket{extension_point="ResponseParsing",plugin_name="openai-parser",plugin_type="openai-parser",le="+Inf"} 2.34435542e+08
llm_d_epp_plugin_duration_seconds_sum{extension_point="ResponseParsing",plugin_name="openai-parser",plugin_type="openai-parser"} 588.474771758153
llm_d_epp_plugin_duration_seconds_count{extension_point="ResponseParsing",plugin_name="openai-parser",plugin_type="openai-parser"} 2.34435542e+08
llm_d_epp_plugin_duration_seconds_bucket{extension_point="Scorer",plugin_name="kv-cache-utilization-scorer",plugin_type="kv-cache-utilization-scorer",le="0.0001"} 244696
llm_d_epp_plugin_duration_seconds_bucket{extension_point="Scorer",plugin_name="kv-cache-utilization-scorer",plugin_type="kv-cache-utilization-scorer",le="0.0002"} 244711
llm_d_epp_plugin_duration_seconds_bucket{extension_point="Scorer",plugin_name="kv-cache-utilization-scorer",plugin_type="kv-cache-utilization-scorer",le="0.0005"} 244720
llm_d_epp_plugin_duration_seconds_bucket{extension_point="Scorer",plugin_name="kv-cache-utilization-scorer",plugin_type="kv-cache-utilization-scorer",le="0.001"} 244725
llm_d_epp_plugin_duration_seconds_bucket{extension_point="Scorer",plugin_name="kv-cache-utilization-scorer",plugin_type="kv-cache-utilization-scorer",le="0.002"} 244727
llm_d_epp_plugin_duration_seconds_bucket{extension_point="Scorer",plugin_name="kv-cache-utilization-scorer",plugin_type="kv-cache-utilization-scorer",le="0.005"} 244731
llm_d_epp_plugin_duration_seconds_bucket{extension_point="Scorer",plugin_name="kv-cache-utilization-scorer",plugin_type="kv-cache-utilization-scorer",le="0.01"} 244731
llm_d_epp_plugin_duration_seconds_bucket{extension_point="Scorer",plugin_name="kv-cache-utilization-scorer",plugin_type="kv-cache-utilization-scorer",le="0.02"} 244731
llm_d_epp_plugin_duration_seconds_bucket{extension_point="Scorer",plugin_name="kv-cache-utilization-scorer",plugin_type="kv-cache-utilization-scorer",le="0.05"} 244731
llm_d_epp_plugin_duration_seconds_bucket{extension_point="Scorer",plugin_name="kv-cache-utilization-scorer",plugin_type="kv-cache-utilization-scorer",le="0.1"} 244731
llm_d_epp_plugin_duration_seconds_bucket{extension_point="Scorer",plugin_name="kv-cache-utilization-scorer",plugin_type="kv-cache-utilization-scorer",le="+Inf"} 244731
llm_d_epp_plugin_duration_seconds_sum{extension_point="Scorer",plugin_name="kv-cache-utilization-scorer",plugin_type="kv-cache-utilization-scorer"} 0.2209499499999963
llm_d_epp_plugin_duration_seconds_count{extension_point="Scorer",plugin_name="kv-cache-utilization-scorer",plugin_type="kv-cache-utilization-scorer"} 244731
llm_d_epp_plugin_duration_seconds_bucket{extension_point="Scorer",plugin_name="prefix-cache-scorer",plugin_type="prefix-cache-scorer",le="0.0001"} 244083
llm_d_epp_plugin_duration_seconds_bucket{extension_point="Scorer",plugin_name="prefix-cache-scorer",plugin_type="prefix-cache-scorer",le="0.0002"} 244488
llm_d_epp_plugin_duration_seconds_bucket{extension_point="Scorer",plugin_name="prefix-cache-scorer",plugin_type="prefix-cache-scorer",le="0.0005"} 244652
llm_d_epp_plugin_duration_seconds_bucket{extension_point="Scorer",plugin_name="prefix-cache-scorer",plugin_type="prefix-cache-scorer",le="0.001"} 244690
llm_d_epp_plugin_duration_seconds_bucket{extension_point="Scorer",plugin_name="prefix-cache-scorer",plugin_type="prefix-cache-scorer",le="0.002"} 244706
llm_d_epp_plugin_duration_seconds_bucket{extension_point="Scorer",plugin_name="prefix-cache-scorer",plugin_type="prefix-cache-scorer",le="0.005"} 244724
llm_d_epp_plugin_duration_seconds_bucket{extension_point="Scorer",plugin_name="prefix-cache-scorer",plugin_type="prefix-cache-scorer",le="0.01"} 244730
llm_d_epp_plugin_duration_seconds_bucket{extension_point="Scorer",plugin_name="prefix-cache-scorer",plugin_type="prefix-cache-scorer",le="0.02"} 244731
llm_d_epp_plugin_duration_seconds_bucket{extension_point="Scorer",plugin_name="prefix-cache-scorer",plugin_type="prefix-cache-scorer",le="0.05"} 244731
llm_d_epp_plugin_duration_seconds_bucket{extension_point="Scorer",plugin_name="prefix-cache-scorer",plugin_type="prefix-cache-scorer",le="0.1"} 244731
llm_d_epp_plugin_duration_seconds_bucket{extension_point="Scorer",plugin_name="prefix-cache-scorer",plugin_type="prefix-cache-scorer",le="+Inf"} 244731
llm_d_epp_plugin_duration_seconds_sum{extension_point="Scorer",plugin_name="prefix-cache-scorer",plugin_type="prefix-cache-scorer"} 1.220112372999988
llm_d_epp_plugin_duration_seconds_count{extension_point="Scorer",plugin_name="prefix-cache-scorer",plugin_type="prefix-cache-scorer"} 244731
llm_d_epp_plugin_duration_seconds_bucket{extension_point="Scorer",plugin_name="queue-scorer",plugin_type="queue-scorer",le="0.0001"} 244688
llm_d_epp_plugin_duration_seconds_bucket{extension_point="Scorer",plugin_name="queue-scorer",plugin_type="queue-scorer",le="0.0002"} 244715
llm_d_epp_plugin_duration_seconds_bucket{extension_point="Scorer",plugin_name="queue-scorer",plugin_type="queue-scorer",le="0.0005"} 244724
llm_d_epp_plugin_duration_seconds_bucket{extension_point="Scorer",plugin_name="queue-scorer",plugin_type="queue-scorer",le="0.001"} 244727
llm_d_epp_plugin_duration_seconds_bucket{extension_point="Scorer",plugin_name="queue-scorer",plugin_type="queue-scorer",le="0.002"} 244731
llm_d_epp_plugin_duration_seconds_bucket{extension_point="Scorer",plugin_name="queue-scorer",plugin_type="queue-scorer",le="0.005"} 244731
llm_d_epp_plugin_duration_seconds_bucket{extension_point="Scorer",plugin_name="queue-scorer",plugin_type="queue-scorer",le="0.01"} 244731
llm_d_epp_plugin_duration_seconds_bucket{extension_point="Scorer",plugin_name="queue-scorer",plugin_type="queue-scorer",le="0.02"} 244731
llm_d_epp_plugin_duration_seconds_bucket{extension_point="Scorer",plugin_name="queue-scorer",plugin_type="queue-scorer",le="0.05"} 244731
llm_d_epp_plugin_duration_seconds_bucket{extension_point="Scorer",plugin_name="queue-scorer",plugin_type="queue-scorer",le="0.1"} 244731
llm_d_epp_plugin_duration_seconds_bucket{extension_point="Scorer",plugin_name="queue-scorer",plugin_type="queue-scorer",le="+Inf"} 244731
llm_d_epp_plugin_duration_seconds_sum{extension_point="Scorer",plugin_name="queue-scorer",plugin_type="queue-scorer"} 0.23296810099999946
llm_d_epp_plugin_duration_seconds_count{extension_point="Scorer",plugin_name="queue-scorer",plugin_type="queue-scorer"} 244731
# HELP llm_d_epp_prefix_indexer_hit_bytes [ALPHA] Length of the prefix match in number of bytes in the cache lookup.
# TYPE llm_d_epp_prefix_indexer_hit_bytes histogram
llm_d_epp_prefix_indexer_hit_bytes_bucket{plugin_name="approx-prefix-cache-producer",plugin_type="approx-prefix-cache-producer",le="0"} 244731
llm_d_epp_prefix_indexer_hit_bytes_bucket{plugin_name="approx-prefix-cache-producer",plugin_type="approx-prefix-cache-producer",le="16"} 244731
llm_d_epp_prefix_indexer_hit_bytes_bucket{plugin_name="approx-prefix-cache-producer",plugin_type="approx-prefix-cache-producer",le="32"} 244731
llm_d_epp_prefix_indexer_hit_bytes_bucket{plugin_name="approx-prefix-cache-producer",plugin_type="approx-prefix-cache-producer",le="64"} 244731
llm_d_epp_prefix_indexer_hit_bytes_bucket{plugin_name="approx-prefix-cache-producer",plugin_type="approx-prefix-cache-producer",le="128"} 244731
llm_d_epp_prefix_indexer_hit_bytes_bucket{plugin_name="approx-prefix-cache-producer",plugin_type="approx-prefix-cache-producer",le="256"} 244731
llm_d_epp_prefix_indexer_hit_bytes_bucket{plugin_name="approx-prefix-cache-producer",plugin_type="approx-prefix-cache-producer",le="512"} 244731
llm_d_epp_prefix_indexer_hit_bytes_bucket{plugin_name="approx-prefix-cache-producer",plugin_type="approx-prefix-cache-producer",le="1024"} 244731
llm_d_epp_prefix_indexer_hit_bytes_bucket{plugin_name="approx-prefix-cache-producer",plugin_type="approx-prefix-cache-producer",le="2048"} 244731
llm_d_epp_prefix_indexer_hit_bytes_bucket{plugin_name="approx-prefix-cache-producer",plugin_type="approx-prefix-cache-producer",le="4096"} 244731
llm_d_epp_prefix_indexer_hit_bytes_bucket{plugin_name="approx-prefix-cache-producer",plugin_type="approx-prefix-cache-producer",le="8192"} 244731
llm_d_epp_prefix_indexer_hit_bytes_bucket{plugin_name="approx-prefix-cache-producer",plugin_type="approx-prefix-cache-producer",le="16384"} 244731
llm_d_epp_prefix_indexer_hit_bytes_bucket{plugin_name="approx-prefix-cache-producer",plugin_type="approx-prefix-cache-producer",le="32768"} 244731
llm_d_epp_prefix_indexer_hit_bytes_bucket{plugin_name="approx-prefix-cache-producer",plugin_type="approx-prefix-cache-producer",le="65536"} 244731
llm_d_epp_prefix_indexer_hit_bytes_bucket{plugin_name="approx-prefix-cache-producer",plugin_type="approx-prefix-cache-producer",le="+Inf"} 244731
llm_d_epp_prefix_indexer_hit_bytes_sum{plugin_name="approx-prefix-cache-producer",plugin_type="approx-prefix-cache-producer"} 0
llm_d_epp_prefix_indexer_hit_bytes_count{plugin_name="approx-prefix-cache-producer",plugin_type="approx-prefix-cache-producer"} 244731
# HELP llm_d_epp_prefix_indexer_hit_ratio [ALPHA] Ratio of prefix length matched to total prefix length in the cache lookup.
# TYPE llm_d_epp_prefix_indexer_hit_ratio histogram
llm_d_epp_prefix_indexer_hit_ratio_bucket{plugin_name="approx-prefix-cache-producer",plugin_type="approx-prefix-cache-producer",le="0"} 244731
llm_d_epp_prefix_indexer_hit_ratio_bucket{plugin_name="approx-prefix-cache-producer",plugin_type="approx-prefix-cache-producer",le="0.1"} 244731
llm_d_epp_prefix_indexer_hit_ratio_bucket{plugin_name="approx-prefix-cache-producer",plugin_type="approx-prefix-cache-producer",le="0.2"} 244731
llm_d_epp_prefix_indexer_hit_ratio_bucket{plugin_name="approx-prefix-cache-producer",plugin_type="approx-prefix-cache-producer",le="0.3"} 244731
llm_d_epp_prefix_indexer_hit_ratio_bucket{plugin_name="approx-prefix-cache-producer",plugin_type="approx-prefix-cache-producer",le="0.4"} 244731
llm_d_epp_prefix_indexer_hit_ratio_bucket{plugin_name="approx-prefix-cache-producer",plugin_type="approx-prefix-cache-producer",le="0.5"} 244731
llm_d_epp_prefix_indexer_hit_ratio_bucket{plugin_name="approx-prefix-cache-producer",plugin_type="approx-prefix-cache-producer",le="0.6"} 244731
llm_d_epp_prefix_indexer_hit_ratio_bucket{plugin_name="approx-prefix-cache-producer",plugin_type="approx-prefix-cache-producer",le="0.7"} 244731
llm_d_epp_prefix_indexer_hit_ratio_bucket{plugin_name="approx-prefix-cache-producer",plugin_type="approx-prefix-cache-producer",le="0.8"} 244731
llm_d_epp_prefix_indexer_hit_ratio_bucket{plugin_name="approx-prefix-cache-producer",plugin_type="approx-prefix-cache-producer",le="0.9"} 244731
llm_d_epp_prefix_indexer_hit_ratio_bucket{plugin_name="approx-prefix-cache-producer",plugin_type="approx-prefix-cache-producer",le="1"} 244731
llm_d_epp_prefix_indexer_hit_ratio_bucket{plugin_name="approx-prefix-cache-producer",plugin_type="approx-prefix-cache-producer",le="+Inf"} 244731
llm_d_epp_prefix_indexer_hit_ratio_sum{plugin_name="approx-prefix-cache-producer",plugin_type="approx-prefix-cache-producer"} 0
llm_d_epp_prefix_indexer_hit_ratio_count{plugin_name="approx-prefix-cache-producer",plugin_type="approx-prefix-cache-producer"} 244731
# HELP llm_d_epp_prefix_indexer_size [ALPHA] Size of the prefix indexer.
# TYPE llm_d_epp_prefix_indexer_size gauge
llm_d_epp_prefix_indexer_size{plugin_name="approx-prefix-cache-producer",plugin_type="approx-prefix-cache-producer"} 57078
# HELP llm_d_epp_ready_endpoints [ALPHA] The number of ready endpoints in the inference server pool.
# TYPE llm_d_epp_ready_endpoints gauge
llm_d_epp_ready_endpoints{name="qwen-qwe-3db867ce-en3-0-6b-router"} 6
# HELP llm_d_epp_request_duration_seconds [ALPHA] End-to-end request latency distribution in seconds.
# TYPE llm_d_epp_request_duration_seconds histogram
llm_d_epp_request_duration_seconds_bucket{fairness_id="default-flow",model_name="",priority="0",target_model_name="",le="0.005"} 14
llm_d_epp_request_duration_seconds_bucket{fairness_id="default-flow",model_name="",priority="0",target_model_name="",le="0.025"} 14
llm_d_epp_request_duration_seconds_bucket{fairness_id="default-flow",model_name="",priority="0",target_model_name="",le="0.05"} 14
llm_d_epp_request_duration_seconds_bucket{fairness_id="default-flow",model_name="",priority="0",target_model_name="",le="0.1"} 14
llm_d_epp_request_duration_seconds_bucket{fairness_id="default-flow",model_name="",priority="0",target_model_name="",le="0.2"} 14
llm_d_epp_request_duration_seconds_bucket{fairness_id="default-flow",model_name="",priority="0",target_model_name="",le="0.4"} 14
llm_d_epp_request_duration_seconds_bucket{fairness_id="default-flow",model_name="",priority="0",target_model_name="",le="0.6"} 14
llm_d_epp_request_duration_seconds_bucket{fairness_id="default-flow",model_name="",priority="0",target_model_name="",le="0.8"} 14
llm_d_epp_request_duration_seconds_bucket{fairness_id="default-flow",model_name="",priority="0",target_model_name="",le="1"} 14
llm_d_epp_request_duration_seconds_bucket{fairness_id="default-flow",model_name="",priority="0",target_model_name="",le="1.25"} 14
llm_d_epp_request_duration_seconds_bucket{fairness_id="default-flow",model_name="",priority="0",target_model_name="",le="1.5"} 14
llm_d_epp_request_duration_seconds_bucket{fairness_id="default-flow",model_name="",priority="0",target_model_name="",le="2"} 14
llm_d_epp_request_duration_seconds_bucket{fairness_id="default-flow",model_name="",priority="0",target_model_name="",le="3"} 14
llm_d_epp_request_duration_seconds_bucket{fairness_id="default-flow",model_name="",priority="0",target_model_name="",le="4"} 14
llm_d_epp_request_duration_seconds_bucket{fairness_id="default-flow",model_name="",priority="0",target_model_name="",le="5"} 14
llm_d_epp_request_duration_seconds_bucket{fairness_id="default-flow",model_name="",priority="0",target_model_name="",le="6"} 14
llm_d_epp_request_duration_seconds_bucket{fairness_id="default-flow",model_name="",priority="0",target_model_name="",le="8"} 14
llm_d_epp_request_duration_seconds_bucket{fairness_id="default-flow",model_name="",priority="0",target_model_name="",le="10"} 14
llm_d_epp_request_duration_seconds_bucket{fairness_id="default-flow",model_name="",priority="0",target_model_name="",le="15"} 14
llm_d_epp_request_duration_seconds_bucket{fairness_id="default-flow",model_name="",priority="0",target_model_name="",le="20"} 14
llm_d_epp_request_duration_seconds_bucket{fairness_id="default-flow",model_name="",priority="0",target_model_name="",le="30"} 14
llm_d_epp_request_duration_seconds_bucket{fairness_id="default-flow",model_name="",priority="0",target_model_name="",le="45"} 14
llm_d_epp_request_duration_seconds_bucket{fairness_id="default-flow",model_name="",priority="0",target_model_name="",le="60"} 14
llm_d_epp_request_duration_seconds_bucket{fairness_id="default-flow",model_name="",priority="0",target_model_name="",le="120"} 14
llm_d_epp_request_duration_seconds_bucket{fairness_id="default-flow",model_name="",priority="0",target_model_name="",le="180"} 14
llm_d_epp_request_duration_seconds_bucket{fairness_id="default-flow",model_name="",priority="0",target_model_name="",le="240"} 14
llm_d_epp_request_duration_seconds_bucket{fairness_id="default-flow",model_name="",priority="0",target_model_name="",le="300"} 14
llm_d_epp_request_duration_seconds_bucket{fairness_id="default-flow",model_name="",priority="0",target_model_name="",le="360"} 14
llm_d_epp_request_duration_seconds_bucket{fairness_id="default-flow",model_name="",priority="0",target_model_name="",le="480"} 14
llm_d_epp_request_duration_seconds_bucket{fairness_id="default-flow",model_name="",priority="0",target_model_name="",le="600"} 14
llm_d_epp_request_duration_seconds_bucket{fairness_id="default-flow",model_name="",priority="0",target_model_name="",le="900"} 14
llm_d_epp_request_duration_seconds_bucket{fairness_id="default-flow",model_name="",priority="0",target_model_name="",le="1200"} 14
llm_d_epp_request_duration_seconds_bucket{fairness_id="default-flow",model_name="",priority="0",target_model_name="",le="1800"} 14
llm_d_epp_request_duration_seconds_bucket{fairness_id="default-flow",model_name="",priority="0",target_model_name="",le="2700"} 14
llm_d_epp_request_duration_seconds_bucket{fairness_id="default-flow",model_name="",priority="0",target_model_name="",le="3600"} 14
llm_d_epp_request_duration_seconds_bucket{fairness_id="default-flow",model_name="",priority="0",target_model_name="",le="+Inf"} 14
llm_d_epp_request_duration_seconds_sum{fairness_id="default-flow",model_name="",priority="0",target_model_name=""} 0.033842551000000005
llm_d_epp_request_duration_seconds_count{fairness_id="default-flow",model_name="",priority="0",target_model_name=""} 14
llm_d_epp_request_duration_seconds_bucket{fairness_id="default-flow",model_name="Qwen/Qwen3-0.6B",priority="0",target_model_name="Qwen/Qwen3-0.6B",le="0.005"} 3
llm_d_epp_request_duration_seconds_bucket{fairness_id="default-flow",model_name="Qwen/Qwen3-0.6B",priority="0",target_model_name="Qwen/Qwen3-0.6B",le="0.025"} 5
llm_d_epp_request_duration_seconds_bucket{fairness_id="default-flow",model_name="Qwen/Qwen3-0.6B",priority="0",target_model_name="Qwen/Qwen3-0.6B",le="0.05"} 7
llm_d_epp_request_duration_seconds_bucket{fairness_id="default-flow",model_name="Qwen/Qwen3-0.6B",priority="0",target_model_name="Qwen/Qwen3-0.6B",le="0.1"} 7
llm_d_epp_request_duration_seconds_bucket{fairness_id="default-flow",model_name="Qwen/Qwen3-0.6B",priority="0",target_model_name="Qwen/Qwen3-0.6B",le="0.2"} 7
llm_d_epp_request_duration_seconds_bucket{fairness_id="default-flow",model_name="Qwen/Qwen3-0.6B",priority="0",target_model_name="Qwen/Qwen3-0.6B",le="0.4"} 8
llm_d_epp_request_duration_seconds_bucket{fairness_id="default-flow",model_name="Qwen/Qwen3-0.6B",priority="0",target_model_name="Qwen/Qwen3-0.6B",le="0.6"} 8
llm_d_epp_request_duration_seconds_bucket{fairness_id="default-flow",model_name="Qwen/Qwen3-0.6B",priority="0",target_model_name="Qwen/Qwen3-0.6B",le="0.8"} 8
llm_d_epp_request_duration_seconds_bucket{fairness_id="default-flow",model_name="Qwen/Qwen3-0.6B",priority="0",target_model_name="Qwen/Qwen3-0.6B",le="1"} 8
llm_d_epp_request_duration_seconds_bucket{fairness_id="default-flow",model_name="Qwen/Qwen3-0.6B",priority="0",target_model_name="Qwen/Qwen3-0.6B",le="1.25"} 8
llm_d_epp_request_duration_seconds_bucket{fairness_id="default-flow",model_name="Qwen/Qwen3-0.6B",priority="0",target_model_name="Qwen/Qwen3-0.6B",le="1.5"} 8
llm_d_epp_request_duration_seconds_bucket{fairness_id="default-flow",model_name="Qwen/Qwen3-0.6B",priority="0",target_model_name="Qwen/Qwen3-0.6B",le="2"} 8
llm_d_epp_request_duration_seconds_bucket{fairness_id="default-flow",model_name="Qwen/Qwen3-0.6B",priority="0",target_model_name="Qwen/Qwen3-0.6B",le="3"} 6355
llm_d_epp_request_duration_seconds_bucket{fairness_id="default-flow",model_name="Qwen/Qwen3-0.6B",priority="0",target_model_name="Qwen/Qwen3-0.6B",le="4"} 11769
llm_d_epp_request_duration_seconds_bucket{fairness_id="default-flow",model_name="Qwen/Qwen3-0.6B",priority="0",target_model_name="Qwen/Qwen3-0.6B",le="5"} 12012
llm_d_epp_request_duration_seconds_bucket{fairness_id="default-flow",model_name="Qwen/Qwen3-0.6B",priority="0",target_model_name="Qwen/Qwen3-0.6B",le="6"} 12013
llm_d_epp_request_duration_seconds_bucket{fairness_id="default-flow",model_name="Qwen/Qwen3-0.6B",priority="0",target_model_name="Qwen/Qwen3-0.6B",le="8"} 12020
llm_d_epp_request_duration_seconds_bucket{fairness_id="default-flow",model_name="Qwen/Qwen3-0.6B",priority="0",target_model_name="Qwen/Qwen3-0.6B",le="10"} 58194
llm_d_epp_request_duration_seconds_bucket{fairness_id="default-flow",model_name="Qwen/Qwen3-0.6B",priority="0",target_model_name="Qwen/Qwen3-0.6B",le="15"} 176578
llm_d_epp_request_duration_seconds_bucket{fairness_id="default-flow",model_name="Qwen/Qwen3-0.6B",priority="0",target_model_name="Qwen/Qwen3-0.6B",le="20"} 199938
llm_d_epp_request_duration_seconds_bucket{fairness_id="default-flow",model_name="Qwen/Qwen3-0.6B",priority="0",target_model_name="Qwen/Qwen3-0.6B",le="30"} 209494
llm_d_epp_request_duration_seconds_bucket{fairness_id="default-flow",model_name="Qwen/Qwen3-0.6B",priority="0",target_model_name="Qwen/Qwen3-0.6B",le="45"} 220903
llm_d_epp_request_duration_seconds_bucket{fairness_id="default-flow",model_name="Qwen/Qwen3-0.6B",priority="0",target_model_name="Qwen/Qwen3-0.6B",le="60"} 226897
llm_d_epp_request_duration_seconds_bucket{fairness_id="default-flow",model_name="Qwen/Qwen3-0.6B",priority="0",target_model_name="Qwen/Qwen3-0.6B",le="120"} 240385
llm_d_epp_request_duration_seconds_bucket{fairness_id="default-flow",model_name="Qwen/Qwen3-0.6B",priority="0",target_model_name="Qwen/Qwen3-0.6B",le="180"} 242063
llm_d_epp_request_duration_seconds_bucket{fairness_id="default-flow",model_name="Qwen/Qwen3-0.6B",priority="0",target_model_name="Qwen/Qwen3-0.6B",le="240"} 242063
llm_d_epp_request_duration_seconds_bucket{fairness_id="default-flow",model_name="Qwen/Qwen3-0.6B",priority="0",target_model_name="Qwen/Qwen3-0.6B",le="300"} 242063
llm_d_epp_request_duration_seconds_bucket{fairness_id="default-flow",model_name="Qwen/Qwen3-0.6B",priority="0",target_model_name="Qwen/Qwen3-0.6B",le="360"} 242063
llm_d_epp_request_duration_seconds_bucket{fairness_id="default-flow",model_name="Qwen/Qwen3-0.6B",priority="0",target_model_name="Qwen/Qwen3-0.6B",le="480"} 242063
llm_d_epp_request_duration_seconds_bucket{fairness_id="default-flow",model_name="Qwen/Qwen3-0.6B",priority="0",target_model_name="Qwen/Qwen3-0.6B",le="600"} 242063
llm_d_epp_request_duration_seconds_bucket{fairness_id="default-flow",model_name="Qwen/Qwen3-0.6B",priority="0",target_model_name="Qwen/Qwen3-0.6B",le="900"} 242063
llm_d_epp_request_duration_seconds_bucket{fairness_id="default-flow",model_name="Qwen/Qwen3-0.6B",priority="0",target_model_name="Qwen/Qwen3-0.6B",le="1200"} 242063
llm_d_epp_request_duration_seconds_bucket{fairness_id="default-flow",model_name="Qwen/Qwen3-0.6B",priority="0",target_model_name="Qwen/Qwen3-0.6B",le="1800"} 242063
llm_d_epp_request_duration_seconds_bucket{fairness_id="default-flow",model_name="Qwen/Qwen3-0.6B",priority="0",target_model_name="Qwen/Qwen3-0.6B",le="2700"} 242063
llm_d_epp_request_duration_seconds_bucket{fairness_id="default-flow",model_name="Qwen/Qwen3-0.6B",priority="0",target_model_name="Qwen/Qwen3-0.6B",le="3600"} 242063
llm_d_epp_request_duration_seconds_bucket{fairness_id="default-flow",model_name="Qwen/Qwen3-0.6B",priority="0",target_model_name="Qwen/Qwen3-0.6B",le="+Inf"} 242063
llm_d_epp_request_duration_seconds_sum{fairness_id="default-flow",model_name="Qwen/Qwen3-0.6B",priority="0",target_model_name="Qwen/Qwen3-0.6B"} 4.571339794447071e+06
llm_d_epp_request_duration_seconds_count{fairness_id="default-flow",model_name="Qwen/Qwen3-0.6B",priority="0",target_model_name="Qwen/Qwen3-0.6B"} 242063
# HELP llm_d_epp_request_error_total [ALPHA] Total number of request errors.
# TYPE llm_d_epp_request_error_total counter
llm_d_epp_request_error_total{error_code="Internal",fairness_id="default-flow",model_name="",priority="0",target_model_name=""} 10
llm_d_epp_request_error_total{error_code="ServiceUnavailable",fairness_id="default-flow",model_name="Qwen/Qwen3-0.6B",priority="0",target_model_name="Qwen/Qwen3-0.6B"} 546
# HELP llm_d_epp_request_input_tokens [ALPHA] Input token count distribution per request.
# TYPE llm_d_epp_request_input_tokens histogram
llm_d_epp_request_input_tokens_bucket{fairness_id="default-flow",model_name="Qwen/Qwen3-0.6B",priority="0",target_model_name="Qwen/Qwen3-0.6B",le="1"} 0
llm_d_epp_request_input_tokens_bucket{fairness_id="default-flow",model_name="Qwen/Qwen3-0.6B",priority="0",target_model_name="Qwen/Qwen3-0.6B",le="8"} 0
llm_d_epp_request_input_tokens_bucket{fairness_id="default-flow",model_name="Qwen/Qwen3-0.6B",priority="0",target_model_name="Qwen/Qwen3-0.6B",le="16"} 0
llm_d_epp_request_input_tokens_bucket{fairness_id="default-flow",model_name="Qwen/Qwen3-0.6B",priority="0",target_model_name="Qwen/Qwen3-0.6B",le="32"} 0
llm_d_epp_request_input_tokens_bucket{fairness_id="default-flow",model_name="Qwen/Qwen3-0.6B",priority="0",target_model_name="Qwen/Qwen3-0.6B",le="64"} 0
llm_d_epp_request_input_tokens_bucket{fairness_id="default-flow",model_name="Qwen/Qwen3-0.6B",priority="0",target_model_name="Qwen/Qwen3-0.6B",le="128"} 0
llm_d_epp_request_input_tokens_bucket{fairness_id="default-flow",model_name="Qwen/Qwen3-0.6B",priority="0",target_model_name="Qwen/Qwen3-0.6B",le="256"} 0
llm_d_epp_request_input_tokens_bucket{fairness_id="default-flow",model_name="Qwen/Qwen3-0.6B",priority="0",target_model_name="Qwen/Qwen3-0.6B",le="512"} 0
llm_d_epp_request_input_tokens_bucket{fairness_id="default-flow",model_name="Qwen/Qwen3-0.6B",priority="0",target_model_name="Qwen/Qwen3-0.6B",le="1024"} 0
llm_d_epp_request_input_tokens_bucket{fairness_id="default-flow",model_name="Qwen/Qwen3-0.6B",priority="0",target_model_name="Qwen/Qwen3-0.6B",le="2048"} 0
llm_d_epp_request_input_tokens_bucket{fairness_id="default-flow",model_name="Qwen/Qwen3-0.6B",priority="0",target_model_name="Qwen/Qwen3-0.6B",le="4096"} 5.111915e+06
llm_d_epp_request_input_tokens_bucket{fairness_id="default-flow",model_name="Qwen/Qwen3-0.6B",priority="0",target_model_name="Qwen/Qwen3-0.6B",le="8192"} 5.111915e+06
llm_d_epp_request_input_tokens_bucket{fairness_id="default-flow",model_name="Qwen/Qwen3-0.6B",priority="0",target_model_name="Qwen/Qwen3-0.6B",le="16384"} 5.111915e+06
llm_d_epp_request_input_tokens_bucket{fairness_id="default-flow",model_name="Qwen/Qwen3-0.6B",priority="0",target_model_name="Qwen/Qwen3-0.6B",le="32778"} 5.111915e+06
llm_d_epp_request_input_tokens_bucket{fairness_id="default-flow",model_name="Qwen/Qwen3-0.6B",priority="0",target_model_name="Qwen/Qwen3-0.6B",le="65536"} 5.111915e+06
llm_d_epp_request_input_tokens_bucket{fairness_id="default-flow",model_name="Qwen/Qwen3-0.6B",priority="0",target_model_name="Qwen/Qwen3-0.6B",le="131072"} 5.111915e+06
llm_d_epp_request_input_tokens_bucket{fairness_id="default-flow",model_name="Qwen/Qwen3-0.6B",priority="0",target_model_name="Qwen/Qwen3-0.6B",le="262144"} 5.111915e+06
llm_d_epp_request_input_tokens_bucket{fairness_id="default-flow",model_name="Qwen/Qwen3-0.6B",priority="0",target_model_name="Qwen/Qwen3-0.6B",le="524288"} 5.111915e+06
llm_d_epp_request_input_tokens_bucket{fairness_id="default-flow",model_name="Qwen/Qwen3-0.6B",priority="0",target_model_name="Qwen/Qwen3-0.6B",le="1.048576e+06"} 5.111915e+06
llm_d_epp_request_input_tokens_bucket{fairness_id="default-flow",model_name="Qwen/Qwen3-0.6B",priority="0",target_model_name="Qwen/Qwen3-0.6B",le="+Inf"} 5.111915e+06
llm_d_epp_request_input_tokens_sum{fairness_id="default-flow",model_name="Qwen/Qwen3-0.6B",priority="0",target_model_name="Qwen/Qwen3-0.6B"} 2.0452534663e+10
llm_d_epp_request_input_tokens_count{fairness_id="default-flow",model_name="Qwen/Qwen3-0.6B",priority="0",target_model_name="Qwen/Qwen3-0.6B"} 5.111915e+06
# HELP llm_d_epp_request_ntpot_seconds [ALPHA] Normalized time per output token in seconds (end-to-end latency divided by output token count).
# TYPE llm_d_epp_request_ntpot_seconds histogram
llm_d_epp_request_ntpot_seconds_bucket{fairness_id="default-flow",model_name="Qwen/Qwen3-0.6B",priority="0",target_model_name="Qwen/Qwen3-0.6B",le="0.001"} 0
llm_d_epp_request_ntpot_seconds_bucket{fairness_id="default-flow",model_name="Qwen/Qwen3-0.6B",priority="0",target_model_name="Qwen/Qwen3-0.6B",le="0.002"} 0
llm_d_epp_request_ntpot_seconds_bucket{fairness_id="default-flow",model_name="Qwen/Qwen3-0.6B",priority="0",target_model_name="Qwen/Qwen3-0.6B",le="0.005"} 0
llm_d_epp_request_ntpot_seconds_bucket{fairness_id="default-flow",model_name="Qwen/Qwen3-0.6B",priority="0",target_model_name="Qwen/Qwen3-0.6B",le="0.01"} 46186
llm_d_epp_request_ntpot_seconds_bucket{fairness_id="default-flow",model_name="Qwen/Qwen3-0.6B",priority="0",target_model_name="Qwen/Qwen3-0.6B",le="0.02"} 199930
llm_d_epp_request_ntpot_seconds_bucket{fairness_id="default-flow",model_name="Qwen/Qwen3-0.6B",priority="0",target_model_name="Qwen/Qwen3-0.6B",le="0.05"} 222960
llm_d_epp_request_ntpot_seconds_bucket{fairness_id="default-flow",model_name="Qwen/Qwen3-0.6B",priority="0",target_model_name="Qwen/Qwen3-0.6B",le="0.1"} 236594
llm_d_epp_request_ntpot_seconds_bucket{fairness_id="default-flow",model_name="Qwen/Qwen3-0.6B",priority="0",target_model_name="Qwen/Qwen3-0.6B",le="0.2"} 242055
llm_d_epp_request_ntpot_seconds_bucket{fairness_id="default-flow",model_name="Qwen/Qwen3-0.6B",priority="0",target_model_name="Qwen/Qwen3-0.6B",le="0.5"} 242055
llm_d_epp_request_ntpot_seconds_bucket{fairness_id="default-flow",model_name="Qwen/Qwen3-0.6B",priority="0",target_model_name="Qwen/Qwen3-0.6B",le="1"} 242055
llm_d_epp_request_ntpot_seconds_bucket{fairness_id="default-flow",model_name="Qwen/Qwen3-0.6B",priority="0",target_model_name="Qwen/Qwen3-0.6B",le="2"} 242055
llm_d_epp_request_ntpot_seconds_bucket{fairness_id="default-flow",model_name="Qwen/Qwen3-0.6B",priority="0",target_model_name="Qwen/Qwen3-0.6B",le="5"} 242055
llm_d_epp_request_ntpot_seconds_bucket{fairness_id="default-flow",model_name="Qwen/Qwen3-0.6B",priority="0",target_model_name="Qwen/Qwen3-0.6B",le="10"} 242055
llm_d_epp_request_ntpot_seconds_bucket{fairness_id="default-flow",model_name="Qwen/Qwen3-0.6B",priority="0",target_model_name="Qwen/Qwen3-0.6B",le="+Inf"} 242055
llm_d_epp_request_ntpot_seconds_sum{fairness_id="default-flow",model_name="Qwen/Qwen3-0.6B",priority="0",target_model_name="Qwen/Qwen3-0.6B"} 4680.222659177195
llm_d_epp_request_ntpot_seconds_count{fairness_id="default-flow",model_name="Qwen/Qwen3-0.6B",priority="0",target_model_name="Qwen/Qwen3-0.6B"} 242055
# HELP llm_d_epp_request_output_tokens [ALPHA] Output token count distribution per request.
# TYPE llm_d_epp_request_output_tokens histogram
llm_d_epp_request_output_tokens_bucket{fairness_id="default-flow",model_name="Qwen/Qwen3-0.6B",priority="0",target_model_name="Qwen/Qwen3-0.6B",le="1"} 5034
llm_d_epp_request_output_tokens_bucket{fairness_id="default-flow",model_name="Qwen/Qwen3-0.6B",priority="0",target_model_name="Qwen/Qwen3-0.6B",le="8"} 40214
llm_d_epp_request_output_tokens_bucket{fairness_id="default-flow",model_name="Qwen/Qwen3-0.6B",priority="0",target_model_name="Qwen/Qwen3-0.6B",le="16"} 80306
llm_d_epp_request_output_tokens_bucket{fairness_id="default-flow",model_name="Qwen/Qwen3-0.6B",priority="0",target_model_name="Qwen/Qwen3-0.6B",le="32"} 160129
llm_d_epp_request_output_tokens_bucket{fairness_id="default-flow",model_name="Qwen/Qwen3-0.6B",priority="0",target_model_name="Qwen/Qwen3-0.6B",le="64"} 318418
llm_d_epp_request_output_tokens_bucket{fairness_id="default-flow",model_name="Qwen/Qwen3-0.6B",priority="0",target_model_name="Qwen/Qwen3-0.6B",le="128"} 634161
llm_d_epp_request_output_tokens_bucket{fairness_id="default-flow",model_name="Qwen/Qwen3-0.6B",priority="0",target_model_name="Qwen/Qwen3-0.6B",le="256"} 1.272908e+06
llm_d_epp_request_output_tokens_bucket{fairness_id="default-flow",model_name="Qwen/Qwen3-0.6B",priority="0",target_model_name="Qwen/Qwen3-0.6B",le="512"} 2.520346e+06
llm_d_epp_request_output_tokens_bucket{fairness_id="default-flow",model_name="Qwen/Qwen3-0.6B",priority="0",target_model_name="Qwen/Qwen3-0.6B",le="1024"} 5.111915e+06
llm_d_epp_request_output_tokens_bucket{fairness_id="default-flow",model_name="Qwen/Qwen3-0.6B",priority="0",target_model_name="Qwen/Qwen3-0.6B",le="2048"} 5.111915e+06
llm_d_epp_request_output_tokens_bucket{fairness_id="default-flow",model_name="Qwen/Qwen3-0.6B",priority="0",target_model_name="Qwen/Qwen3-0.6B",le="4096"} 5.111915e+06
llm_d_epp_request_output_tokens_bucket{fairness_id="default-flow",model_name="Qwen/Qwen3-0.6B",priority="0",target_model_name="Qwen/Qwen3-0.6B",le="8192"} 5.111915e+06
llm_d_epp_request_output_tokens_bucket{fairness_id="default-flow",model_name="Qwen/Qwen3-0.6B",priority="0",target_model_name="Qwen/Qwen3-0.6B",le="+Inf"} 5.111915e+06
llm_d_epp_request_output_tokens_sum{fairness_id="default-flow",model_name="Qwen/Qwen3-0.6B",priority="0",target_model_name="Qwen/Qwen3-0.6B"} 2.658656034e+09
llm_d_epp_request_output_tokens_count{fairness_id="default-flow",model_name="Qwen/Qwen3-0.6B",priority="0",target_model_name="Qwen/Qwen3-0.6B"} 5.111915e+06
# HELP llm_d_epp_request_running [ALPHA] Current number of active running requests.
# TYPE llm_d_epp_request_running gauge
llm_d_epp_request_running{fairness_id="default-flow",model_name="Qwen/Qwen3-0.6B",priority="0",target_model_name="Qwen/Qwen3-0.6B"} 138
# HELP llm_d_epp_request_size_bytes [ALPHA] Incoming request body size distribution in bytes.
# TYPE llm_d_epp_request_size_bytes histogram
llm_d_epp_request_size_bytes_bucket{fairness_id="default-flow",model_name="Qwen/Qwen3-0.6B",priority="0",target_model_name="Qwen/Qwen3-0.6B",le="64"} 0
llm_d_epp_request_size_bytes_bucket{fairness_id="default-flow",model_name="Qwen/Qwen3-0.6B",priority="0",target_model_name="Qwen/Qwen3-0.6B",le="128"} 0
llm_d_epp_request_size_bytes_bucket{fairness_id="default-flow",model_name="Qwen/Qwen3-0.6B",priority="0",target_model_name="Qwen/Qwen3-0.6B",le="256"} 0
llm_d_epp_request_size_bytes_bucket{fairness_id="default-flow",model_name="Qwen/Qwen3-0.6B",priority="0",target_model_name="Qwen/Qwen3-0.6B",le="512"} 0
llm_d_epp_request_size_bytes_bucket{fairness_id="default-flow",model_name="Qwen/Qwen3-0.6B",priority="0",target_model_name="Qwen/Qwen3-0.6B",le="1024"} 0
llm_d_epp_request_size_bytes_bucket{fairness_id="default-flow",model_name="Qwen/Qwen3-0.6B",priority="0",target_model_name="Qwen/Qwen3-0.6B",le="2048"} 0
llm_d_epp_request_size_bytes_bucket{fairness_id="default-flow",model_name="Qwen/Qwen3-0.6B",priority="0",target_model_name="Qwen/Qwen3-0.6B",le="4096"} 0
llm_d_epp_request_size_bytes_bucket{fairness_id="default-flow",model_name="Qwen/Qwen3-0.6B",priority="0",target_model_name="Qwen/Qwen3-0.6B",le="8192"} 0
llm_d_epp_request_size_bytes_bucket{fairness_id="default-flow",model_name="Qwen/Qwen3-0.6B",priority="0",target_model_name="Qwen/Qwen3-0.6B",le="16384"} 0
llm_d_epp_request_size_bytes_bucket{fairness_id="default-flow",model_name="Qwen/Qwen3-0.6B",priority="0",target_model_name="Qwen/Qwen3-0.6B",le="32768"} 244731
llm_d_epp_request_size_bytes_bucket{fairness_id="default-flow",model_name="Qwen/Qwen3-0.6B",priority="0",target_model_name="Qwen/Qwen3-0.6B",le="65536"} 244731
llm_d_epp_request_size_bytes_bucket{fairness_id="default-flow",model_name="Qwen/Qwen3-0.6B",priority="0",target_model_name="Qwen/Qwen3-0.6B",le="131072"} 244731
llm_d_epp_request_size_bytes_bucket{fairness_id="default-flow",model_name="Qwen/Qwen3-0.6B",priority="0",target_model_name="Qwen/Qwen3-0.6B",le="262144"} 244731
llm_d_epp_request_size_bytes_bucket{fairness_id="default-flow",model_name="Qwen/Qwen3-0.6B",priority="0",target_model_name="Qwen/Qwen3-0.6B",le="524288"} 244731
llm_d_epp_request_size_bytes_bucket{fairness_id="default-flow",model_name="Qwen/Qwen3-0.6B",priority="0",target_model_name="Qwen/Qwen3-0.6B",le="1.048576e+06"} 244731
llm_d_epp_request_size_bytes_bucket{fairness_id="default-flow",model_name="Qwen/Qwen3-0.6B",priority="0",target_model_name="Qwen/Qwen3-0.6B",le="2.097152e+06"} 244731
llm_d_epp_request_size_bytes_bucket{fairness_id="default-flow",model_name="Qwen/Qwen3-0.6B",priority="0",target_model_name="Qwen/Qwen3-0.6B",le="4.194304e+06"} 244731
llm_d_epp_request_size_bytes_bucket{fairness_id="default-flow",model_name="Qwen/Qwen3-0.6B",priority="0",target_model_name="Qwen/Qwen3-0.6B",le="8.388608e+06"} 244731
llm_d_epp_request_size_bytes_bucket{fairness_id="default-flow",model_name="Qwen/Qwen3-0.6B",priority="0",target_model_name="Qwen/Qwen3-0.6B",le="1.6777216e+07"} 244731
llm_d_epp_request_size_bytes_bucket{fairness_id="default-flow",model_name="Qwen/Qwen3-0.6B",priority="0",target_model_name="Qwen/Qwen3-0.6B",le="3.3554432e+07"} 244731
llm_d_epp_request_size_bytes_bucket{fairness_id="default-flow",model_name="Qwen/Qwen3-0.6B",priority="0",target_model_name="Qwen/Qwen3-0.6B",le="6.7108864e+07"} 244731
llm_d_epp_request_size_bytes_bucket{fairness_id="default-flow",model_name="Qwen/Qwen3-0.6B",priority="0",target_model_name="Qwen/Qwen3-0.6B",le="1.34217728e+08"} 244731
llm_d_epp_request_size_bytes_bucket{fairness_id="default-flow",model_name="Qwen/Qwen3-0.6B",priority="0",target_model_name="Qwen/Qwen3-0.6B",le="2.68435456e+08"} 244731
llm_d_epp_request_size_bytes_bucket{fairness_id="default-flow",model_name="Qwen/Qwen3-0.6B",priority="0",target_model_name="Qwen/Qwen3-0.6B",le="5.36870912e+08"} 244731
llm_d_epp_request_size_bytes_bucket{fairness_id="default-flow",model_name="Qwen/Qwen3-0.6B",priority="0",target_model_name="Qwen/Qwen3-0.6B",le="1.073741824e+09"} 244731
llm_d_epp_request_size_bytes_bucket{fairness_id="default-flow",model_name="Qwen/Qwen3-0.6B",priority="0",target_model_name="Qwen/Qwen3-0.6B",le="+Inf"} 244731
llm_d_epp_request_size_bytes_sum{fairness_id="default-flow",model_name="Qwen/Qwen3-0.6B",priority="0",target_model_name="Qwen/Qwen3-0.6B"} 6.110266057e+09
llm_d_epp_request_size_bytes_count{fairness_id="default-flow",model_name="Qwen/Qwen3-0.6B",priority="0",target_model_name="Qwen/Qwen3-0.6B"} 244731
# HELP llm_d_epp_request_streaming_itl_seconds [ALPHA] Inter-token latency in seconds for streaming requests, measured as the time between consecutive response body chunks.
# TYPE llm_d_epp_request_streaming_itl_seconds histogram
llm_d_epp_request_streaming_itl_seconds_bucket{fairness_id="default-flow",model_name="Qwen/Qwen3-0.6B",priority="0",target_model_name="Qwen/Qwen3-0.6B",le="0.001"} 478591
llm_d_epp_request_streaming_itl_seconds_bucket{fairness_id="default-flow",model_name="Qwen/Qwen3-0.6B",priority="0",target_model_name="Qwen/Qwen3-0.6B",le="0.005"} 1.058794e+06
llm_d_epp_request_streaming_itl_seconds_bucket{fairness_id="default-flow",model_name="Qwen/Qwen3-0.6B",priority="0",target_model_name="Qwen/Qwen3-0.6B",le="0.01"} 6.0383621e+07
llm_d_epp_request_streaming_itl_seconds_bucket{fairness_id="default-flow",model_name="Qwen/Qwen3-0.6B",priority="0",target_model_name="Qwen/Qwen3-0.6B",le="0.02"} 2.0103106e+08
llm_d_epp_request_streaming_itl_seconds_bucket{fairness_id="default-flow",model_name="Qwen/Qwen3-0.6B",priority="0",target_model_name="Qwen/Qwen3-0.6B",le="0.04"} 2.31820812e+08
llm_d_epp_request_streaming_itl_seconds_bucket{fairness_id="default-flow",model_name="Qwen/Qwen3-0.6B",priority="0",target_model_name="Qwen/Qwen3-0.6B",le="0.06"} 2.33753005e+08
llm_d_epp_request_streaming_itl_seconds_bucket{fairness_id="default-flow",model_name="Qwen/Qwen3-0.6B",priority="0",target_model_name="Qwen/Qwen3-0.6B",le="0.08"} 2.33872093e+08
llm_d_epp_request_streaming_itl_seconds_bucket{fairness_id="default-flow",model_name="Qwen/Qwen3-0.6B",priority="0",target_model_name="Qwen/Qwen3-0.6B",le="0.1"} 2.33925555e+08
llm_d_epp_request_streaming_itl_seconds_bucket{fairness_id="default-flow",model_name="Qwen/Qwen3-0.6B",priority="0",target_model_name="Qwen/Qwen3-0.6B",le="0.15"} 2.33943084e+08
llm_d_epp_request_streaming_itl_seconds_bucket{fairness_id="default-flow",model_name="Qwen/Qwen3-0.6B",priority="0",target_model_name="Qwen/Qwen3-0.6B",le="0.2"} 2.33944399e+08
llm_d_epp_request_streaming_itl_seconds_bucket{fairness_id="default-flow",model_name="Qwen/Qwen3-0.6B",priority="0",target_model_name="Qwen/Qwen3-0.6B",le="0.3"} 2.33944657e+08
llm_d_epp_request_streaming_itl_seconds_bucket{fairness_id="default-flow",model_name="Qwen/Qwen3-0.6B",priority="0",target_model_name="Qwen/Qwen3-0.6B",le="0.5"} 2.33944986e+08
llm_d_epp_request_streaming_itl_seconds_bucket{fairness_id="default-flow",model_name="Qwen/Qwen3-0.6B",priority="0",target_model_name="Qwen/Qwen3-0.6B",le="0.75"} 2.33945678e+08
llm_d_epp_request_streaming_itl_seconds_bucket{fairness_id="default-flow",model_name="Qwen/Qwen3-0.6B",priority="0",target_model_name="Qwen/Qwen3-0.6B",le="1"} 2.3394604e+08
llm_d_epp_request_streaming_itl_seconds_bucket{fairness_id="default-flow",model_name="Qwen/Qwen3-0.6B",priority="0",target_model_name="Qwen/Qwen3-0.6B",le="2"} 2.3394639e+08
llm_d_epp_request_streaming_itl_seconds_bucket{fairness_id="default-flow",model_name="Qwen/Qwen3-0.6B",priority="0",target_model_name="Qwen/Qwen3-0.6B",le="+Inf"} 2.33949053e+08
llm_d_epp_request_streaming_itl_seconds_sum{fairness_id="default-flow",model_name="Qwen/Qwen3-0.6B",priority="0",target_model_name="Qwen/Qwen3-0.6B"} 3.179910735200777e+06
llm_d_epp_request_streaming_itl_seconds_count{fairness_id="default-flow",model_name="Qwen/Qwen3-0.6B",priority="0",target_model_name="Qwen/Qwen3-0.6B"} 2.33949053e+08
# HELP llm_d_epp_request_streaming_tpot_seconds [ALPHA] Average time per output token in seconds for streaming requests, computed as (e2e - TTFT) / (output_tokens - 1).
# TYPE llm_d_epp_request_streaming_tpot_seconds histogram
llm_d_epp_request_streaming_tpot_seconds_bucket{fairness_id="default-flow",model_name="Qwen/Qwen3-0.6B",priority="0",target_model_name="Qwen/Qwen3-0.6B",le="0.0005"} 0
llm_d_epp_request_streaming_tpot_seconds_bucket{fairness_id="default-flow",model_name="Qwen/Qwen3-0.6B",priority="0",target_model_name="Qwen/Qwen3-0.6B",le="0.00205"} 0
llm_d_epp_request_streaming_tpot_seconds_bucket{fairness_id="default-flow",model_name="Qwen/Qwen3-0.6B",priority="0",target_model_name="Qwen/Qwen3-0.6B",le="0.005"} 0
llm_d_epp_request_streaming_tpot_seconds_bucket{fairness_id="default-flow",model_name="Qwen/Qwen3-0.6B",priority="0",target_model_name="Qwen/Qwen3-0.6B",le="0.01"} 49154
llm_d_epp_request_streaming_tpot_seconds_bucket{fairness_id="default-flow",model_name="Qwen/Qwen3-0.6B",priority="0",target_model_name="Qwen/Qwen3-0.6B",le="0.02"} 209828
llm_d_epp_request_streaming_tpot_seconds_bucket{fairness_id="default-flow",model_name="Qwen/Qwen3-0.6B",priority="0",target_model_name="Qwen/Qwen3-0.6B",le="0.04"} 241695
llm_d_epp_request_streaming_tpot_seconds_bucket{fairness_id="default-flow",model_name="Qwen/Qwen3-0.6B",priority="0",target_model_name="Qwen/Qwen3-0.6B",le="0.06"} 242055
llm_d_epp_request_streaming_tpot_seconds_bucket{fairness_id="default-flow",model_name="Qwen/Qwen3-0.6B",priority="0",target_model_name="Qwen/Qwen3-0.6B",le="0.08"} 242055
llm_d_epp_request_streaming_tpot_seconds_bucket{fairness_id="default-flow",model_name="Qwen/Qwen3-0.6B",priority="0",target_model_name="Qwen/Qwen3-0.6B",le="0.1"} 242055
llm_d_epp_request_streaming_tpot_seconds_bucket{fairness_id="default-flow",model_name="Qwen/Qwen3-0.6B",priority="0",target_model_name="Qwen/Qwen3-0.6B",le="0.125"} 242055
llm_d_epp_request_streaming_tpot_seconds_bucket{fairness_id="default-flow",model_name="Qwen/Qwen3-0.6B",priority="0",target_model_name="Qwen/Qwen3-0.6B",le="0.15"} 242055
llm_d_epp_request_streaming_tpot_seconds_bucket{fairness_id="default-flow",model_name="Qwen/Qwen3-0.6B",priority="0",target_model_name="Qwen/Qwen3-0.6B",le="0.2"} 242055
llm_d_epp_request_streaming_tpot_seconds_bucket{fairness_id="default-flow",model_name="Qwen/Qwen3-0.6B",priority="0",target_model_name="Qwen/Qwen3-0.6B",le="0.3"} 242055
llm_d_epp_request_streaming_tpot_seconds_bucket{fairness_id="default-flow",model_name="Qwen/Qwen3-0.6B",priority="0",target_model_name="Qwen/Qwen3-0.6B",le="0.4"} 242055
llm_d_epp_request_streaming_tpot_seconds_bucket{fairness_id="default-flow",model_name="Qwen/Qwen3-0.6B",priority="0",target_model_name="Qwen/Qwen3-0.6B",le="0.5"} 242055
llm_d_epp_request_streaming_tpot_seconds_bucket{fairness_id="default-flow",model_name="Qwen/Qwen3-0.6B",priority="0",target_model_name="Qwen/Qwen3-0.6B",le="0.6"} 242055
llm_d_epp_request_streaming_tpot_seconds_bucket{fairness_id="default-flow",model_name="Qwen/Qwen3-0.6B",priority="0",target_model_name="Qwen/Qwen3-0.6B",le="0.8"} 242055
llm_d_epp_request_streaming_tpot_seconds_bucket{fairness_id="default-flow",model_name="Qwen/Qwen3-0.6B",priority="0",target_model_name="Qwen/Qwen3-0.6B",le="1"} 242055
llm_d_epp_request_streaming_tpot_seconds_bucket{fairness_id="default-flow",model_name="Qwen/Qwen3-0.6B",priority="0",target_model_name="Qwen/Qwen3-0.6B",le="2"} 242055
llm_d_epp_request_streaming_tpot_seconds_bucket{fairness_id="default-flow",model_name="Qwen/Qwen3-0.6B",priority="0",target_model_name="Qwen/Qwen3-0.6B",le="+Inf"} 242055
llm_d_epp_request_streaming_tpot_seconds_sum{fairness_id="default-flow",model_name="Qwen/Qwen3-0.6B",priority="0",target_model_name="Qwen/Qwen3-0.6B"} 3276.5936521710237
llm_d_epp_request_streaming_tpot_seconds_count{fairness_id="default-flow",model_name="Qwen/Qwen3-0.6B",priority="0",target_model_name="Qwen/Qwen3-0.6B"} 242055
# HELP llm_d_epp_request_total [ALPHA] Total number of processed requests.
# TYPE llm_d_epp_request_total counter
llm_d_epp_request_total{fairness_id="default-flow",model_name="Qwen/Qwen3-0.6B",priority="0",target_model_name="Qwen/Qwen3-0.6B"} 244731
# HELP llm_d_epp_request_ttft_seconds [ALPHA] Time to first token in seconds, measured from request received to first response byte. For non-streaming requests, this equals total request duration.
# TYPE llm_d_epp_request_ttft_seconds histogram
llm_d_epp_request_ttft_seconds_bucket{fairness_id="default-flow",model_name="",priority="0",streaming="false",target_model_name="",le="0.005"} 14
llm_d_epp_request_ttft_seconds_bucket{fairness_id="default-flow",model_name="",priority="0",streaming="false",target_model_name="",le="0.025"} 14
llm_d_epp_request_ttft_seconds_bucket{fairness_id="default-flow",model_name="",priority="0",streaming="false",target_model_name="",le="0.05"} 14
llm_d_epp_request_ttft_seconds_bucket{fairness_id="default-flow",model_name="",priority="0",streaming="false",target_model_name="",le="0.1"} 14
llm_d_epp_request_ttft_seconds_bucket{fairness_id="default-flow",model_name="",priority="0",streaming="false",target_model_name="",le="0.2"} 14
llm_d_epp_request_ttft_seconds_bucket{fairness_id="default-flow",model_name="",priority="0",streaming="false",target_model_name="",le="0.4"} 14
llm_d_epp_request_ttft_seconds_bucket{fairness_id="default-flow",model_name="",priority="0",streaming="false",target_model_name="",le="0.6"} 14
llm_d_epp_request_ttft_seconds_bucket{fairness_id="default-flow",model_name="",priority="0",streaming="false",target_model_name="",le="0.8"} 14
llm_d_epp_request_ttft_seconds_bucket{fairness_id="default-flow",model_name="",priority="0",streaming="false",target_model_name="",le="1"} 14
llm_d_epp_request_ttft_seconds_bucket{fairness_id="default-flow",model_name="",priority="0",streaming="false",target_model_name="",le="1.25"} 14
llm_d_epp_request_ttft_seconds_bucket{fairness_id="default-flow",model_name="",priority="0",streaming="false",target_model_name="",le="1.5"} 14
llm_d_epp_request_ttft_seconds_bucket{fairness_id="default-flow",model_name="",priority="0",streaming="false",target_model_name="",le="2"} 14
llm_d_epp_request_ttft_seconds_bucket{fairness_id="default-flow",model_name="",priority="0",streaming="false",target_model_name="",le="3"} 14
llm_d_epp_request_ttft_seconds_bucket{fairness_id="default-flow",model_name="",priority="0",streaming="false",target_model_name="",le="4"} 14
llm_d_epp_request_ttft_seconds_bucket{fairness_id="default-flow",model_name="",priority="0",streaming="false",target_model_name="",le="5"} 14
llm_d_epp_request_ttft_seconds_bucket{fairness_id="default-flow",model_name="",priority="0",streaming="false",target_model_name="",le="6"} 14
llm_d_epp_request_ttft_seconds_bucket{fairness_id="default-flow",model_name="",priority="0",streaming="false",target_model_name="",le="8"} 14
llm_d_epp_request_ttft_seconds_bucket{fairness_id="default-flow",model_name="",priority="0",streaming="false",target_model_name="",le="10"} 14
llm_d_epp_request_ttft_seconds_bucket{fairness_id="default-flow",model_name="",priority="0",streaming="false",target_model_name="",le="15"} 14
llm_d_epp_request_ttft_seconds_bucket{fairness_id="default-flow",model_name="",priority="0",streaming="false",target_model_name="",le="20"} 14
llm_d_epp_request_ttft_seconds_bucket{fairness_id="default-flow",model_name="",priority="0",streaming="false",target_model_name="",le="30"} 14
llm_d_epp_request_ttft_seconds_bucket{fairness_id="default-flow",model_name="",priority="0",streaming="false",target_model_name="",le="45"} 14
llm_d_epp_request_ttft_seconds_bucket{fairness_id="default-flow",model_name="",priority="0",streaming="false",target_model_name="",le="60"} 14
llm_d_epp_request_ttft_seconds_bucket{fairness_id="default-flow",model_name="",priority="0",streaming="false",target_model_name="",le="120"} 14
llm_d_epp_request_ttft_seconds_bucket{fairness_id="default-flow",model_name="",priority="0",streaming="false",target_model_name="",le="+Inf"} 14
llm_d_epp_request_ttft_seconds_sum{fairness_id="default-flow",model_name="",priority="0",streaming="false",target_model_name=""} 0.034326217000000006
llm_d_epp_request_ttft_seconds_count{fairness_id="default-flow",model_name="",priority="0",streaming="false",target_model_name=""} 14
llm_d_epp_request_ttft_seconds_bucket{fairness_id="default-flow",model_name="Qwen/Qwen3-0.6B",priority="0",streaming="true",target_model_name="Qwen/Qwen3-0.6B",le="0.005"} 3
llm_d_epp_request_ttft_seconds_bucket{fairness_id="default-flow",model_name="Qwen/Qwen3-0.6B",priority="0",streaming="true",target_model_name="Qwen/Qwen3-0.6B",le="0.025"} 5
llm_d_epp_request_ttft_seconds_bucket{fairness_id="default-flow",model_name="Qwen/Qwen3-0.6B",priority="0",streaming="true",target_model_name="Qwen/Qwen3-0.6B",le="0.05"} 42465
llm_d_epp_request_ttft_seconds_bucket{fairness_id="default-flow",model_name="Qwen/Qwen3-0.6B",priority="0",streaming="true",target_model_name="Qwen/Qwen3-0.6B",le="0.1"} 189048
llm_d_epp_request_ttft_seconds_bucket{fairness_id="default-flow",model_name="Qwen/Qwen3-0.6B",priority="0",streaming="true",target_model_name="Qwen/Qwen3-0.6B",le="0.2"} 201682
llm_d_epp_request_ttft_seconds_bucket{fairness_id="default-flow",model_name="Qwen/Qwen3-0.6B",priority="0",streaming="true",target_model_name="Qwen/Qwen3-0.6B",le="0.4"} 202295
llm_d_epp_request_ttft_seconds_bucket{fairness_id="default-flow",model_name="Qwen/Qwen3-0.6B",priority="0",streaming="true",target_model_name="Qwen/Qwen3-0.6B",le="0.6"} 202580
llm_d_epp_request_ttft_seconds_bucket{fairness_id="default-flow",model_name="Qwen/Qwen3-0.6B",priority="0",streaming="true",target_model_name="Qwen/Qwen3-0.6B",le="0.8"} 202803
llm_d_epp_request_ttft_seconds_bucket{fairness_id="default-flow",model_name="Qwen/Qwen3-0.6B",priority="0",streaming="true",target_model_name="Qwen/Qwen3-0.6B",le="1"} 203044
llm_d_epp_request_ttft_seconds_bucket{fairness_id="default-flow",model_name="Qwen/Qwen3-0.6B",priority="0",streaming="true",target_model_name="Qwen/Qwen3-0.6B",le="1.25"} 203321
llm_d_epp_request_ttft_seconds_bucket{fairness_id="default-flow",model_name="Qwen/Qwen3-0.6B",priority="0",streaming="true",target_model_name="Qwen/Qwen3-0.6B",le="1.5"} 203614
llm_d_epp_request_ttft_seconds_bucket{fairness_id="default-flow",model_name="Qwen/Qwen3-0.6B",priority="0",streaming="true",target_model_name="Qwen/Qwen3-0.6B",le="2"} 204179
llm_d_epp_request_ttft_seconds_bucket{fairness_id="default-flow",model_name="Qwen/Qwen3-0.6B",priority="0",streaming="true",target_model_name="Qwen/Qwen3-0.6B",le="3"} 205240
llm_d_epp_request_ttft_seconds_bucket{fairness_id="default-flow",model_name="Qwen/Qwen3-0.6B",priority="0",streaming="true",target_model_name="Qwen/Qwen3-0.6B",le="4"} 206289
llm_d_epp_request_ttft_seconds_bucket{fairness_id="default-flow",model_name="Qwen/Qwen3-0.6B",priority="0",streaming="true",target_model_name="Qwen/Qwen3-0.6B",le="5"} 207439
llm_d_epp_request_ttft_seconds_bucket{fairness_id="default-flow",model_name="Qwen/Qwen3-0.6B",priority="0",streaming="true",target_model_name="Qwen/Qwen3-0.6B",le="6"} 208541
llm_d_epp_request_ttft_seconds_bucket{fairness_id="default-flow",model_name="Qwen/Qwen3-0.6B",priority="0",streaming="true",target_model_name="Qwen/Qwen3-0.6B",le="8"} 210813
llm_d_epp_request_ttft_seconds_bucket{fairness_id="default-flow",model_name="Qwen/Qwen3-0.6B",priority="0",streaming="true",target_model_name="Qwen/Qwen3-0.6B",le="10"} 212866
llm_d_epp_request_ttft_seconds_bucket{fairness_id="default-flow",model_name="Qwen/Qwen3-0.6B",priority="0",streaming="true",target_model_name="Qwen/Qwen3-0.6B",le="15"} 216922
llm_d_epp_request_ttft_seconds_bucket{fairness_id="default-flow",model_name="Qwen/Qwen3-0.6B",priority="0",streaming="true",target_model_name="Qwen/Qwen3-0.6B",le="20"} 219422
llm_d_epp_request_ttft_seconds_bucket{fairness_id="default-flow",model_name="Qwen/Qwen3-0.6B",priority="0",streaming="true",target_model_name="Qwen/Qwen3-0.6B",le="30"} 223952
llm_d_epp_request_ttft_seconds_bucket{fairness_id="default-flow",model_name="Qwen/Qwen3-0.6B",priority="0",streaming="true",target_model_name="Qwen/Qwen3-0.6B",le="45"} 229426
llm_d_epp_request_ttft_seconds_bucket{fairness_id="default-flow",model_name="Qwen/Qwen3-0.6B",priority="0",streaming="true",target_model_name="Qwen/Qwen3-0.6B",le="60"} 233850
llm_d_epp_request_ttft_seconds_bucket{fairness_id="default-flow",model_name="Qwen/Qwen3-0.6B",priority="0",streaming="true",target_model_name="Qwen/Qwen3-0.6B",le="120"} 242019
llm_d_epp_request_ttft_seconds_bucket{fairness_id="default-flow",model_name="Qwen/Qwen3-0.6B",priority="0",streaming="true",target_model_name="Qwen/Qwen3-0.6B",le="+Inf"} 242063
llm_d_epp_request_ttft_seconds_sum{fairness_id="default-flow",model_name="Qwen/Qwen3-0.6B",priority="0",streaming="true",target_model_name="Qwen/Qwen3-0.6B"} 1.4050664472295844e+06
llm_d_epp_request_ttft_seconds_count{fairness_id="default-flow",model_name="Qwen/Qwen3-0.6B",priority="0",streaming="true",target_model_name="Qwen/Qwen3-0.6B"} 242063
# HELP llm_d_epp_response_size_bytes [ALPHA] Outgoing response body size distribution in bytes.
# TYPE llm_d_epp_response_size_bytes histogram
llm_d_epp_response_size_bytes_bucket{fairness_id="default-flow",model_name="",priority="0",target_model_name="",le="1"} 0
llm_d_epp_response_size_bytes_bucket{fairness_id="default-flow",model_name="",priority="0",target_model_name="",le="8"} 0
llm_d_epp_response_size_bytes_bucket{fairness_id="default-flow",model_name="",priority="0",target_model_name="",le="16"} 0
llm_d_epp_response_size_bytes_bucket{fairness_id="default-flow",model_name="",priority="0",target_model_name="",le="32"} 0
llm_d_epp_response_size_bytes_bucket{fairness_id="default-flow",model_name="",priority="0",target_model_name="",le="64"} 0
llm_d_epp_response_size_bytes_bucket{fairness_id="default-flow",model_name="",priority="0",target_model_name="",le="128"} 0
llm_d_epp_response_size_bytes_bucket{fairness_id="default-flow",model_name="",priority="0",target_model_name="",le="256"} 0
llm_d_epp_response_size_bytes_bucket{fairness_id="default-flow",model_name="",priority="0",target_model_name="",le="512"} 14
llm_d_epp_response_size_bytes_bucket{fairness_id="default-flow",model_name="",priority="0",target_model_name="",le="1024"} 14
llm_d_epp_response_size_bytes_bucket{fairness_id="default-flow",model_name="",priority="0",target_model_name="",le="2048"} 14
llm_d_epp_response_size_bytes_bucket{fairness_id="default-flow",model_name="",priority="0",target_model_name="",le="4096"} 14
llm_d_epp_response_size_bytes_bucket{fairness_id="default-flow",model_name="",priority="0",target_model_name="",le="8192"} 14
llm_d_epp_response_size_bytes_bucket{fairness_id="default-flow",model_name="",priority="0",target_model_name="",le="16384"} 14
llm_d_epp_response_size_bytes_bucket{fairness_id="default-flow",model_name="",priority="0",target_model_name="",le="32778"} 14
llm_d_epp_response_size_bytes_bucket{fairness_id="default-flow",model_name="",priority="0",target_model_name="",le="65536"} 14
llm_d_epp_response_size_bytes_bucket{fairness_id="default-flow",model_name="",priority="0",target_model_name="",le="+Inf"} 14
llm_d_epp_response_size_bytes_sum{fairness_id="default-flow",model_name="",priority="0",target_model_name=""} 6776
llm_d_epp_response_size_bytes_count{fairness_id="default-flow",model_name="",priority="0",target_model_name=""} 14
llm_d_epp_response_size_bytes_bucket{fairness_id="default-flow",model_name="Qwen/Qwen3-0.6B",priority="0",target_model_name="Qwen/Qwen3-0.6B",le="1"} 0
llm_d_epp_response_size_bytes_bucket{fairness_id="default-flow",model_name="Qwen/Qwen3-0.6B",priority="0",target_model_name="Qwen/Qwen3-0.6B",le="8"} 0
llm_d_epp_response_size_bytes_bucket{fairness_id="default-flow",model_name="Qwen/Qwen3-0.6B",priority="0",target_model_name="Qwen/Qwen3-0.6B",le="16"} 0
llm_d_epp_response_size_bytes_bucket{fairness_id="default-flow",model_name="Qwen/Qwen3-0.6B",priority="0",target_model_name="Qwen/Qwen3-0.6B",le="32"} 0
llm_d_epp_response_size_bytes_bucket{fairness_id="default-flow",model_name="Qwen/Qwen3-0.6B",priority="0",target_model_name="Qwen/Qwen3-0.6B",le="64"} 0
llm_d_epp_response_size_bytes_bucket{fairness_id="default-flow",model_name="Qwen/Qwen3-0.6B",priority="0",target_model_name="Qwen/Qwen3-0.6B",le="128"} 1
llm_d_epp_response_size_bytes_bucket{fairness_id="default-flow",model_name="Qwen/Qwen3-0.6B",priority="0",target_model_name="Qwen/Qwen3-0.6B",le="256"} 8
llm_d_epp_response_size_bytes_bucket{fairness_id="default-flow",model_name="Qwen/Qwen3-0.6B",priority="0",target_model_name="Qwen/Qwen3-0.6B",le="512"} 8
llm_d_epp_response_size_bytes_bucket{fairness_id="default-flow",model_name="Qwen/Qwen3-0.6B",priority="0",target_model_name="Qwen/Qwen3-0.6B",le="1024"} 8
llm_d_epp_response_size_bytes_bucket{fairness_id="default-flow",model_name="Qwen/Qwen3-0.6B",priority="0",target_model_name="Qwen/Qwen3-0.6B",le="2048"} 8
llm_d_epp_response_size_bytes_bucket{fairness_id="default-flow",model_name="Qwen/Qwen3-0.6B",priority="0",target_model_name="Qwen/Qwen3-0.6B",le="4096"} 8
llm_d_epp_response_size_bytes_bucket{fairness_id="default-flow",model_name="Qwen/Qwen3-0.6B",priority="0",target_model_name="Qwen/Qwen3-0.6B",le="8192"} 8
llm_d_epp_response_size_bytes_bucket{fairness_id="default-flow",model_name="Qwen/Qwen3-0.6B",priority="0",target_model_name="Qwen/Qwen3-0.6B",le="16384"} 8
llm_d_epp_response_size_bytes_bucket{fairness_id="default-flow",model_name="Qwen/Qwen3-0.6B",priority="0",target_model_name="Qwen/Qwen3-0.6B",le="32778"} 8
llm_d_epp_response_size_bytes_bucket{fairness_id="default-flow",model_name="Qwen/Qwen3-0.6B",priority="0",target_model_name="Qwen/Qwen3-0.6B",le="65536"} 18
llm_d_epp_response_size_bytes_bucket{fairness_id="default-flow",model_name="Qwen/Qwen3-0.6B",priority="0",target_model_name="Qwen/Qwen3-0.6B",le="+Inf"} 242063
llm_d_epp_response_size_bytes_sum{fairness_id="default-flow",model_name="Qwen/Qwen3-0.6B",priority="0",target_model_name="Qwen/Qwen3-0.6B"} 6.2821014638e+10
llm_d_epp_response_size_bytes_count{fairness_id="default-flow",model_name="Qwen/Qwen3-0.6B",priority="0",target_model_name="Qwen/Qwen3-0.6B"} 242063
# HELP llm_d_epp_scheduler_attempts_total [ALPHA] Total number of scheduling attempts.
# TYPE llm_d_epp_scheduler_attempts_total counter
llm_d_epp_scheduler_attempts_total{endpoint_name="qwen-qwe-3db867ce-en3-0-6b-decode-5c6d8d69bd-27xrt",namespace="biran",port="8000",status="success",target_model_name="Qwen/Qwen3-0.6B"} 792
llm_d_epp_scheduler_attempts_total{endpoint_name="qwen-qwe-3db867ce-en3-0-6b-decode-5c6d8d69bd-2hnk5",namespace="biran",port="8000",status="success",target_model_name="Qwen/Qwen3-0.6B"} 831
llm_d_epp_scheduler_attempts_total{endpoint_name="qwen-qwe-3db867ce-en3-0-6b-decode-5c6d8d69bd-2phtk",namespace="biran",port="8000",status="success",target_model_name="Qwen/Qwen3-0.6B"} 786
llm_d_epp_scheduler_attempts_total{endpoint_name="qwen-qwe-3db867ce-en3-0-6b-decode-5c6d8d69bd-2qdst",namespace="biran",port="8000",status="success",target_model_name="Qwen/Qwen3-0.6B"} 644
llm_d_epp_scheduler_attempts_total{endpoint_name="qwen-qwe-3db867ce-en3-0-6b-decode-5c6d8d69bd-2tzm4",namespace="biran",port="8000",status="success",target_model_name="Qwen/Qwen3-0.6B"} 248
llm_d_epp_scheduler_attempts_total{endpoint_name="qwen-qwe-3db867ce-en3-0-6b-decode-5c6d8d69bd-44gvs",namespace="biran",port="8000",status="success",target_model_name="Qwen/Qwen3-0.6B"} 1139
llm_d_epp_scheduler_attempts_total{endpoint_name="qwen-qwe-3db867ce-en3-0-6b-decode-5c6d8d69bd-44qmz",namespace="biran",port="8000",status="success",target_model_name="Qwen/Qwen3-0.6B"} 3362
llm_d_epp_scheduler_attempts_total{endpoint_name="qwen-qwe-3db867ce-en3-0-6b-decode-5c6d8d69bd-455q6",namespace="biran",port="8000",status="success",target_model_name="Qwen/Qwen3-0.6B"} 2259
llm_d_epp_scheduler_attempts_total{endpoint_name="qwen-qwe-3db867ce-en3-0-6b-decode-5c6d8d69bd-49tcr",namespace="biran",port="8000",status="success",target_model_name="Qwen/Qwen3-0.6B"} 354
llm_d_epp_scheduler_attempts_total{endpoint_name="qwen-qwe-3db867ce-en3-0-6b-decode-5c6d8d69bd-4d8n7",namespace="biran",port="8000",status="success",target_model_name="Qwen/Qwen3-0.6B"} 524
llm_d_epp_scheduler_attempts_total{endpoint_name="qwen-qwe-3db867ce-en3-0-6b-decode-5c6d8d69bd-4khcb",namespace="biran",port="8000",status="success",target_model_name="Qwen/Qwen3-0.6B"} 3519
llm_d_epp_scheduler_attempts_total{endpoint_name="qwen-qwe-3db867ce-en3-0-6b-decode-5c6d8d69bd-4m65f",namespace="biran",port="8000",status="success",target_model_name="Qwen/Qwen3-0.6B"} 3335
llm_d_epp_scheduler_attempts_total{endpoint_name="qwen-qwe-3db867ce-en3-0-6b-decode-5c6d8d69bd-4q748",namespace="biran",port="8000",status="success",target_model_name="Qwen/Qwen3-0.6B"} 260
llm_d_epp_scheduler_attempts_total{endpoint_name="qwen-qwe-3db867ce-en3-0-6b-decode-5c6d8d69bd-4vr76",namespace="biran",port="8000",status="success",target_model_name="Qwen/Qwen3-0.6B"} 1576
llm_d_epp_scheduler_attempts_total{endpoint_name="qwen-qwe-3db867ce-en3-0-6b-decode-5c6d8d69bd-4x57v",namespace="biran",port="8000",status="success",target_model_name="Qwen/Qwen3-0.6B"} 151
llm_d_epp_scheduler_attempts_total{endpoint_name="qwen-qwe-3db867ce-en3-0-6b-decode-5c6d8d69bd-5d2gz",namespace="biran",port="8000",status="success",target_model_name="Qwen/Qwen3-0.6B"} 235
llm_d_epp_scheduler_attempts_total{endpoint_name="qwen-qwe-3db867ce-en3-0-6b-decode-5c6d8d69bd-5hxrj",namespace="biran",port="8000",status="success",target_model_name="Qwen/Qwen3-0.6B"} 2074
llm_d_epp_scheduler_attempts_total{endpoint_name="qwen-qwe-3db867ce-en3-0-6b-decode-5c6d8d69bd-5k9lj",namespace="biran",port="8000",status="success",target_model_name="Qwen/Qwen3-0.6B"} 3306
llm_d_epp_scheduler_attempts_total{endpoint_name="qwen-qwe-3db867ce-en3-0-6b-decode-5c6d8d69bd-5msl9",namespace="biran",port="8000",status="success",target_model_name="Qwen/Qwen3-0.6B"} 668
llm_d_epp_scheduler_attempts_total{endpoint_name="qwen-qwe-3db867ce-en3-0-6b-decode-5c6d8d69bd-5qlxq",namespace="biran",port="8000",status="success",target_model_name="Qwen/Qwen3-0.6B"} 12000
llm_d_epp_scheduler_attempts_total{endpoint_name="qwen-qwe-3db867ce-en3-0-6b-decode-5c6d8d69bd-5sn89",namespace="biran",port="8000",status="success",target_model_name="Qwen/Qwen3-0.6B"} 14
llm_d_epp_scheduler_attempts_total{endpoint_name="qwen-qwe-3db867ce-en3-0-6b-decode-5c6d8d69bd-647sv",namespace="biran",port="8000",status="success",target_model_name="Qwen/Qwen3-0.6B"} 4133
llm_d_epp_scheduler_attempts_total{endpoint_name="qwen-qwe-3db867ce-en3-0-6b-decode-5c6d8d69bd-6f55p",namespace="biran",port="8000",status="success",target_model_name="Qwen/Qwen3-0.6B"} 9
llm_d_epp_scheduler_attempts_total{endpoint_name="qwen-qwe-3db867ce-en3-0-6b-decode-5c6d8d69bd-6fvc6",namespace="biran",port="8000",status="success",target_model_name="Qwen/Qwen3-0.6B"} 2835
llm_d_epp_scheduler_attempts_total{endpoint_name="qwen-qwe-3db867ce-en3-0-6b-decode-5c6d8d69bd-6q9rf",namespace="biran",port="8000",status="success",target_model_name="Qwen/Qwen3-0.6B"} 7
llm_d_epp_scheduler_attempts_total{endpoint_name="qwen-qwe-3db867ce-en3-0-6b-decode-5c6d8d69bd-6wmqd",namespace="biran",port="8000",status="success",target_model_name="Qwen/Qwen3-0.6B"} 7
llm_d_epp_scheduler_attempts_total{endpoint_name="qwen-qwe-3db867ce-en3-0-6b-decode-5c6d8d69bd-6zvqj",namespace="biran",port="8000",status="success",target_model_name="Qwen/Qwen3-0.6B"} 578
llm_d_epp_scheduler_attempts_total{endpoint_name="qwen-qwe-3db867ce-en3-0-6b-decode-5c6d8d69bd-75vzn",namespace="biran",port="8000",status="success",target_model_name="Qwen/Qwen3-0.6B"} 825
llm_d_epp_scheduler_attempts_total{endpoint_name="qwen-qwe-3db867ce-en3-0-6b-decode-5c6d8d69bd-775vd",namespace="biran",port="8000",status="success",target_model_name="Qwen/Qwen3-0.6B"} 826
llm_d_epp_scheduler_attempts_total{endpoint_name="qwen-qwe-3db867ce-en3-0-6b-decode-5c6d8d69bd-77n7x",namespace="biran",port="8000",status="success",target_model_name="Qwen/Qwen3-0.6B"} 734
llm_d_epp_scheduler_attempts_total{endpoint_name="qwen-qwe-3db867ce-en3-0-6b-decode-5c6d8d69bd-7d2mj",namespace="biran",port="8000",status="success",target_model_name="Qwen/Qwen3-0.6B"} 25
llm_d_epp_scheduler_attempts_total{endpoint_name="qwen-qwe-3db867ce-en3-0-6b-decode-5c6d8d69bd-7f7gz",namespace="biran",port="8000",status="success",target_model_name="Qwen/Qwen3-0.6B"} 585
llm_d_epp_scheduler_attempts_total{endpoint_name="qwen-qwe-3db867ce-en3-0-6b-decode-5c6d8d69bd-7gwtp",namespace="biran",port="8000",status="success",target_model_name="Qwen/Qwen3-0.6B"} 7502
llm_d_epp_scheduler_attempts_total{endpoint_name="qwen-qwe-3db867ce-en3-0-6b-decode-5c6d8d69bd-7j2jl",namespace="biran",port="8000",status="success",target_model_name="Qwen/Qwen3-0.6B"} 747
llm_d_epp_scheduler_attempts_total{endpoint_name="qwen-qwe-3db867ce-en3-0-6b-decode-5c6d8d69bd-7nh5k",namespace="biran",port="8000",status="success",target_model_name="Qwen/Qwen3-0.6B"} 600
llm_d_epp_scheduler_attempts_total{endpoint_name="qwen-qwe-3db867ce-en3-0-6b-decode-5c6d8d69bd-7q977",namespace="biran",port="8000",status="success",target_model_name="Qwen/Qwen3-0.6B"} 123
llm_d_epp_scheduler_attempts_total{endpoint_name="qwen-qwe-3db867ce-en3-0-6b-decode-5c6d8d69bd-7z5v6",namespace="biran",port="8000",status="success",target_model_name="Qwen/Qwen3-0.6B"} 664
llm_d_epp_scheduler_attempts_total{endpoint_name="qwen-qwe-3db867ce-en3-0-6b-decode-5c6d8d69bd-8mw7x",namespace="biran",port="8000",status="success",target_model_name="Qwen/Qwen3-0.6B"} 1038
llm_d_epp_scheduler_attempts_total{endpoint_name="qwen-qwe-3db867ce-en3-0-6b-decode-5c6d8d69bd-8v7gg",namespace="biran",port="8000",status="success",target_model_name="Qwen/Qwen3-0.6B"} 1005
llm_d_epp_scheduler_attempts_total{endpoint_name="qwen-qwe-3db867ce-en3-0-6b-decode-5c6d8d69bd-8xwkv",namespace="biran",port="8000",status="success",target_model_name="Qwen/Qwen3-0.6B"} 7
llm_d_epp_scheduler_attempts_total{endpoint_name="qwen-qwe-3db867ce-en3-0-6b-decode-5c6d8d69bd-92fmd",namespace="biran",port="8000",status="success",target_model_name="Qwen/Qwen3-0.6B"} 1130
llm_d_epp_scheduler_attempts_total{endpoint_name="qwen-qwe-3db867ce-en3-0-6b-decode-5c6d8d69bd-9hvmc",namespace="biran",port="8000",status="success",target_model_name="Qwen/Qwen3-0.6B"} 3506
llm_d_epp_scheduler_attempts_total{endpoint_name="qwen-qwe-3db867ce-en3-0-6b-decode-5c6d8d69bd-9l8ht",namespace="biran",port="8000",status="success",target_model_name="Qwen/Qwen3-0.6B"} 1113
llm_d_epp_scheduler_attempts_total{endpoint_name="qwen-qwe-3db867ce-en3-0-6b-decode-5c6d8d69bd-9tcwh",namespace="biran",port="8000",status="success",target_model_name="Qwen/Qwen3-0.6B"} 291
llm_d_epp_scheduler_attempts_total{endpoint_name="qwen-qwe-3db867ce-en3-0-6b-decode-5c6d8d69bd-9vmbs",namespace="biran",port="8000",status="success",target_model_name="Qwen/Qwen3-0.6B"} 1081
llm_d_epp_scheduler_attempts_total{endpoint_name="qwen-qwe-3db867ce-en3-0-6b-decode-5c6d8d69bd-b59dz",namespace="biran",port="8000",status="success",target_model_name="Qwen/Qwen3-0.6B"} 699
llm_d_epp_scheduler_attempts_total{endpoint_name="qwen-qwe-3db867ce-en3-0-6b-decode-5c6d8d69bd-bbxkj",namespace="biran",port="8000",status="success",target_model_name="Qwen/Qwen3-0.6B"} 16015
llm_d_epp_scheduler_attempts_total{endpoint_name="qwen-qwe-3db867ce-en3-0-6b-decode-5c6d8d69bd-blp78",namespace="biran",port="8000",status="success",target_model_name="Qwen/Qwen3-0.6B"} 816
llm_d_epp_scheduler_attempts_total{endpoint_name="qwen-qwe-3db867ce-en3-0-6b-decode-5c6d8d69bd-blqr9",namespace="biran",port="8000",status="success",target_model_name="Qwen/Qwen3-0.6B"} 800
llm_d_epp_scheduler_attempts_total{endpoint_name="qwen-qwe-3db867ce-en3-0-6b-decode-5c6d8d69bd-bp8vz",namespace="biran",port="8000",status="success",target_model_name="Qwen/Qwen3-0.6B"} 1029
llm_d_epp_scheduler_attempts_total{endpoint_name="qwen-qwe-3db867ce-en3-0-6b-decode-5c6d8d69bd-bs7h7",namespace="biran",port="8000",status="success",target_model_name="Qwen/Qwen3-0.6B"} 114
llm_d_epp_scheduler_attempts_total{endpoint_name="qwen-qwe-3db867ce-en3-0-6b-decode-5c6d8d69bd-btcwt",namespace="biran",port="8000",status="success",target_model_name="Qwen/Qwen3-0.6B"} 4749
llm_d_epp_scheduler_attempts_total{endpoint_name="qwen-qwe-3db867ce-en3-0-6b-decode-5c6d8d69bd-btj62",namespace="biran",port="8000",status="success",target_model_name="Qwen/Qwen3-0.6B"} 651
llm_d_epp_scheduler_attempts_total{endpoint_name="qwen-qwe-3db867ce-en3-0-6b-decode-5c6d8d69bd-bz8tm",namespace="biran",port="8000",status="success",target_model_name="Qwen/Qwen3-0.6B"} 707
llm_d_epp_scheduler_attempts_total{endpoint_name="qwen-qwe-3db867ce-en3-0-6b-decode-5c6d8d69bd-cbpg9",namespace="biran",port="8000",status="success",target_model_name="Qwen/Qwen3-0.6B"} 541
llm_d_epp_scheduler_attempts_total{endpoint_name="qwen-qwe-3db867ce-en3-0-6b-decode-5c6d8d69bd-cf7bb",namespace="biran",port="8000",status="success",target_model_name="Qwen/Qwen3-0.6B"} 565
llm_d_epp_scheduler_attempts_total{endpoint_name="qwen-qwe-3db867ce-en3-0-6b-decode-5c6d8d69bd-cmtdc",namespace="biran",port="8000",status="success",target_model_name="Qwen/Qwen3-0.6B"} 1437
llm_d_epp_scheduler_attempts_total{endpoint_name="qwen-qwe-3db867ce-en3-0-6b-decode-5c6d8d69bd-cmtq6",namespace="biran",port="8000",status="success",target_model_name="Qwen/Qwen3-0.6B"} 1274
llm_d_epp_scheduler_attempts_total{endpoint_name="qwen-qwe-3db867ce-en3-0-6b-decode-5c6d8d69bd-d4cwz",namespace="biran",port="8000",status="success",target_model_name="Qwen/Qwen3-0.6B"} 375
llm_d_epp_scheduler_attempts_total{endpoint_name="qwen-qwe-3db867ce-en3-0-6b-decode-5c6d8d69bd-dcfkw",namespace="biran",port="8000",status="success",target_model_name="Qwen/Qwen3-0.6B"} 3273
llm_d_epp_scheduler_attempts_total{endpoint_name="qwen-qwe-3db867ce-en3-0-6b-decode-5c6d8d69bd-dczh7",namespace="biran",port="8000",status="success",target_model_name="Qwen/Qwen3-0.6B"} 189
llm_d_epp_scheduler_attempts_total{endpoint_name="qwen-qwe-3db867ce-en3-0-6b-decode-5c6d8d69bd-dj7nk",namespace="biran",port="8000",status="success",target_model_name="Qwen/Qwen3-0.6B"} 705
llm_d_epp_scheduler_attempts_total{endpoint_name="qwen-qwe-3db867ce-en3-0-6b-decode-5c6d8d69bd-dkssl",namespace="biran",port="8000",status="success",target_model_name="Qwen/Qwen3-0.6B"} 2101
llm_d_epp_scheduler_attempts_total{endpoint_name="qwen-qwe-3db867ce-en3-0-6b-decode-5c6d8d69bd-dln8s",namespace="biran",port="8000",status="success",target_model_name="Qwen/Qwen3-0.6B"} 3778
llm_d_epp_scheduler_attempts_total{endpoint_name="qwen-qwe-3db867ce-en3-0-6b-decode-5c6d8d69bd-dw8gn",namespace="biran",port="8000",status="success",target_model_name="Qwen/Qwen3-0.6B"} 899
llm_d_epp_scheduler_attempts_total{endpoint_name="qwen-qwe-3db867ce-en3-0-6b-decode-5c6d8d69bd-f4rw8",namespace="biran",port="8000",status="success",target_model_name="Qwen/Qwen3-0.6B"} 378
llm_d_epp_scheduler_attempts_total{endpoint_name="qwen-qwe-3db867ce-en3-0-6b-decode-5c6d8d69bd-f4xc7",namespace="biran",port="8000",status="success",target_model_name="Qwen/Qwen3-0.6B"} 376
llm_d_epp_scheduler_attempts_total{endpoint_name="qwen-qwe-3db867ce-en3-0-6b-decode-5c6d8d69bd-f66zd",namespace="biran",port="8000",status="success",target_model_name="Qwen/Qwen3-0.6B"} 8
llm_d_epp_scheduler_attempts_total{endpoint_name="qwen-qwe-3db867ce-en3-0-6b-decode-5c6d8d69bd-f8bm8",namespace="biran",port="8000",status="success",target_model_name="Qwen/Qwen3-0.6B"} 913
llm_d_epp_scheduler_attempts_total{endpoint_name="qwen-qwe-3db867ce-en3-0-6b-decode-5c6d8d69bd-f9wwh",namespace="biran",port="8000",status="success",target_model_name="Qwen/Qwen3-0.6B"} 677
llm_d_epp_scheduler_attempts_total{endpoint_name="qwen-qwe-3db867ce-en3-0-6b-decode-5c6d8d69bd-fzdnn",namespace="biran",port="8000",status="success",target_model_name="Qwen/Qwen3-0.6B"} 673
llm_d_epp_scheduler_attempts_total{endpoint_name="qwen-qwe-3db867ce-en3-0-6b-decode-5c6d8d69bd-g6nzv",namespace="biran",port="8000",status="success",target_model_name="Qwen/Qwen3-0.6B"} 472
llm_d_epp_scheduler_attempts_total{endpoint_name="qwen-qwe-3db867ce-en3-0-6b-decode-5c6d8d69bd-g8dqw",namespace="biran",port="8000",status="success",target_model_name="Qwen/Qwen3-0.6B"} 323
llm_d_epp_scheduler_attempts_total{endpoint_name="qwen-qwe-3db867ce-en3-0-6b-decode-5c6d8d69bd-g9jvb",namespace="biran",port="8000",status="success",target_model_name="Qwen/Qwen3-0.6B"} 499
llm_d_epp_scheduler_attempts_total{endpoint_name="qwen-qwe-3db867ce-en3-0-6b-decode-5c6d8d69bd-gsvmg",namespace="biran",port="8000",status="success",target_model_name="Qwen/Qwen3-0.6B"} 3996
llm_d_epp_scheduler_attempts_total{endpoint_name="qwen-qwe-3db867ce-en3-0-6b-decode-5c6d8d69bd-gtp4c",namespace="biran",port="8000",status="success",target_model_name="Qwen/Qwen3-0.6B"} 882
llm_d_epp_scheduler_attempts_total{endpoint_name="qwen-qwe-3db867ce-en3-0-6b-decode-5c6d8d69bd-gvbdm",namespace="biran",port="8000",status="success",target_model_name="Qwen/Qwen3-0.6B"} 1538
llm_d_epp_scheduler_attempts_total{endpoint_name="qwen-qwe-3db867ce-en3-0-6b-decode-5c6d8d69bd-h7xqz",namespace="biran",port="8000",status="success",target_model_name="Qwen/Qwen3-0.6B"} 733
llm_d_epp_scheduler_attempts_total{endpoint_name="qwen-qwe-3db867ce-en3-0-6b-decode-5c6d8d69bd-hbjm9",namespace="biran",port="8000",status="success",target_model_name="Qwen/Qwen3-0.6B"} 1048
llm_d_epp_scheduler_attempts_total{endpoint_name="qwen-qwe-3db867ce-en3-0-6b-decode-5c6d8d69bd-hfk85",namespace="biran",port="8000",status="success",target_model_name="Qwen/Qwen3-0.6B"} 771
llm_d_epp_scheduler_attempts_total{endpoint_name="qwen-qwe-3db867ce-en3-0-6b-decode-5c6d8d69bd-htksg",namespace="biran",port="8000",status="success",target_model_name="Qwen/Qwen3-0.6B"} 915
llm_d_epp_scheduler_attempts_total{endpoint_name="qwen-qwe-3db867ce-en3-0-6b-decode-5c6d8d69bd-j29kc",namespace="biran",port="8000",status="success",target_model_name="Qwen/Qwen3-0.6B"} 831
llm_d_epp_scheduler_attempts_total{endpoint_name="qwen-qwe-3db867ce-en3-0-6b-decode-5c6d8d69bd-jcls5",namespace="biran",port="8000",status="success",target_model_name="Qwen/Qwen3-0.6B"} 912
llm_d_epp_scheduler_attempts_total{endpoint_name="qwen-qwe-3db867ce-en3-0-6b-decode-5c6d8d69bd-jj8gm",namespace="biran",port="8000",status="success",target_model_name="Qwen/Qwen3-0.6B"} 1362
llm_d_epp_scheduler_attempts_total{endpoint_name="qwen-qwe-3db867ce-en3-0-6b-decode-5c6d8d69bd-jkk2d",namespace="biran",port="8000",status="success",target_model_name="Qwen/Qwen3-0.6B"} 211
llm_d_epp_scheduler_attempts_total{endpoint_name="qwen-qwe-3db867ce-en3-0-6b-decode-5c6d8d69bd-jnnm6",namespace="biran",port="8000",status="success",target_model_name="Qwen/Qwen3-0.6B"} 44
llm_d_epp_scheduler_attempts_total{endpoint_name="qwen-qwe-3db867ce-en3-0-6b-decode-5c6d8d69bd-khs8h",namespace="biran",port="8000",status="success",target_model_name="Qwen/Qwen3-0.6B"} 20
llm_d_epp_scheduler_attempts_total{endpoint_name="qwen-qwe-3db867ce-en3-0-6b-decode-5c6d8d69bd-kqrsx",namespace="biran",port="8000",status="success",target_model_name="Qwen/Qwen3-0.6B"} 663
llm_d_epp_scheduler_attempts_total{endpoint_name="qwen-qwe-3db867ce-en3-0-6b-decode-5c6d8d69bd-kzllw",namespace="biran",port="8000",status="success",target_model_name="Qwen/Qwen3-0.6B"} 1064
llm_d_epp_scheduler_attempts_total{endpoint_name="qwen-qwe-3db867ce-en3-0-6b-decode-5c6d8d69bd-l6xvh",namespace="biran",port="8000",status="success",target_model_name="Qwen/Qwen3-0.6B"} 603
llm_d_epp_scheduler_attempts_total{endpoint_name="qwen-qwe-3db867ce-en3-0-6b-decode-5c6d8d69bd-l8shb",namespace="biran",port="8000",status="success",target_model_name="Qwen/Qwen3-0.6B"} 598
llm_d_epp_scheduler_attempts_total{endpoint_name="qwen-qwe-3db867ce-en3-0-6b-decode-5c6d8d69bd-llbvc",namespace="biran",port="8000",status="success",target_model_name="Qwen/Qwen3-0.6B"} 3535
llm_d_epp_scheduler_attempts_total{endpoint_name="qwen-qwe-3db867ce-en3-0-6b-decode-5c6d8d69bd-mbj84",namespace="biran",port="8000",status="success",target_model_name="Qwen/Qwen3-0.6B"} 1003
llm_d_epp_scheduler_attempts_total{endpoint_name="qwen-qwe-3db867ce-en3-0-6b-decode-5c6d8d69bd-mbljp",namespace="biran",port="8000",status="success",target_model_name="Qwen/Qwen3-0.6B"} 8
llm_d_epp_scheduler_attempts_total{endpoint_name="qwen-qwe-3db867ce-en3-0-6b-decode-5c6d8d69bd-mfmqd",namespace="biran",port="8000",status="success",target_model_name="Qwen/Qwen3-0.6B"} 3466
llm_d_epp_scheduler_attempts_total{endpoint_name="qwen-qwe-3db867ce-en3-0-6b-decode-5c6d8d69bd-mkzh5",namespace="biran",port="8000",status="success",target_model_name="Qwen/Qwen3-0.6B"} 1088
llm_d_epp_scheduler_attempts_total{endpoint_name="qwen-qwe-3db867ce-en3-0-6b-decode-5c6d8d69bd-mqr7w",namespace="biran",port="8000",status="success",target_model_name="Qwen/Qwen3-0.6B"} 2638
llm_d_epp_scheduler_attempts_total{endpoint_name="qwen-qwe-3db867ce-en3-0-6b-decode-5c6d8d69bd-nf48v",namespace="biran",port="8000",status="success",target_model_name="Qwen/Qwen3-0.6B"} 826
llm_d_epp_scheduler_attempts_total{endpoint_name="qwen-qwe-3db867ce-en3-0-6b-decode-5c6d8d69bd-nfxs4",namespace="biran",port="8000",status="success",target_model_name="Qwen/Qwen3-0.6B"} 1496
llm_d_epp_scheduler_attempts_total{endpoint_name="qwen-qwe-3db867ce-en3-0-6b-decode-5c6d8d69bd-nlb2q",namespace="biran",port="8000",status="success",target_model_name="Qwen/Qwen3-0.6B"} 780
llm_d_epp_scheduler_attempts_total{endpoint_name="qwen-qwe-3db867ce-en3-0-6b-decode-5c6d8d69bd-nr2t4",namespace="biran",port="8000",status="success",target_model_name="Qwen/Qwen3-0.6B"} 790
llm_d_epp_scheduler_attempts_total{endpoint_name="qwen-qwe-3db867ce-en3-0-6b-decode-5c6d8d69bd-nzhmk",namespace="biran",port="8000",status="success",target_model_name="Qwen/Qwen3-0.6B"} 6480
llm_d_epp_scheduler_attempts_total{endpoint_name="qwen-qwe-3db867ce-en3-0-6b-decode-5c6d8d69bd-p8nmg",namespace="biran",port="8000",status="success",target_model_name="Qwen/Qwen3-0.6B"} 4624
llm_d_epp_scheduler_attempts_total{endpoint_name="qwen-qwe-3db867ce-en3-0-6b-decode-5c6d8d69bd-p9ccj",namespace="biran",port="8000",status="success",target_model_name="Qwen/Qwen3-0.6B"} 903
llm_d_epp_scheduler_attempts_total{endpoint_name="qwen-qwe-3db867ce-en3-0-6b-decode-5c6d8d69bd-pjcqw",namespace="biran",port="8000",status="success",target_model_name="Qwen/Qwen3-0.6B"} 198
llm_d_epp_scheduler_attempts_total{endpoint_name="qwen-qwe-3db867ce-en3-0-6b-decode-5c6d8d69bd-pjpqv",namespace="biran",port="8000",status="success",target_model_name="Qwen/Qwen3-0.6B"} 2512
llm_d_epp_scheduler_attempts_total{endpoint_name="qwen-qwe-3db867ce-en3-0-6b-decode-5c6d8d69bd-pnnk5",namespace="biran",port="8000",status="success",target_model_name="Qwen/Qwen3-0.6B"} 730
llm_d_epp_scheduler_attempts_total{endpoint_name="qwen-qwe-3db867ce-en3-0-6b-decode-5c6d8d69bd-prlr6",namespace="biran",port="8000",status="success",target_model_name="Qwen/Qwen3-0.6B"} 353
llm_d_epp_scheduler_attempts_total{endpoint_name="qwen-qwe-3db867ce-en3-0-6b-decode-5c6d8d69bd-prx9z",namespace="biran",port="8000",status="success",target_model_name="Qwen/Qwen3-0.6B"} 282
llm_d_epp_scheduler_attempts_total{endpoint_name="qwen-qwe-3db867ce-en3-0-6b-decode-5c6d8d69bd-q2l98",namespace="biran",port="8000",status="success",target_model_name="Qwen/Qwen3-0.6B"} 826
llm_d_epp_scheduler_attempts_total{endpoint_name="qwen-qwe-3db867ce-en3-0-6b-decode-5c6d8d69bd-q6tbr",namespace="biran",port="8000",status="success",target_model_name="Qwen/Qwen3-0.6B"} 1201
llm_d_epp_scheduler_attempts_total{endpoint_name="qwen-qwe-3db867ce-en3-0-6b-decode-5c6d8d69bd-qbxrr",namespace="biran",port="8000",status="success",target_model_name="Qwen/Qwen3-0.6B"} 469
llm_d_epp_scheduler_attempts_total{endpoint_name="qwen-qwe-3db867ce-en3-0-6b-decode-5c6d8d69bd-qjwv8",namespace="biran",port="8000",status="success",target_model_name="Qwen/Qwen3-0.6B"} 988
llm_d_epp_scheduler_attempts_total{endpoint_name="qwen-qwe-3db867ce-en3-0-6b-decode-5c6d8d69bd-qrbmx",namespace="biran",port="8000",status="success",target_model_name="Qwen/Qwen3-0.6B"} 1110
llm_d_epp_scheduler_attempts_total{endpoint_name="qwen-qwe-3db867ce-en3-0-6b-decode-5c6d8d69bd-qwlkg",namespace="biran",port="8000",status="success",target_model_name="Qwen/Qwen3-0.6B"} 622
llm_d_epp_scheduler_attempts_total{endpoint_name="qwen-qwe-3db867ce-en3-0-6b-decode-5c6d8d69bd-r2b2f",namespace="biran",port="8000",status="success",target_model_name="Qwen/Qwen3-0.6B"} 140
llm_d_epp_scheduler_attempts_total{endpoint_name="qwen-qwe-3db867ce-en3-0-6b-decode-5c6d8d69bd-r6mrd",namespace="biran",port="8000",status="success",target_model_name="Qwen/Qwen3-0.6B"} 736
llm_d_epp_scheduler_attempts_total{endpoint_name="qwen-qwe-3db867ce-en3-0-6b-decode-5c6d8d69bd-r7qsn",namespace="biran",port="8000",status="success",target_model_name="Qwen/Qwen3-0.6B"} 482
llm_d_epp_scheduler_attempts_total{endpoint_name="qwen-qwe-3db867ce-en3-0-6b-decode-5c6d8d69bd-r998q",namespace="biran",port="8000",status="success",target_model_name="Qwen/Qwen3-0.6B"} 8326
llm_d_epp_scheduler_attempts_total{endpoint_name="qwen-qwe-3db867ce-en3-0-6b-decode-5c6d8d69bd-r9v9t",namespace="biran",port="8000",status="success",target_model_name="Qwen/Qwen3-0.6B"} 2113
llm_d_epp_scheduler_attempts_total{endpoint_name="qwen-qwe-3db867ce-en3-0-6b-decode-5c6d8d69bd-rfbx4",namespace="biran",port="8000",status="success",target_model_name="Qwen/Qwen3-0.6B"} 789
llm_d_epp_scheduler_attempts_total{endpoint_name="qwen-qwe-3db867ce-en3-0-6b-decode-5c6d8d69bd-rj98v",namespace="biran",port="8000",status="success",target_model_name="Qwen/Qwen3-0.6B"} 357
llm_d_epp_scheduler_attempts_total{endpoint_name="qwen-qwe-3db867ce-en3-0-6b-decode-5c6d8d69bd-rsg4l",namespace="biran",port="8000",status="success",target_model_name="Qwen/Qwen3-0.6B"} 885
llm_d_epp_scheduler_attempts_total{endpoint_name="qwen-qwe-3db867ce-en3-0-6b-decode-5c6d8d69bd-rt2km",namespace="biran",port="8000",status="success",target_model_name="Qwen/Qwen3-0.6B"} 403
llm_d_epp_scheduler_attempts_total{endpoint_name="qwen-qwe-3db867ce-en3-0-6b-decode-5c6d8d69bd-rxm4q",namespace="biran",port="8000",status="success",target_model_name="Qwen/Qwen3-0.6B"} 3850
llm_d_epp_scheduler_attempts_total{endpoint_name="qwen-qwe-3db867ce-en3-0-6b-decode-5c6d8d69bd-s48xc",namespace="biran",port="8000",status="success",target_model_name="Qwen/Qwen3-0.6B"} 543
llm_d_epp_scheduler_attempts_total{endpoint_name="qwen-qwe-3db867ce-en3-0-6b-decode-5c6d8d69bd-sxskf",namespace="biran",port="8000",status="success",target_model_name="Qwen/Qwen3-0.6B"} 4360
llm_d_epp_scheduler_attempts_total{endpoint_name="qwen-qwe-3db867ce-en3-0-6b-decode-5c6d8d69bd-t6hgv",namespace="biran",port="8000",status="success",target_model_name="Qwen/Qwen3-0.6B"} 595
llm_d_epp_scheduler_attempts_total{endpoint_name="qwen-qwe-3db867ce-en3-0-6b-decode-5c6d8d69bd-tgx7t",namespace="biran",port="8000",status="success",target_model_name="Qwen/Qwen3-0.6B"} 169
llm_d_epp_scheduler_attempts_total{endpoint_name="qwen-qwe-3db867ce-en3-0-6b-decode-5c6d8d69bd-tmbkn",namespace="biran",port="8000",status="success",target_model_name="Qwen/Qwen3-0.6B"} 134
llm_d_epp_scheduler_attempts_total{endpoint_name="qwen-qwe-3db867ce-en3-0-6b-decode-5c6d8d69bd-tqgqb",namespace="biran",port="8000",status="success",target_model_name="Qwen/Qwen3-0.6B"} 403
llm_d_epp_scheduler_attempts_total{endpoint_name="qwen-qwe-3db867ce-en3-0-6b-decode-5c6d8d69bd-tvd2x",namespace="biran",port="8000",status="success",target_model_name="Qwen/Qwen3-0.6B"} 733
llm_d_epp_scheduler_attempts_total{endpoint_name="qwen-qwe-3db867ce-en3-0-6b-decode-5c6d8d69bd-v2xdv",namespace="biran",port="8000",status="success",target_model_name="Qwen/Qwen3-0.6B"} 418
llm_d_epp_scheduler_attempts_total{endpoint_name="qwen-qwe-3db867ce-en3-0-6b-decode-5c6d8d69bd-v52lt",namespace="biran",port="8000",status="success",target_model_name="Qwen/Qwen3-0.6B"} 1138
llm_d_epp_scheduler_attempts_total{endpoint_name="qwen-qwe-3db867ce-en3-0-6b-decode-5c6d8d69bd-v7djg",namespace="biran",port="8000",status="success",target_model_name="Qwen/Qwen3-0.6B"} 3711
llm_d_epp_scheduler_attempts_total{endpoint_name="qwen-qwe-3db867ce-en3-0-6b-decode-5c6d8d69bd-vcf66",namespace="biran",port="8000",status="success",target_model_name="Qwen/Qwen3-0.6B"} 3473
llm_d_epp_scheduler_attempts_total{endpoint_name="qwen-qwe-3db867ce-en3-0-6b-decode-5c6d8d69bd-vj2mr",namespace="biran",port="8000",status="success",target_model_name="Qwen/Qwen3-0.6B"} 567
llm_d_epp_scheduler_attempts_total{endpoint_name="qwen-qwe-3db867ce-en3-0-6b-decode-5c6d8d69bd-vjvcv",namespace="biran",port="8000",status="success",target_model_name="Qwen/Qwen3-0.6B"} 665
llm_d_epp_scheduler_attempts_total{endpoint_name="qwen-qwe-3db867ce-en3-0-6b-decode-5c6d8d69bd-vvdct",namespace="biran",port="8000",status="success",target_model_name="Qwen/Qwen3-0.6B"} 11581
llm_d_epp_scheduler_attempts_total{endpoint_name="qwen-qwe-3db867ce-en3-0-6b-decode-5c6d8d69bd-vwnvd",namespace="biran",port="8000",status="success",target_model_name="Qwen/Qwen3-0.6B"} 16513
llm_d_epp_scheduler_attempts_total{endpoint_name="qwen-qwe-3db867ce-en3-0-6b-decode-5c6d8d69bd-w4cdh",namespace="biran",port="8000",status="success",target_model_name="Qwen/Qwen3-0.6B"} 367
llm_d_epp_scheduler_attempts_total{endpoint_name="qwen-qwe-3db867ce-en3-0-6b-decode-5c6d8d69bd-w8lfc",namespace="biran",port="8000",status="success",target_model_name="Qwen/Qwen3-0.6B"} 3689
llm_d_epp_scheduler_attempts_total{endpoint_name="qwen-qwe-3db867ce-en3-0-6b-decode-5c6d8d69bd-w8w7j",namespace="biran",port="8000",status="success",target_model_name="Qwen/Qwen3-0.6B"} 4909
llm_d_epp_scheduler_attempts_total{endpoint_name="qwen-qwe-3db867ce-en3-0-6b-decode-5c6d8d69bd-wh6hk",namespace="biran",port="8000",status="success",target_model_name="Qwen/Qwen3-0.6B"} 378
llm_d_epp_scheduler_attempts_total{endpoint_name="qwen-qwe-3db867ce-en3-0-6b-decode-5c6d8d69bd-wjf67",namespace="biran",port="8000",status="success",target_model_name="Qwen/Qwen3-0.6B"} 412
llm_d_epp_scheduler_attempts_total{endpoint_name="qwen-qwe-3db867ce-en3-0-6b-decode-5c6d8d69bd-wkgrw",namespace="biran",port="8000",status="success",target_model_name="Qwen/Qwen3-0.6B"} 763
llm_d_epp_scheduler_attempts_total{endpoint_name="qwen-qwe-3db867ce-en3-0-6b-decode-5c6d8d69bd-wkqqc",namespace="biran",port="8000",status="success",target_model_name="Qwen/Qwen3-0.6B"} 815
llm_d_epp_scheduler_attempts_total{endpoint_name="qwen-qwe-3db867ce-en3-0-6b-decode-5c6d8d69bd-wkrjl",namespace="biran",port="8000",status="success",target_model_name="Qwen/Qwen3-0.6B"} 67
llm_d_epp_scheduler_attempts_total{endpoint_name="qwen-qwe-3db867ce-en3-0-6b-decode-5c6d8d69bd-wpfks",namespace="biran",port="8000",status="success",target_model_name="Qwen/Qwen3-0.6B"} 239
llm_d_epp_scheduler_attempts_total{endpoint_name="qwen-qwe-3db867ce-en3-0-6b-decode-5c6d8d69bd-wttkw",namespace="biran",port="8000",status="success",target_model_name="Qwen/Qwen3-0.6B"} 801
llm_d_epp_scheduler_attempts_total{endpoint_name="qwen-qwe-3db867ce-en3-0-6b-decode-5c6d8d69bd-x2sc4",namespace="biran",port="8000",status="success",target_model_name="Qwen/Qwen3-0.6B"} 629
llm_d_epp_scheduler_attempts_total{endpoint_name="qwen-qwe-3db867ce-en3-0-6b-decode-5c6d8d69bd-xnm4w",namespace="biran",port="8000",status="success",target_model_name="Qwen/Qwen3-0.6B"} 666
llm_d_epp_scheduler_attempts_total{endpoint_name="qwen-qwe-3db867ce-en3-0-6b-decode-5c6d8d69bd-xxtxm",namespace="biran",port="8000",status="success",target_model_name="Qwen/Qwen3-0.6B"} 406
llm_d_epp_scheduler_attempts_total{endpoint_name="qwen-qwe-3db867ce-en3-0-6b-decode-5c6d8d69bd-z6pp7",namespace="biran",port="8000",status="success",target_model_name="Qwen/Qwen3-0.6B"} 397
llm_d_epp_scheduler_attempts_total{endpoint_name="qwen-qwe-3db867ce-en3-0-6b-decode-5c6d8d69bd-zh5rf",namespace="biran",port="8000",status="success",target_model_name="Qwen/Qwen3-0.6B"} 559
llm_d_epp_scheduler_attempts_total{endpoint_name="qwen-qwe-3db867ce-en3-0-6b-decode-5c6d8d69bd-zkbfj",namespace="biran",port="8000",status="success",target_model_name="Qwen/Qwen3-0.6B"} 868
llm_d_epp_scheduler_attempts_total{endpoint_name="qwen-qwe-3db867ce-en3-0-6b-decode-5c6d8d69bd-zwg2h",namespace="biran",port="8000",status="success",target_model_name="Qwen/Qwen3-0.6B"} 79
# HELP llm_d_epp_scheduler_e2e_duration_seconds [ALPHA] End-to-end scheduling latency distribution in seconds.
# TYPE llm_d_epp_scheduler_e2e_duration_seconds histogram
llm_d_epp_scheduler_e2e_duration_seconds_bucket{le="0.0001"} 4
llm_d_epp_scheduler_e2e_duration_seconds_bucket{le="0.0002"} 40224
llm_d_epp_scheduler_e2e_duration_seconds_bucket{le="0.0005"} 209188
llm_d_epp_scheduler_e2e_duration_seconds_bucket{le="0.001"} 233921
llm_d_epp_scheduler_e2e_duration_seconds_bucket{le="0.002"} 238281
llm_d_epp_scheduler_e2e_duration_seconds_bucket{le="0.005"} 241249
llm_d_epp_scheduler_e2e_duration_seconds_bucket{le="0.01"} 242755
llm_d_epp_scheduler_e2e_duration_seconds_bucket{le="0.02"} 243884
llm_d_epp_scheduler_e2e_duration_seconds_bucket{le="0.05"} 244662
llm_d_epp_scheduler_e2e_duration_seconds_bucket{le="0.1"} 244729
llm_d_epp_scheduler_e2e_duration_seconds_bucket{le="+Inf"} 244731
llm_d_epp_scheduler_e2e_duration_seconds_sum 142.89195887500063
llm_d_epp_scheduler_e2e_duration_seconds_count 244731
# HELP llm_d_inference_scheduler_datalayer_poll_errors_total [ALPHA] [Deprecated: Use llm_d_epp_datalayer_poll_errors_total] Data-source poll errors per source type.
# TYPE llm_d_inference_scheduler_datalayer_poll_errors_total counter
llm_d_inference_scheduler_datalayer_poll_errors_total{source_type="metrics-data-source"} 80
# HELP process_cpu_seconds_total Total user and system CPU time spent in seconds.
# TYPE process_cpu_seconds_total counter
process_cpu_seconds_total 183292.35
# HELP process_max_fds Maximum number of open file descriptors.
# TYPE process_max_fds gauge
process_max_fds 1.048576e+06
# HELP process_network_receive_bytes_total Number of bytes received by the process over the network.
# TYPE process_network_receive_bytes_total counter
process_network_receive_bytes_total 1.193518398124e+12
# HELP process_network_transmit_bytes_total Number of bytes sent by the process over the network.
# TYPE process_network_transmit_bytes_total counter
process_network_transmit_bytes_total 3.39444793608e+11
# HELP process_open_fds Number of open file descriptors.
# TYPE process_open_fds gauge
process_open_fds 245
# HELP process_resident_memory_bytes Resident memory size in bytes.
# TYPE process_resident_memory_bytes gauge
process_resident_memory_bytes 4.72100864e+08
# HELP process_start_time_seconds Start time of the process since unix epoch in seconds.
# TYPE process_start_time_seconds gauge
process_start_time_seconds 1.78697040283e+09
# HELP process_virtual_memory_bytes Virtual memory size in bytes.
# TYPE process_virtual_memory_bytes gauge
process_virtual_memory_bytes 2.269503488e+09
# HELP process_virtual_memory_max_bytes Maximum amount of virtual memory available in bytes.
# TYPE process_virtual_memory_max_bytes gauge
process_virtual_memory_max_bytes 1.8446744073709552e+19
# HELP rest_client_requests_total Number of HTTP requests, partitioned by status code, method, and host.
# TYPE rest_client_requests_total counter
rest_client_requests_total{code="200",host="172.30.0.1:443",method="GET"} 5434
rest_client_requests_total{code="201",host="172.30.0.1:443",method="POST"} 21441
rest_client_requests_total{code="429",host="172.30.0.1:443",method="GET"} 1
# HELP workqueue_adds_total Total number of adds handled by workqueue
# TYPE workqueue_adds_total counter
workqueue_adds_total{controller="inferencemodelrewrite",name="inferencemodelrewrite"} 0
workqueue_adds_total{controller="inferenceobjective",name="inferenceobjective"} 0
workqueue_adds_total{controller="inferencepool",name="inferencepool"} 16
workqueue_adds_total{controller="pod",name="pod"} 5844
# HELP workqueue_depth Current depth of workqueue by workqueue and priority
# TYPE workqueue_depth gauge
workqueue_depth{controller="inferencepool",name="inferencepool",priority="-100"} 0
workqueue_depth{controller="pod",name="pod",priority="-100"} 0
workqueue_depth{controller="pod",name="pod",priority="0"} 0
# HELP workqueue_longest_running_processor_seconds How many seconds has the longest running processor for workqueue been running.
# TYPE workqueue_longest_running_processor_seconds gauge
workqueue_longest_running_processor_seconds{controller="inferencemodelrewrite",name="inferencemodelrewrite"} 0
workqueue_longest_running_processor_seconds{controller="inferenceobjective",name="inferenceobjective"} 0
workqueue_longest_running_processor_seconds{controller="inferencepool",name="inferencepool"} 0
workqueue_longest_running_processor_seconds{controller="pod",name="pod"} 0
# HELP workqueue_queue_duration_seconds How long in seconds an item stays in workqueue before being requested
# TYPE workqueue_queue_duration_seconds histogram
workqueue_queue_duration_seconds_bucket{controller="inferencemodelrewrite",name="inferencemodelrewrite",le="1e-08"} 0
workqueue_queue_duration_seconds_bucket{controller="inferencemodelrewrite",name="inferencemodelrewrite",le="1e-07"} 0
workqueue_queue_duration_seconds_bucket{controller="inferencemodelrewrite",name="inferencemodelrewrite",le="1e-06"} 0
workqueue_queue_duration_seconds_bucket{controller="inferencemodelrewrite",name="inferencemodelrewrite",le="9.999999999999999e-06"} 0
workqueue_queue_duration_seconds_bucket{controller="inferencemodelrewrite",name="inferencemodelrewrite",le="9.999999999999999e-05"} 0
workqueue_queue_duration_seconds_bucket{controller="inferencemodelrewrite",name="inferencemodelrewrite",le="0.001"} 0
workqueue_queue_duration_seconds_bucket{controller="inferencemodelrewrite",name="inferencemodelrewrite",le="0.01"} 0
workqueue_queue_duration_seconds_bucket{controller="inferencemodelrewrite",name="inferencemodelrewrite",le="0.1"} 0
workqueue_queue_duration_seconds_bucket{controller="inferencemodelrewrite",name="inferencemodelrewrite",le="1"} 0
workqueue_queue_duration_seconds_bucket{controller="inferencemodelrewrite",name="inferencemodelrewrite",le="10"} 0
workqueue_queue_duration_seconds_bucket{controller="inferencemodelrewrite",name="inferencemodelrewrite",le="100"} 0
workqueue_queue_duration_seconds_bucket{controller="inferencemodelrewrite",name="inferencemodelrewrite",le="1000"} 0
workqueue_queue_duration_seconds_bucket{controller="inferencemodelrewrite",name="inferencemodelrewrite",le="+Inf"} 0
workqueue_queue_duration_seconds_sum{controller="inferencemodelrewrite",name="inferencemodelrewrite"} 0
workqueue_queue_duration_seconds_count{controller="inferencemodelrewrite",name="inferencemodelrewrite"} 0
workqueue_queue_duration_seconds_bucket{controller="inferenceobjective",name="inferenceobjective",le="1e-08"} 0
workqueue_queue_duration_seconds_bucket{controller="inferenceobjective",name="inferenceobjective",le="1e-07"} 0
workqueue_queue_duration_seconds_bucket{controller="inferenceobjective",name="inferenceobjective",le="1e-06"} 0
workqueue_queue_duration_seconds_bucket{controller="inferenceobjective",name="inferenceobjective",le="9.999999999999999e-06"} 0
workqueue_queue_duration_seconds_bucket{controller="inferenceobjective",name="inferenceobjective",le="9.999999999999999e-05"} 0
workqueue_queue_duration_seconds_bucket{controller="inferenceobjective",name="inferenceobjective",le="0.001"} 0
workqueue_queue_duration_seconds_bucket{controller="inferenceobjective",name="inferenceobjective",le="0.01"} 0
workqueue_queue_duration_seconds_bucket{controller="inferenceobjective",name="inferenceobjective",le="0.1"} 0
workqueue_queue_duration_seconds_bucket{controller="inferenceobjective",name="inferenceobjective",le="1"} 0
workqueue_queue_duration_seconds_bucket{controller="inferenceobjective",name="inferenceobjective",le="10"} 0
workqueue_queue_duration_seconds_bucket{controller="inferenceobjective",name="inferenceobjective",le="100"} 0
workqueue_queue_duration_seconds_bucket{controller="inferenceobjective",name="inferenceobjective",le="1000"} 0
workqueue_queue_duration_seconds_bucket{controller="inferenceobjective",name="inferenceobjective",le="+Inf"} 0
workqueue_queue_duration_seconds_sum{controller="inferenceobjective",name="inferenceobjective"} 0
workqueue_queue_duration_seconds_count{controller="inferenceobjective",name="inferenceobjective"} 0
workqueue_queue_duration_seconds_bucket{controller="inferencepool",name="inferencepool",le="1e-08"} 0
workqueue_queue_duration_seconds_bucket{controller="inferencepool",name="inferencepool",le="1e-07"} 0
workqueue_queue_duration_seconds_bucket{controller="inferencepool",name="inferencepool",le="1e-06"} 0
workqueue_queue_duration_seconds_bucket{controller="inferencepool",name="inferencepool",le="9.999999999999999e-06"} 12
workqueue_queue_duration_seconds_bucket{controller="inferencepool",name="inferencepool",le="9.999999999999999e-05"} 15
workqueue_queue_duration_seconds_bucket{controller="inferencepool",name="inferencepool",le="0.001"} 15
workqueue_queue_duration_seconds_bucket{controller="inferencepool",name="inferencepool",le="0.01"} 15
workqueue_queue_duration_seconds_bucket{controller="inferencepool",name="inferencepool",le="0.1"} 15
workqueue_queue_duration_seconds_bucket{controller="inferencepool",name="inferencepool",le="1"} 16
workqueue_queue_duration_seconds_bucket{controller="inferencepool",name="inferencepool",le="10"} 16
workqueue_queue_duration_seconds_bucket{controller="inferencepool",name="inferencepool",le="100"} 16
workqueue_queue_duration_seconds_bucket{controller="inferencepool",name="inferencepool",le="1000"} 16
workqueue_queue_duration_seconds_bucket{controller="inferencepool",name="inferencepool",le="+Inf"} 16
workqueue_queue_duration_seconds_sum{controller="inferencepool",name="inferencepool"} 0.101024954
workqueue_queue_duration_seconds_count{controller="inferencepool",name="inferencepool"} 16
workqueue_queue_duration_seconds_bucket{controller="pod",name="pod",le="1e-08"} 0
workqueue_queue_duration_seconds_bucket{controller="pod",name="pod",le="1e-07"} 0
workqueue_queue_duration_seconds_bucket{controller="pod",name="pod",le="1e-06"} 0
workqueue_queue_duration_seconds_bucket{controller="pod",name="pod",le="9.999999999999999e-06"} 5455
workqueue_queue_duration_seconds_bucket{controller="pod",name="pod",le="9.999999999999999e-05"} 5802
workqueue_queue_duration_seconds_bucket{controller="pod",name="pod",le="0.001"} 5841
workqueue_queue_duration_seconds_bucket{controller="pod",name="pod",le="0.01"} 5844
workqueue_queue_duration_seconds_bucket{controller="pod",name="pod",le="0.1"} 5844
workqueue_queue_duration_seconds_bucket{controller="pod",name="pod",le="1"} 5844
workqueue_queue_duration_seconds_bucket{controller="pod",name="pod",le="10"} 5844
workqueue_queue_duration_seconds_bucket{controller="pod",name="pod",le="100"} 5844
workqueue_queue_duration_seconds_bucket{controller="pod",name="pod",le="1000"} 5844
workqueue_queue_duration_seconds_bucket{controller="pod",name="pod",le="+Inf"} 5844
workqueue_queue_duration_seconds_sum{controller="pod",name="pod"} 0.056655043999999856
workqueue_queue_duration_seconds_count{controller="pod",name="pod"} 5844
# HELP workqueue_retries_total Total number of retries handled by workqueue
# TYPE workqueue_retries_total counter
workqueue_retries_total{controller="inferencemodelrewrite",name="inferencemodelrewrite"} 0
workqueue_retries_total{controller="inferenceobjective",name="inferenceobjective"} 0
workqueue_retries_total{controller="inferencepool",name="inferencepool"} 0
workqueue_retries_total{controller="pod",name="pod"} 0
# HELP workqueue_unfinished_work_seconds How many seconds of work has been done that is in progress and hasn't been observed by work_duration. Large values indicate stuck threads. One can deduce the number of stuck threads by observing the rate at which this increases.
# TYPE workqueue_unfinished_work_seconds gauge
workqueue_unfinished_work_seconds{controller="inferencemodelrewrite",name="inferencemodelrewrite"} 0
workqueue_unfinished_work_seconds{controller="inferenceobjective",name="inferenceobjective"} 0
workqueue_unfinished_work_seconds{controller="inferencepool",name="inferencepool"} 0
workqueue_unfinished_work_seconds{controller="pod",name="pod"} 0
# HELP workqueue_work_duration_seconds How long in seconds processing an item from workqueue takes.
# TYPE workqueue_work_duration_seconds histogram
workqueue_work_duration_seconds_bucket{controller="inferencemodelrewrite",name="inferencemodelrewrite",le="1e-08"} 0
workqueue_work_duration_seconds_bucket{controller="inferencemodelrewrite",name="inferencemodelrewrite",le="1e-07"} 0
workqueue_work_duration_seconds_bucket{controller="inferencemodelrewrite",name="inferencemodelrewrite",le="1e-06"} 0
workqueue_work_duration_seconds_bucket{controller="inferencemodelrewrite",name="inferencemodelrewrite",le="9.999999999999999e-06"} 0
workqueue_work_duration_seconds_bucket{controller="inferencemodelrewrite",name="inferencemodelrewrite",le="9.999999999999999e-05"} 0
workqueue_work_duration_seconds_bucket{controller="inferencemodelrewrite",name="inferencemodelrewrite",le="0.001"} 0
workqueue_work_duration_seconds_bucket{controller="inferencemodelrewrite",name="inferencemodelrewrite",le="0.01"} 0
workqueue_work_duration_seconds_bucket{controller="inferencemodelrewrite",name="inferencemodelrewrite",le="0.1"} 0
workqueue_work_duration_seconds_bucket{controller="inferencemodelrewrite",name="inferencemodelrewrite",le="1"} 0
workqueue_work_duration_seconds_bucket{controller="inferencemodelrewrite",name="inferencemodelrewrite",le="10"} 0
workqueue_work_duration_seconds_bucket{controller="inferencemodelrewrite",name="inferencemodelrewrite",le="100"} 0
workqueue_work_duration_seconds_bucket{controller="inferencemodelrewrite",name="inferencemodelrewrite",le="1000"} 0
workqueue_work_duration_seconds_bucket{controller="inferencemodelrewrite",name="inferencemodelrewrite",le="+Inf"} 0
workqueue_work_duration_seconds_sum{controller="inferencemodelrewrite",name="inferencemodelrewrite"} 0
workqueue_work_duration_seconds_count{controller="inferencemodelrewrite",name="inferencemodelrewrite"} 0
workqueue_work_duration_seconds_bucket{controller="inferenceobjective",name="inferenceobjective",le="1e-08"} 0
workqueue_work_duration_seconds_bucket{controller="inferenceobjective",name="inferenceobjective",le="1e-07"} 0
workqueue_work_duration_seconds_bucket{controller="inferenceobjective",name="inferenceobjective",le="1e-06"} 0
workqueue_work_duration_seconds_bucket{controller="inferenceobjective",name="inferenceobjective",le="9.999999999999999e-06"} 0
workqueue_work_duration_seconds_bucket{controller="inferenceobjective",name="inferenceobjective",le="9.999999999999999e-05"} 0
workqueue_work_duration_seconds_bucket{controller="inferenceobjective",name="inferenceobjective",le="0.001"} 0
workqueue_work_duration_seconds_bucket{controller="inferenceobjective",name="inferenceobjective",le="0.01"} 0
workqueue_work_duration_seconds_bucket{controller="inferenceobjective",name="inferenceobjective",le="0.1"} 0
workqueue_work_duration_seconds_bucket{controller="inferenceobjective",name="inferenceobjective",le="1"} 0
workqueue_work_duration_seconds_bucket{controller="inferenceobjective",name="inferenceobjective",le="10"} 0
workqueue_work_duration_seconds_bucket{controller="inferenceobjective",name="inferenceobjective",le="100"} 0
workqueue_work_duration_seconds_bucket{controller="inferenceobjective",name="inferenceobjective",le="1000"} 0
workqueue_work_duration_seconds_bucket{controller="inferenceobjective",name="inferenceobjective",le="+Inf"} 0
workqueue_work_duration_seconds_sum{controller="inferenceobjective",name="inferenceobjective"} 0
workqueue_work_duration_seconds_count{controller="inferenceobjective",name="inferenceobjective"} 0
workqueue_work_duration_seconds_bucket{controller="inferencepool",name="inferencepool",le="1e-08"} 0
workqueue_work_duration_seconds_bucket{controller="inferencepool",name="inferencepool",le="1e-07"} 0
workqueue_work_duration_seconds_bucket{controller="inferencepool",name="inferencepool",le="1e-06"} 0
workqueue_work_duration_seconds_bucket{controller="inferencepool",name="inferencepool",le="9.999999999999999e-06"} 0
workqueue_work_duration_seconds_bucket{controller="inferencepool",name="inferencepool",le="9.999999999999999e-05"} 0
workqueue_work_duration_seconds_bucket{controller="inferencepool",name="inferencepool",le="0.001"} 15
workqueue_work_duration_seconds_bucket{controller="inferencepool",name="inferencepool",le="0.01"} 16
workqueue_work_duration_seconds_bucket{controller="inferencepool",name="inferencepool",le="0.1"} 16
workqueue_work_duration_seconds_bucket{controller="inferencepool",name="inferencepool",le="1"} 16
workqueue_work_duration_seconds_bucket{controller="inferencepool",name="inferencepool",le="10"} 16
workqueue_work_duration_seconds_bucket{controller="inferencepool",name="inferencepool",le="100"} 16
workqueue_work_duration_seconds_bucket{controller="inferencepool",name="inferencepool",le="1000"} 16
workqueue_work_duration_seconds_bucket{controller="inferencepool",name="inferencepool",le="+Inf"} 16
workqueue_work_duration_seconds_sum{controller="inferencepool",name="inferencepool"} 0.004661672
workqueue_work_duration_seconds_count{controller="inferencepool",name="inferencepool"} 16
workqueue_work_duration_seconds_bucket{controller="pod",name="pod",le="1e-08"} 0
workqueue_work_duration_seconds_bucket{controller="pod",name="pod",le="1e-07"} 0
workqueue_work_duration_seconds_bucket{controller="pod",name="pod",le="1e-06"} 0
workqueue_work_duration_seconds_bucket{controller="pod",name="pod",le="9.999999999999999e-06"} 0
workqueue_work_duration_seconds_bucket{controller="pod",name="pod",le="9.999999999999999e-05"} 106
workqueue_work_duration_seconds_bucket{controller="pod",name="pod",le="0.001"} 5786
workqueue_work_duration_seconds_bucket{controller="pod",name="pod",le="0.01"} 5842
workqueue_work_duration_seconds_bucket{controller="pod",name="pod",le="0.1"} 5844
workqueue_work_duration_seconds_bucket{controller="pod",name="pod",le="1"} 5844
workqueue_work_duration_seconds_bucket{controller="pod",name="pod",le="10"} 5844
workqueue_work_duration_seconds_bucket{controller="pod",name="pod",le="100"} 5844
workqueue_work_duration_seconds_bucket{controller="pod",name="pod",le="1000"} 5844
workqueue_work_duration_seconds_bucket{controller="pod",name="pod",le="+Inf"} 5844
workqueue_work_duration_seconds_sum{controller="pod",name="pod"} 1.4267793470000023
workqueue_work_duration_seconds_count{controller="pod",name="pod"} 5844

