# Timestamp: 2026-08-22T00:03:55+0000
# Pod: qwen-qwe-3db867ce-en3-0-6b-router-epp-d4c4d7444-h578x
# PodIP: 10.129.4.99
# Source: epp_prometheus_metrics

# HELP certwatcher_read_certificate_errors_total Total number of certificate read errors
# TYPE certwatcher_read_certificate_errors_total counter
certwatcher_read_certificate_errors_total 0
# HELP certwatcher_read_certificate_total Total number of certificate reads
# TYPE certwatcher_read_certificate_total counter
certwatcher_read_certificate_total 0
# HELP controller_runtime_active_workers Number of currently used workers per controller
# TYPE controller_runtime_active_workers gauge
controller_runtime_active_workers{controller="inferencemodelrewrite"} 0
controller_runtime_active_workers{controller="inferenceobjective"} 0
controller_runtime_active_workers{controller="inferencepool"} 0
controller_runtime_active_workers{controller="pod"} 0
# HELP controller_runtime_conversion_webhook_panics_total Total number of conversion webhook panics
# TYPE controller_runtime_conversion_webhook_panics_total counter
controller_runtime_conversion_webhook_panics_total 0
# HELP controller_runtime_max_concurrent_reconciles Maximum number of concurrent reconciles per controller
# TYPE controller_runtime_max_concurrent_reconciles gauge
controller_runtime_max_concurrent_reconciles{controller="inferencemodelrewrite"} 1
controller_runtime_max_concurrent_reconciles{controller="inferenceobjective"} 1
controller_runtime_max_concurrent_reconciles{controller="inferencepool"} 1
controller_runtime_max_concurrent_reconciles{controller="pod"} 1
# HELP controller_runtime_reconcile_errors_total Total number of reconciliation errors per controller
# TYPE controller_runtime_reconcile_errors_total counter
controller_runtime_reconcile_errors_total{controller="inferencemodelrewrite"} 0
controller_runtime_reconcile_errors_total{controller="inferenceobjective"} 0
controller_runtime_reconcile_errors_total{controller="inferencepool"} 0
controller_runtime_reconcile_errors_total{controller="pod"} 0
# HELP controller_runtime_reconcile_panics_total Total number of reconciliation panics per controller
# TYPE controller_runtime_reconcile_panics_total counter
controller_runtime_reconcile_panics_total{controller="inferencemodelrewrite"} 0
controller_runtime_reconcile_panics_total{controller="inferenceobjective"} 0
controller_runtime_reconcile_panics_total{controller="inferencepool"} 0
controller_runtime_reconcile_panics_total{controller="pod"} 0
# HELP controller_runtime_reconcile_time_seconds Length of time per reconciliation per controller
# TYPE controller_runtime_reconcile_time_seconds histogram
controller_runtime_reconcile_time_seconds_bucket{controller="inferencepool",le="0.005"} 11
controller_runtime_reconcile_time_seconds_bucket{controller="inferencepool",le="0.01"} 11
controller_runtime_reconcile_time_seconds_bucket{controller="inferencepool",le="0.025"} 11
controller_runtime_reconcile_time_seconds_bucket{controller="inferencepool",le="0.05"} 11
controller_runtime_reconcile_time_seconds_bucket{controller="inferencepool",le="0.1"} 11
controller_runtime_reconcile_time_seconds_bucket{controller="inferencepool",le="0.15"} 11
controller_runtime_reconcile_time_seconds_bucket{controller="inferencepool",le="0.2"} 11
controller_runtime_reconcile_time_seconds_bucket{controller="inferencepool",le="0.25"} 11
controller_runtime_reconcile_time_seconds_bucket{controller="inferencepool",le="0.3"} 11
controller_runtime_reconcile_time_seconds_bucket{controller="inferencepool",le="0.35"} 11
controller_runtime_reconcile_time_seconds_bucket{controller="inferencepool",le="0.4"} 11
controller_runtime_reconcile_time_seconds_bucket{controller="inferencepool",le="0.45"} 11
controller_runtime_reconcile_time_seconds_bucket{controller="inferencepool",le="0.5"} 11
controller_runtime_reconcile_time_seconds_bucket{controller="inferencepool",le="0.6"} 11
controller_runtime_reconcile_time_seconds_bucket{controller="inferencepool",le="0.7"} 11
controller_runtime_reconcile_time_seconds_bucket{controller="inferencepool",le="0.8"} 11
controller_runtime_reconcile_time_seconds_bucket{controller="inferencepool",le="0.9"} 11
controller_runtime_reconcile_time_seconds_bucket{controller="inferencepool",le="1"} 11
controller_runtime_reconcile_time_seconds_bucket{controller="inferencepool",le="1.25"} 11
controller_runtime_reconcile_time_seconds_bucket{controller="inferencepool",le="1.5"} 11
controller_runtime_reconcile_time_seconds_bucket{controller="inferencepool",le="1.75"} 11
controller_runtime_reconcile_time_seconds_bucket{controller="inferencepool",le="2"} 11
controller_runtime_reconcile_time_seconds_bucket{controller="inferencepool",le="2.5"} 11
controller_runtime_reconcile_time_seconds_bucket{controller="inferencepool",le="3"} 11
controller_runtime_reconcile_time_seconds_bucket{controller="inferencepool",le="3.5"} 11
controller_runtime_reconcile_time_seconds_bucket{controller="inferencepool",le="4"} 11
controller_runtime_reconcile_time_seconds_bucket{controller="inferencepool",le="4.5"} 11
controller_runtime_reconcile_time_seconds_bucket{controller="inferencepool",le="5"} 11
controller_runtime_reconcile_time_seconds_bucket{controller="inferencepool",le="6"} 11
controller_runtime_reconcile_time_seconds_bucket{controller="inferencepool",le="7"} 11
controller_runtime_reconcile_time_seconds_bucket{controller="inferencepool",le="8"} 11
controller_runtime_reconcile_time_seconds_bucket{controller="inferencepool",le="9"} 11
controller_runtime_reconcile_time_seconds_bucket{controller="inferencepool",le="10"} 11
controller_runtime_reconcile_time_seconds_bucket{controller="inferencepool",le="15"} 11
controller_runtime_reconcile_time_seconds_bucket{controller="inferencepool",le="20"} 11
controller_runtime_reconcile_time_seconds_bucket{controller="inferencepool",le="25"} 11
controller_runtime_reconcile_time_seconds_bucket{controller="inferencepool",le="30"} 11
controller_runtime_reconcile_time_seconds_bucket{controller="inferencepool",le="40"} 11
controller_runtime_reconcile_time_seconds_bucket{controller="inferencepool",le="50"} 11
controller_runtime_reconcile_time_seconds_bucket{controller="inferencepool",le="60"} 11
controller_runtime_reconcile_time_seconds_bucket{controller="inferencepool",le="+Inf"} 11
controller_runtime_reconcile_time_seconds_sum{controller="inferencepool"} 0.002350269
controller_runtime_reconcile_time_seconds_count{controller="inferencepool"} 11
controller_runtime_reconcile_time_seconds_bucket{controller="pod",le="0.005"} 2724
controller_runtime_reconcile_time_seconds_bucket{controller="pod",le="0.01"} 2725
controller_runtime_reconcile_time_seconds_bucket{controller="pod",le="0.025"} 2725
controller_runtime_reconcile_time_seconds_bucket{controller="pod",le="0.05"} 2725
controller_runtime_reconcile_time_seconds_bucket{controller="pod",le="0.1"} 2725
controller_runtime_reconcile_time_seconds_bucket{controller="pod",le="0.15"} 2725
controller_runtime_reconcile_time_seconds_bucket{controller="pod",le="0.2"} 2725
controller_runtime_reconcile_time_seconds_bucket{controller="pod",le="0.25"} 2725
controller_runtime_reconcile_time_seconds_bucket{controller="pod",le="0.3"} 2725
controller_runtime_reconcile_time_seconds_bucket{controller="pod",le="0.35"} 2725
controller_runtime_reconcile_time_seconds_bucket{controller="pod",le="0.4"} 2725
controller_runtime_reconcile_time_seconds_bucket{controller="pod",le="0.45"} 2725
controller_runtime_reconcile_time_seconds_bucket{controller="pod",le="0.5"} 2725
controller_runtime_reconcile_time_seconds_bucket{controller="pod",le="0.6"} 2725
controller_runtime_reconcile_time_seconds_bucket{controller="pod",le="0.7"} 2725
controller_runtime_reconcile_time_seconds_bucket{controller="pod",le="0.8"} 2725
controller_runtime_reconcile_time_seconds_bucket{controller="pod",le="0.9"} 2725
controller_runtime_reconcile_time_seconds_bucket{controller="pod",le="1"} 2725
controller_runtime_reconcile_time_seconds_bucket{controller="pod",le="1.25"} 2725
controller_runtime_reconcile_time_seconds_bucket{controller="pod",le="1.5"} 2725
controller_runtime_reconcile_time_seconds_bucket{controller="pod",le="1.75"} 2725
controller_runtime_reconcile_time_seconds_bucket{controller="pod",le="2"} 2725
controller_runtime_reconcile_time_seconds_bucket{controller="pod",le="2.5"} 2725
controller_runtime_reconcile_time_seconds_bucket{controller="pod",le="3"} 2725
controller_runtime_reconcile_time_seconds_bucket{controller="pod",le="3.5"} 2725
controller_runtime_reconcile_time_seconds_bucket{controller="pod",le="4"} 2725
controller_runtime_reconcile_time_seconds_bucket{controller="pod",le="4.5"} 2725
controller_runtime_reconcile_time_seconds_bucket{controller="pod",le="5"} 2725
controller_runtime_reconcile_time_seconds_bucket{controller="pod",le="6"} 2725
controller_runtime_reconcile_time_seconds_bucket{controller="pod",le="7"} 2725
controller_runtime_reconcile_time_seconds_bucket{controller="pod",le="8"} 2725
controller_runtime_reconcile_time_seconds_bucket{controller="pod",le="9"} 2725
controller_runtime_reconcile_time_seconds_bucket{controller="pod",le="10"} 2725
controller_runtime_reconcile_time_seconds_bucket{controller="pod",le="15"} 2725
controller_runtime_reconcile_time_seconds_bucket{controller="pod",le="20"} 2725
controller_runtime_reconcile_time_seconds_bucket{controller="pod",le="25"} 2725
controller_runtime_reconcile_time_seconds_bucket{controller="pod",le="30"} 2725
controller_runtime_reconcile_time_seconds_bucket{controller="pod",le="40"} 2725
controller_runtime_reconcile_time_seconds_bucket{controller="pod",le="50"} 2725
controller_runtime_reconcile_time_seconds_bucket{controller="pod",le="60"} 2725
controller_runtime_reconcile_time_seconds_bucket{controller="pod",le="+Inf"} 2725
controller_runtime_reconcile_time_seconds_sum{controller="pod"} 0.6159403510000007
controller_runtime_reconcile_time_seconds_count{controller="pod"} 2725
# HELP controller_runtime_reconcile_timeouts_total Total number of reconciliation timeouts per controller
# TYPE controller_runtime_reconcile_timeouts_total counter
controller_runtime_reconcile_timeouts_total{controller="inferencemodelrewrite"} 0
controller_runtime_reconcile_timeouts_total{controller="inferenceobjective"} 0
controller_runtime_reconcile_timeouts_total{controller="inferencepool"} 0
controller_runtime_reconcile_timeouts_total{controller="pod"} 0
# HELP controller_runtime_reconcile_total Total number of reconciliations per controller
# TYPE controller_runtime_reconcile_total counter
controller_runtime_reconcile_total{controller="inferencemodelrewrite",result="error"} 0
controller_runtime_reconcile_total{controller="inferencemodelrewrite",result="requeue"} 0
controller_runtime_reconcile_total{controller="inferencemodelrewrite",result="requeue_after"} 0
controller_runtime_reconcile_total{controller="inferencemodelrewrite",result="success"} 0
controller_runtime_reconcile_total{controller="inferenceobjective",result="error"} 0
controller_runtime_reconcile_total{controller="inferenceobjective",result="requeue"} 0
controller_runtime_reconcile_total{controller="inferenceobjective",result="requeue_after"} 0
controller_runtime_reconcile_total{controller="inferenceobjective",result="success"} 0
controller_runtime_reconcile_total{controller="inferencepool",result="error"} 0
controller_runtime_reconcile_total{controller="inferencepool",result="requeue"} 0
controller_runtime_reconcile_total{controller="inferencepool",result="requeue_after"} 0
controller_runtime_reconcile_total{controller="inferencepool",result="success"} 11
controller_runtime_reconcile_total{controller="pod",result="error"} 0
controller_runtime_reconcile_total{controller="pod",result="requeue"} 0
controller_runtime_reconcile_total{controller="pod",result="requeue_after"} 0
controller_runtime_reconcile_total{controller="pod",result="success"} 2725
# HELP controller_runtime_terminal_reconcile_errors_total Total number of terminal reconciliation errors per controller
# TYPE controller_runtime_terminal_reconcile_errors_total counter
controller_runtime_terminal_reconcile_errors_total{controller="inferencemodelrewrite"} 0
controller_runtime_terminal_reconcile_errors_total{controller="inferenceobjective"} 0
controller_runtime_terminal_reconcile_errors_total{controller="inferencepool"} 0
controller_runtime_terminal_reconcile_errors_total{controller="pod"} 0
# HELP controller_runtime_webhook_panics_total Total number of webhook panics
# TYPE controller_runtime_webhook_panics_total counter
controller_runtime_webhook_panics_total 0
# HELP go_cgo_go_to_c_calls_calls_total Count of calls made from Go to C by the current process. Sourced from /cgo/go-to-c-calls:calls.
# TYPE go_cgo_go_to_c_calls_calls_total counter
go_cgo_go_to_c_calls_calls_total 0
# HELP go_cpu_classes_gc_mark_assist_cpu_seconds_total Estimated total CPU time goroutines spent performing GC tasks to assist the GC and prevent it from falling behind the application. This metric is an overestimate, and not directly comparable to system CPU time measurements. Compare only with other /cpu/classes metrics. Sourced from /cpu/classes/gc/mark/assist:cpu-seconds.
# TYPE go_cpu_classes_gc_mark_assist_cpu_seconds_total counter
go_cpu_classes_gc_mark_assist_cpu_seconds_total 2572.107224685
# HELP go_cpu_classes_gc_mark_dedicated_cpu_seconds_total Estimated total CPU time spent performing GC tasks on processors (as defined by GOMAXPROCS) dedicated to those tasks. This metric is an overestimate, and not directly comparable to system CPU time measurements. Compare only with other /cpu/classes metrics. Sourced from /cpu/classes/gc/mark/dedicated:cpu-seconds.
# TYPE go_cpu_classes_gc_mark_dedicated_cpu_seconds_total counter
go_cpu_classes_gc_mark_dedicated_cpu_seconds_total 42029.23272712
# HELP go_cpu_classes_gc_mark_idle_cpu_seconds_total Estimated total CPU time spent performing GC tasks on spare CPU resources that the Go scheduler could not otherwise find a use for. This should be subtracted from the total GC CPU time to obtain a measure of compulsory GC CPU time. This metric is an overestimate, and not directly comparable to system CPU time measurements. Compare only with other /cpu/classes metrics. Sourced from /cpu/classes/gc/mark/idle:cpu-seconds.
# TYPE go_cpu_classes_gc_mark_idle_cpu_seconds_total counter
go_cpu_classes_gc_mark_idle_cpu_seconds_total 16790.919984283
# HELP go_cpu_classes_gc_pause_cpu_seconds_total Estimated total CPU time spent with the application paused by the GC. Even if only one thread is running during the pause, this is computed as GOMAXPROCS times the pause latency because nothing else can be executing. This is the exact sum of samples in /sched/pauses/total/gc:seconds if each sample is multiplied by GOMAXPROCS at the time it is taken. This metric is an overestimate, and not directly comparable to system CPU time measurements. Compare only with other /cpu/classes metrics. Sourced from /cpu/classes/gc/pause:cpu-seconds.
# TYPE go_cpu_classes_gc_pause_cpu_seconds_total counter
go_cpu_classes_gc_pause_cpu_seconds_total 10014.735273621
# HELP go_cpu_classes_gc_total_cpu_seconds_total Estimated total CPU time spent performing GC tasks. This metric is an overestimate, and not directly comparable to system CPU time measurements. Compare only with other /cpu/classes metrics. Sum of all metrics in /cpu/classes/gc. Sourced from /cpu/classes/gc/total:cpu-seconds.
# TYPE go_cpu_classes_gc_total_cpu_seconds_total counter
go_cpu_classes_gc_total_cpu_seconds_total 71406.995209709
# HELP go_cpu_classes_idle_cpu_seconds_total Estimated total available CPU time not spent executing any Go or Go runtime code. In other words, the part of /cpu/classes/total:cpu-seconds that was unused. This metric is an overestimate, and not directly comparable to system CPU time measurements. Compare only with other /cpu/classes metrics. Sourced from /cpu/classes/idle:cpu-seconds.
# TYPE go_cpu_classes_idle_cpu_seconds_total counter
go_cpu_classes_idle_cpu_seconds_total 8.641499476931351e+07
# HELP go_cpu_classes_scavenge_assist_cpu_seconds_total Estimated total CPU time spent returning unused memory to the underlying platform in response eagerly in response to memory pressure. This metric is an overestimate, and not directly comparable to system CPU time measurements. Compare only with other /cpu/classes metrics. Sourced from /cpu/classes/scavenge/assist:cpu-seconds.
# TYPE go_cpu_classes_scavenge_assist_cpu_seconds_total counter
go_cpu_classes_scavenge_assist_cpu_seconds_total 2.44e-06
# HELP go_cpu_classes_scavenge_background_cpu_seconds_total Estimated total CPU time spent performing background tasks to return unused memory to the underlying platform. This metric is an overestimate, and not directly comparable to system CPU time measurements. Compare only with other /cpu/classes metrics. Sourced from /cpu/classes/scavenge/background:cpu-seconds.
# TYPE go_cpu_classes_scavenge_background_cpu_seconds_total counter
go_cpu_classes_scavenge_background_cpu_seconds_total 21.026700261
# HELP go_cpu_classes_scavenge_total_cpu_seconds_total Estimated total CPU time spent performing tasks that return unused memory to the underlying platform. This metric is an overestimate, and not directly comparable to system CPU time measurements. Compare only with other /cpu/classes metrics. Sum of all metrics in /cpu/classes/scavenge. Sourced from /cpu/classes/scavenge/total:cpu-seconds.
# TYPE go_cpu_classes_scavenge_total_cpu_seconds_total counter
go_cpu_classes_scavenge_total_cpu_seconds_total 21.026702701
# HELP go_cpu_classes_total_cpu_seconds_total Estimated total available CPU time for user Go code or the Go runtime, as defined by GOMAXPROCS. In other words, GOMAXPROCS integrated over the wall-clock duration this process has been executing for. This metric is an overestimate, and not directly comparable to system CPU time measurements. Compare only with other /cpu/classes metrics. Sum of all metrics in /cpu/classes. Sourced from /cpu/classes/total:cpu-seconds.
# TYPE go_cpu_classes_total_cpu_seconds_total counter
go_cpu_classes_total_cpu_seconds_total 8.660556108890268e+07
# HELP go_cpu_classes_user_cpu_seconds_total Estimated total CPU time spent running user Go code. This may also include some small amount of time spent in the Go runtime. This metric is an overestimate, and not directly comparable to system CPU time measurements. Compare only with other /cpu/classes metrics. Sourced from /cpu/classes/user:cpu-seconds.
# TYPE go_cpu_classes_user_cpu_seconds_total counter
go_cpu_classes_user_cpu_seconds_total 119138.297676752
# HELP go_gc_cycles_automatic_gc_cycles_total Count of completed GC cycles generated by the Go runtime. Sourced from /gc/cycles/automatic:gc-cycles.
# TYPE go_gc_cycles_automatic_gc_cycles_total counter
go_gc_cycles_automatic_gc_cycles_total 238968
# HELP go_gc_cycles_forced_gc_cycles_total Count of completed GC cycles forced by the application. Sourced from /gc/cycles/forced:gc-cycles.
# TYPE go_gc_cycles_forced_gc_cycles_total counter
go_gc_cycles_forced_gc_cycles_total 0
# HELP go_gc_cycles_total_gc_cycles_total Count of all completed GC cycles. Sourced from /gc/cycles/total:gc-cycles.
# TYPE go_gc_cycles_total_gc_cycles_total counter
go_gc_cycles_total_gc_cycles_total 238968
# HELP go_gc_duration_seconds A summary of the wall-time pause (stop-the-world) duration in garbage collection cycles.
# TYPE go_gc_duration_seconds summary
go_gc_duration_seconds{quantile="0"} 0.000241329
go_gc_duration_seconds{quantile="0.25"} 0.000288076
go_gc_duration_seconds{quantile="0.5"} 0.000331276
go_gc_duration_seconds{quantile="0.75"} 0.00039193
go_gc_duration_seconds{quantile="1"} 0.002948554
go_gc_duration_seconds_sum 71.098155434
go_gc_duration_seconds_count 238968
# HELP go_gc_gogc_percent Heap size target percentage configured by the user, otherwise 100. This value is set by the GOGC environment variable, and the runtime/debug.SetGCPercent function. Sourced from /gc/gogc:percent.
# TYPE go_gc_gogc_percent gauge
go_gc_gogc_percent 100
# HELP go_gc_gomemlimit_bytes Go runtime memory limit configured by the user, otherwise math.MaxInt64. This value is set by the GOMEMLIMIT environment variable, and the runtime/debug.SetMemoryLimit function. Sourced from /gc/gomemlimit:bytes.
# TYPE go_gc_gomemlimit_bytes gauge
go_gc_gomemlimit_bytes 9.223372036854776e+18
# HELP go_gc_heap_allocs_by_size_bytes Distribution of heap allocations by approximate size. Bucket counts increase monotonically. Note that this does not include tiny objects as defined by /gc/heap/tiny/allocs:objects, only tiny blocks. Sourced from /gc/heap/allocs-by-size:bytes.
# TYPE go_gc_heap_allocs_by_size_bytes histogram
go_gc_heap_allocs_by_size_bytes_bucket{le="8.999999999999998"} 6.68795563e+09
go_gc_heap_allocs_by_size_bytes_bucket{le="24.999999999999996"} 1.07514686419e+11
go_gc_heap_allocs_by_size_bytes_bucket{le="64.99999999999999"} 1.38379223758e+11
go_gc_heap_allocs_by_size_bytes_bucket{le="144.99999999999997"} 1.49128343484e+11
go_gc_heap_allocs_by_size_bytes_bucket{le="320.99999999999994"} 1.53986249606e+11
go_gc_heap_allocs_by_size_bytes_bucket{le="704.9999999999999"} 1.54255479922e+11
go_gc_heap_allocs_by_size_bytes_bucket{le="1536.9999999999998"} 1.54578472503e+11
go_gc_heap_allocs_by_size_bytes_bucket{le="3200.9999999999995"} 1.54589264321e+11
go_gc_heap_allocs_by_size_bytes_bucket{le="6528.999999999999"} 1.54609079413e+11
go_gc_heap_allocs_by_size_bytes_bucket{le="13568.999999999998"} 1.5461070539e+11
go_gc_heap_allocs_by_size_bytes_bucket{le="27264.999999999996"} 1.5461328301e+11
go_gc_heap_allocs_by_size_bytes_bucket{le="+Inf"} 1.54620833793e+11
go_gc_heap_allocs_by_size_bytes_sum 6.6963720126e+12
go_gc_heap_allocs_by_size_bytes_count 1.54620833793e+11
# HELP go_gc_heap_allocs_bytes_total Cumulative sum of memory allocated to the heap by the application. Sourced from /gc/heap/allocs:bytes.
# TYPE go_gc_heap_allocs_bytes_total counter
go_gc_heap_allocs_bytes_total 6.6963720126e+12
# HELP go_gc_heap_allocs_objects_total Cumulative count of heap allocations triggered by the application. Note that this does not include tiny objects as defined by /gc/heap/tiny/allocs:objects, only tiny blocks. Sourced from /gc/heap/allocs:objects.
# TYPE go_gc_heap_allocs_objects_total counter
go_gc_heap_allocs_objects_total 1.54620833793e+11
# HELP go_gc_heap_frees_by_size_bytes Distribution of freed heap allocations by approximate size. Bucket counts increase monotonically. Note that this does not include tiny objects as defined by /gc/heap/tiny/allocs:objects, only tiny blocks. Sourced from /gc/heap/frees-by-size:bytes.
# TYPE go_gc_heap_frees_by_size_bytes histogram
go_gc_heap_frees_by_size_bytes_bucket{le="8.999999999999998"} 6.687905048e+09
go_gc_heap_frees_by_size_bytes_bucket{le="24.999999999999996"} 1.07513830338e+11
go_gc_heap_frees_by_size_bytes_bucket{le="64.99999999999999"} 1.38377918942e+11
go_gc_heap_frees_by_size_bytes_bucket{le="144.99999999999997"} 1.49126918283e+11
go_gc_heap_frees_by_size_bytes_bucket{le="320.99999999999994"} 1.53984773037e+11
go_gc_heap_frees_by_size_bytes_bucket{le="704.9999999999999"} 1.54253907416e+11
go_gc_heap_frees_by_size_bytes_bucket{le="1536.9999999999998"} 1.54576893501e+11
go_gc_heap_frees_by_size_bytes_bucket{le="3200.9999999999995"} 1.54587684475e+11
go_gc_heap_frees_by_size_bytes_bucket{le="6528.999999999999"} 1.5460749931e+11
go_gc_heap_frees_by_size_bytes_bucket{le="13568.999999999998"} 1.54609124983e+11
go_gc_heap_frees_by_size_bytes_bucket{le="27264.999999999996"} 1.54611701963e+11
go_gc_heap_frees_by_size_bytes_bucket{le="+Inf"} 1.54619252026e+11
go_gc_heap_frees_by_size_bytes_sum 6.69621942972e+12
go_gc_heap_frees_by_size_bytes_count 1.54619252026e+11
# HELP go_gc_heap_frees_bytes_total Cumulative sum of heap memory freed by the garbage collector. Sourced from /gc/heap/frees:bytes.
# TYPE go_gc_heap_frees_bytes_total counter
go_gc_heap_frees_bytes_total 6.69621942972e+12
# HELP go_gc_heap_frees_objects_total Cumulative count of heap allocations whose storage was freed by the garbage collector. Note that this does not include tiny objects as defined by /gc/heap/tiny/allocs:objects, only tiny blocks. Sourced from /gc/heap/frees:objects.
# TYPE go_gc_heap_frees_objects_total counter
go_gc_heap_frees_objects_total 1.54619252026e+11
# HELP go_gc_heap_goal_bytes Heap size target for the end of the GC cycle. Sourced from /gc/heap/goal:bytes.
# TYPE go_gc_heap_goal_bytes gauge
go_gc_heap_goal_bytes 1.9696593e+08
# HELP go_gc_heap_live_bytes Heap memory occupied by live objects that were marked by the previous GC. Sourced from /gc/heap/live:bytes.
# TYPE go_gc_heap_live_bytes gauge
go_gc_heap_live_bytes 9.75722e+07
# HELP go_gc_heap_objects_objects Number of objects, live or unswept, occupying heap memory. Sourced from /gc/heap/objects:objects.
# TYPE go_gc_heap_objects_objects gauge
go_gc_heap_objects_objects 1.581767e+06
# HELP go_gc_heap_tiny_allocs_objects_total Count of small allocations that are packed together into blocks. These allocations are counted separately from other allocations because each individual allocation is not tracked by the runtime, only their block. Each block is already accounted for in allocs-by-size and frees-by-size. Sourced from /gc/heap/tiny/allocs:objects.
# TYPE go_gc_heap_tiny_allocs_objects_total counter
go_gc_heap_tiny_allocs_objects_total 1.4415590264e+10
# HELP go_gc_limiter_last_enabled_gc_cycle GC cycle the last time the GC CPU limiter was enabled. This metric is useful for diagnosing the root cause of an out-of-memory error, because the limiter trades memory for CPU time when the GC's CPU time gets too high. This is most likely to occur with use of SetMemoryLimit. The first GC cycle is cycle 1, so a value of 0 indicates that it was never enabled. Sourced from /gc/limiter/last-enabled:gc-cycle.
# TYPE go_gc_limiter_last_enabled_gc_cycle gauge
go_gc_limiter_last_enabled_gc_cycle 234399
# HELP go_gc_pauses_seconds Deprecated. Prefer the identical /sched/pauses/total/gc:seconds. Sourced from /gc/pauses:seconds.
# TYPE go_gc_pauses_seconds histogram
go_gc_pauses_seconds_bucket{le="6.399999999999999e-08"} 0
go_gc_pauses_seconds_bucket{le="6.399999999999999e-07"} 0
go_gc_pauses_seconds_bucket{le="7.167999999999999e-06"} 0
go_gc_pauses_seconds_bucket{le="8.191999999999999e-05"} 510
go_gc_pauses_seconds_bucket{le="0.0009175039999999999"} 476792
go_gc_pauses_seconds_bucket{le="0.010485759999999998"} 477923
go_gc_pauses_seconds_bucket{le="0.11744051199999998"} 477936
go_gc_pauses_seconds_bucket{le="+Inf"} 477936
go_gc_pauses_seconds_sum 40.194689024000006
go_gc_pauses_seconds_count 477936
# HELP go_gc_scan_globals_bytes The total amount of global variable space that is scannable. Sourced from /gc/scan/globals:bytes.
# TYPE go_gc_scan_globals_bytes gauge
go_gc_scan_globals_bytes 559130
# HELP go_gc_scan_heap_bytes The total amount of heap space that is scannable. Sourced from /gc/scan/heap:bytes.
# TYPE go_gc_scan_heap_bytes gauge
go_gc_scan_heap_bytes 9.4448472e+07
# HELP go_gc_scan_stack_bytes The number of bytes of stack that were scanned last GC cycle. Sourced from /gc/scan/stack:bytes.
# TYPE go_gc_scan_stack_bytes gauge
go_gc_scan_stack_bytes 1.2624e+06
# HELP go_gc_scan_total_bytes The total amount space that is scannable. Sum of all metrics in /gc/scan. Sourced from /gc/scan/total:bytes.
# TYPE go_gc_scan_total_bytes gauge
go_gc_scan_total_bytes 9.6270002e+07
# HELP go_gc_stack_starting_size_bytes The stack size of new goroutines. Sourced from /gc/stack/starting-size:bytes.
# TYPE go_gc_stack_starting_size_bytes gauge
go_gc_stack_starting_size_bytes 4096
# HELP go_godebug_non_default_behavior_allowmultiplevcs_events_total The number of non-default behaviors executed by the cmd/go package due to a non-default GODEBUG=allowmultiplevcs=... setting. Sourced from /godebug/non-default-behavior/allowmultiplevcs:events.
# TYPE go_godebug_non_default_behavior_allowmultiplevcs_events_total counter
go_godebug_non_default_behavior_allowmultiplevcs_events_total 0
# HELP go_godebug_non_default_behavior_asynctimerchan_events_total The number of non-default behaviors executed by the time package due to a non-default GODEBUG=asynctimerchan=... setting. Sourced from /godebug/non-default-behavior/asynctimerchan:events.
# TYPE go_godebug_non_default_behavior_asynctimerchan_events_total counter
go_godebug_non_default_behavior_asynctimerchan_events_total 0
# HELP go_godebug_non_default_behavior_containermaxprocs_events_total The number of non-default behaviors executed by the runtime package due to a non-default GODEBUG=containermaxprocs=... setting. Sourced from /godebug/non-default-behavior/containermaxprocs:events.
# TYPE go_godebug_non_default_behavior_containermaxprocs_events_total counter
go_godebug_non_default_behavior_containermaxprocs_events_total 0
# HELP go_godebug_non_default_behavior_embedfollowsymlinks_events_total The number of non-default behaviors executed by the cmd/go package due to a non-default GODEBUG=embedfollowsymlinks=... setting. Sourced from /godebug/non-default-behavior/embedfollowsymlinks:events.
# TYPE go_godebug_non_default_behavior_embedfollowsymlinks_events_total counter
go_godebug_non_default_behavior_embedfollowsymlinks_events_total 0
# HELP go_godebug_non_default_behavior_execerrdot_events_total The number of non-default behaviors executed by the os/exec package due to a non-default GODEBUG=execerrdot=... setting. Sourced from /godebug/non-default-behavior/execerrdot:events.
# TYPE go_godebug_non_default_behavior_execerrdot_events_total counter
go_godebug_non_default_behavior_execerrdot_events_total 0
# HELP go_godebug_non_default_behavior_gocachehash_events_total The number of non-default behaviors executed by the cmd/go package due to a non-default GODEBUG=gocachehash=... setting. Sourced from /godebug/non-default-behavior/gocachehash:events.
# TYPE go_godebug_non_default_behavior_gocachehash_events_total counter
go_godebug_non_default_behavior_gocachehash_events_total 0
# HELP go_godebug_non_default_behavior_gocachetest_events_total The number of non-default behaviors executed by the cmd/go package due to a non-default GODEBUG=gocachetest=... setting. Sourced from /godebug/non-default-behavior/gocachetest:events.
# TYPE go_godebug_non_default_behavior_gocachetest_events_total counter
go_godebug_non_default_behavior_gocachetest_events_total 0
# HELP go_godebug_non_default_behavior_gocacheverify_events_total The number of non-default behaviors executed by the cmd/go package due to a non-default GODEBUG=gocacheverify=... setting. Sourced from /godebug/non-default-behavior/gocacheverify:events.
# TYPE go_godebug_non_default_behavior_gocacheverify_events_total counter
go_godebug_non_default_behavior_gocacheverify_events_total 0
# HELP go_godebug_non_default_behavior_gotestjsonbuildtext_events_total The number of non-default behaviors executed by the cmd/go package due to a non-default GODEBUG=gotestjsonbuildtext=... setting. Sourced from /godebug/non-default-behavior/gotestjsonbuildtext:events.
# TYPE go_godebug_non_default_behavior_gotestjsonbuildtext_events_total counter
go_godebug_non_default_behavior_gotestjsonbuildtext_events_total 0
# HELP go_godebug_non_default_behavior_gotypesalias_events_total The number of non-default behaviors executed by the go/types package due to a non-default GODEBUG=gotypesalias=... setting. Sourced from /godebug/non-default-behavior/gotypesalias:events.
# TYPE go_godebug_non_default_behavior_gotypesalias_events_total counter
go_godebug_non_default_behavior_gotypesalias_events_total 0
# HELP go_godebug_non_default_behavior_htmlmetacontenturlescape_events_total The number of non-default behaviors executed by the html/template package due to a non-default GODEBUG=htmlmetacontenturlescape=... setting. Sourced from /godebug/non-default-behavior/htmlmetacontenturlescape:events.
# TYPE go_godebug_non_default_behavior_htmlmetacontenturlescape_events_total counter
go_godebug_non_default_behavior_htmlmetacontenturlescape_events_total 0
# HELP go_godebug_non_default_behavior_http2client_events_total The number of non-default behaviors executed by the net/http package due to a non-default GODEBUG=http2client=... setting. Sourced from /godebug/non-default-behavior/http2client:events.
# TYPE go_godebug_non_default_behavior_http2client_events_total counter
go_godebug_non_default_behavior_http2client_events_total 0
# HELP go_godebug_non_default_behavior_http2server_events_total The number of non-default behaviors executed by the net/http package due to a non-default GODEBUG=http2server=... setting. Sourced from /godebug/non-default-behavior/http2server:events.
# TYPE go_godebug_non_default_behavior_http2server_events_total counter
go_godebug_non_default_behavior_http2server_events_total 0
# HELP go_godebug_non_default_behavior_httpcookiemaxnum_events_total The number of non-default behaviors executed by the net/http package due to a non-default GODEBUG=httpcookiemaxnum=... setting. Sourced from /godebug/non-default-behavior/httpcookiemaxnum:events.
# TYPE go_godebug_non_default_behavior_httpcookiemaxnum_events_total counter
go_godebug_non_default_behavior_httpcookiemaxnum_events_total 0
# HELP go_godebug_non_default_behavior_httplaxcontentlength_events_total The number of non-default behaviors executed by the net/http package due to a non-default GODEBUG=httplaxcontentlength=... setting. Sourced from /godebug/non-default-behavior/httplaxcontentlength:events.
# TYPE go_godebug_non_default_behavior_httplaxcontentlength_events_total counter
go_godebug_non_default_behavior_httplaxcontentlength_events_total 0
# HELP go_godebug_non_default_behavior_httpmuxgo121_events_total The number of non-default behaviors executed by the net/http package due to a non-default GODEBUG=httpmuxgo121=... setting. Sourced from /godebug/non-default-behavior/httpmuxgo121:events.
# TYPE go_godebug_non_default_behavior_httpmuxgo121_events_total counter
go_godebug_non_default_behavior_httpmuxgo121_events_total 0
# HELP go_godebug_non_default_behavior_httpservecontentkeepheaders_events_total The number of non-default behaviors executed by the net/http package due to a non-default GODEBUG=httpservecontentkeepheaders=... setting. Sourced from /godebug/non-default-behavior/httpservecontentkeepheaders:events.
# TYPE go_godebug_non_default_behavior_httpservecontentkeepheaders_events_total counter
go_godebug_non_default_behavior_httpservecontentkeepheaders_events_total 0
# HELP go_godebug_non_default_behavior_installgoroot_events_total The number of non-default behaviors executed by the go/build package due to a non-default GODEBUG=installgoroot=... setting. Sourced from /godebug/non-default-behavior/installgoroot:events.
# TYPE go_godebug_non_default_behavior_installgoroot_events_total counter
go_godebug_non_default_behavior_installgoroot_events_total 0
# HELP go_godebug_non_default_behavior_multipartmaxheaders_events_total The number of non-default behaviors executed by the mime/multipart package due to a non-default GODEBUG=multipartmaxheaders=... setting. Sourced from /godebug/non-default-behavior/multipartmaxheaders:events.
# TYPE go_godebug_non_default_behavior_multipartmaxheaders_events_total counter
go_godebug_non_default_behavior_multipartmaxheaders_events_total 0
# HELP go_godebug_non_default_behavior_multipartmaxparts_events_total The number of non-default behaviors executed by the mime/multipart package due to a non-default GODEBUG=multipartmaxparts=... setting. Sourced from /godebug/non-default-behavior/multipartmaxparts:events.
# TYPE go_godebug_non_default_behavior_multipartmaxparts_events_total counter
go_godebug_non_default_behavior_multipartmaxparts_events_total 0
# HELP go_godebug_non_default_behavior_multipathtcp_events_total The number of non-default behaviors executed by the net package due to a non-default GODEBUG=multipathtcp=... setting. Sourced from /godebug/non-default-behavior/multipathtcp:events.
# TYPE go_godebug_non_default_behavior_multipathtcp_events_total counter
go_godebug_non_default_behavior_multipathtcp_events_total 0
# HELP go_godebug_non_default_behavior_netedns0_events_total The number of non-default behaviors executed by the net package due to a non-default GODEBUG=netedns0=... setting. Sourced from /godebug/non-default-behavior/netedns0:events.
# TYPE go_godebug_non_default_behavior_netedns0_events_total counter
go_godebug_non_default_behavior_netedns0_events_total 0
# HELP go_godebug_non_default_behavior_panicnil_events_total The number of non-default behaviors executed by the runtime package due to a non-default GODEBUG=panicnil=... setting. Sourced from /godebug/non-default-behavior/panicnil:events.
# TYPE go_godebug_non_default_behavior_panicnil_events_total counter
go_godebug_non_default_behavior_panicnil_events_total 0
# HELP go_godebug_non_default_behavior_randautoseed_events_total The number of non-default behaviors executed by the math/rand package due to a non-default GODEBUG=randautoseed=... setting. Sourced from /godebug/non-default-behavior/randautoseed:events.
# TYPE go_godebug_non_default_behavior_randautoseed_events_total counter
go_godebug_non_default_behavior_randautoseed_events_total 0
# HELP go_godebug_non_default_behavior_randseednop_events_total The number of non-default behaviors executed by the math/rand package due to a non-default GODEBUG=randseednop=... setting. Sourced from /godebug/non-default-behavior/randseednop:events.
# TYPE go_godebug_non_default_behavior_randseednop_events_total counter
go_godebug_non_default_behavior_randseednop_events_total 0
# HELP go_godebug_non_default_behavior_rsa1024min_events_total The number of non-default behaviors executed by the crypto/rsa package due to a non-default GODEBUG=rsa1024min=... setting. Sourced from /godebug/non-default-behavior/rsa1024min:events.
# TYPE go_godebug_non_default_behavior_rsa1024min_events_total counter
go_godebug_non_default_behavior_rsa1024min_events_total 0
# HELP go_godebug_non_default_behavior_tarinsecurepath_events_total The number of non-default behaviors executed by the archive/tar package due to a non-default GODEBUG=tarinsecurepath=... setting. Sourced from /godebug/non-default-behavior/tarinsecurepath:events.
# TYPE go_godebug_non_default_behavior_tarinsecurepath_events_total counter
go_godebug_non_default_behavior_tarinsecurepath_events_total 0
# HELP go_godebug_non_default_behavior_tls10server_events_total The number of non-default behaviors executed by the crypto/tls package due to a non-default GODEBUG=tls10server=... setting. Sourced from /godebug/non-default-behavior/tls10server:events.
# TYPE go_godebug_non_default_behavior_tls10server_events_total counter
go_godebug_non_default_behavior_tls10server_events_total 0
# HELP go_godebug_non_default_behavior_tls3des_events_total The number of non-default behaviors executed by the crypto/tls package due to a non-default GODEBUG=tls3des=... setting. Sourced from /godebug/non-default-behavior/tls3des:events.
# TYPE go_godebug_non_default_behavior_tls3des_events_total counter
go_godebug_non_default_behavior_tls3des_events_total 0
# HELP go_godebug_non_default_behavior_tlsmaxrsasize_events_total The number of non-default behaviors executed by the crypto/tls package due to a non-default GODEBUG=tlsmaxrsasize=... setting. Sourced from /godebug/non-default-behavior/tlsmaxrsasize:events.
# TYPE go_godebug_non_default_behavior_tlsmaxrsasize_events_total counter
go_godebug_non_default_behavior_tlsmaxrsasize_events_total 0
# HELP go_godebug_non_default_behavior_tlsrsakex_events_total The number of non-default behaviors executed by the crypto/tls package due to a non-default GODEBUG=tlsrsakex=... setting. Sourced from /godebug/non-default-behavior/tlsrsakex:events.
# TYPE go_godebug_non_default_behavior_tlsrsakex_events_total counter
go_godebug_non_default_behavior_tlsrsakex_events_total 0
# HELP go_godebug_non_default_behavior_tlssha1_events_total The number of non-default behaviors executed by the crypto/tls package due to a non-default GODEBUG=tlssha1=... setting. Sourced from /godebug/non-default-behavior/tlssha1:events.
# TYPE go_godebug_non_default_behavior_tlssha1_events_total counter
go_godebug_non_default_behavior_tlssha1_events_total 0
# HELP go_godebug_non_default_behavior_tlsunsafeekm_events_total The number of non-default behaviors executed by the crypto/tls package due to a non-default GODEBUG=tlsunsafeekm=... setting. Sourced from /godebug/non-default-behavior/tlsunsafeekm:events.
# TYPE go_godebug_non_default_behavior_tlsunsafeekm_events_total counter
go_godebug_non_default_behavior_tlsunsafeekm_events_total 0
# HELP go_godebug_non_default_behavior_updatemaxprocs_events_total The number of non-default behaviors executed by the runtime package due to a non-default GODEBUG=updatemaxprocs=... setting. Sourced from /godebug/non-default-behavior/updatemaxprocs:events.
# TYPE go_godebug_non_default_behavior_updatemaxprocs_events_total counter
go_godebug_non_default_behavior_updatemaxprocs_events_total 0
# HELP go_godebug_non_default_behavior_urlmaxqueryparams_events_total The number of non-default behaviors executed by the net/url package due to a non-default GODEBUG=urlmaxqueryparams=... setting. Sourced from /godebug/non-default-behavior/urlmaxqueryparams:events.
# TYPE go_godebug_non_default_behavior_urlmaxqueryparams_events_total counter
go_godebug_non_default_behavior_urlmaxqueryparams_events_total 0
# HELP go_godebug_non_default_behavior_winreadlinkvolume_events_total The number of non-default behaviors executed by the os package due to a non-default GODEBUG=winreadlinkvolume=... setting. Sourced from /godebug/non-default-behavior/winreadlinkvolume:events.
# TYPE go_godebug_non_default_behavior_winreadlinkvolume_events_total counter
go_godebug_non_default_behavior_winreadlinkvolume_events_total 0
# HELP go_godebug_non_default_behavior_winsymlink_events_total The number of non-default behaviors executed by the os package due to a non-default GODEBUG=winsymlink=... setting. Sourced from /godebug/non-default-behavior/winsymlink:events.
# TYPE go_godebug_non_default_behavior_winsymlink_events_total counter
go_godebug_non_default_behavior_winsymlink_events_total 0
# HELP go_godebug_non_default_behavior_x509keypairleaf_events_total The number of non-default behaviors executed by the crypto/tls package due to a non-default GODEBUG=x509keypairleaf=... setting. Sourced from /godebug/non-default-behavior/x509keypairleaf:events.
# TYPE go_godebug_non_default_behavior_x509keypairleaf_events_total counter
go_godebug_non_default_behavior_x509keypairleaf_events_total 0
# HELP go_godebug_non_default_behavior_x509negativeserial_events_total The number of non-default behaviors executed by the crypto/x509 package due to a non-default GODEBUG=x509negativeserial=... setting. Sourced from /godebug/non-default-behavior/x509negativeserial:events.
# TYPE go_godebug_non_default_behavior_x509negativeserial_events_total counter
go_godebug_non_default_behavior_x509negativeserial_events_total 0
# HELP go_godebug_non_default_behavior_x509rsacrt_events_total The number of non-default behaviors executed by the crypto/x509 package due to a non-default GODEBUG=x509rsacrt=... setting. Sourced from /godebug/non-default-behavior/x509rsacrt:events.
# TYPE go_godebug_non_default_behavior_x509rsacrt_events_total counter
go_godebug_non_default_behavior_x509rsacrt_events_total 0
# HELP go_godebug_non_default_behavior_x509sha256skid_events_total The number of non-default behaviors executed by the crypto/x509 package due to a non-default GODEBUG=x509sha256skid=... setting. Sourced from /godebug/non-default-behavior/x509sha256skid:events.
# TYPE go_godebug_non_default_behavior_x509sha256skid_events_total counter
go_godebug_non_default_behavior_x509sha256skid_events_total 0
# HELP go_godebug_non_default_behavior_x509usefallbackroots_events_total The number of non-default behaviors executed by the crypto/x509 package due to a non-default GODEBUG=x509usefallbackroots=... setting. Sourced from /godebug/non-default-behavior/x509usefallbackroots:events.
# TYPE go_godebug_non_default_behavior_x509usefallbackroots_events_total counter
go_godebug_non_default_behavior_x509usefallbackroots_events_total 0
# HELP go_godebug_non_default_behavior_x509usepolicies_events_total The number of non-default behaviors executed by the crypto/x509 package due to a non-default GODEBUG=x509usepolicies=... setting. Sourced from /godebug/non-default-behavior/x509usepolicies:events.
# TYPE go_godebug_non_default_behavior_x509usepolicies_events_total counter
go_godebug_non_default_behavior_x509usepolicies_events_total 0
# HELP go_godebug_non_default_behavior_zipinsecurepath_events_total The number of non-default behaviors executed by the archive/zip package due to a non-default GODEBUG=zipinsecurepath=... setting. Sourced from /godebug/non-default-behavior/zipinsecurepath:events.
# TYPE go_godebug_non_default_behavior_zipinsecurepath_events_total counter
go_godebug_non_default_behavior_zipinsecurepath_events_total 0
# HELP go_goroutines Number of goroutines that currently exist.
# TYPE go_goroutines gauge
go_goroutines 883
# HELP go_info Information about the Go environment.
# TYPE go_info gauge
go_info{version="go1.25.11"} 1
# HELP go_memory_classes_heap_free_bytes Memory that is completely free and eligible to be returned to the underlying system, but has not been. This metric is the runtime's estimate of free address space that is backed by physical memory. Sourced from /memory/classes/heap/free:bytes.
# TYPE go_memory_classes_heap_free_bytes gauge
go_memory_classes_heap_free_bytes 2.8729344e+07
# HELP go_memory_classes_heap_objects_bytes Memory occupied by live objects and dead objects that have not yet been marked free by the garbage collector. Sourced from /memory/classes/heap/objects:bytes.
# TYPE go_memory_classes_heap_objects_bytes gauge
go_memory_classes_heap_objects_bytes 1.5258288e+08
# HELP go_memory_classes_heap_released_bytes Memory that is completely free and has been returned to the underlying system. This metric is the runtime's estimate of free address space that is still mapped into the process, but is not backed by physical memory. Sourced from /memory/classes/heap/released:bytes.
# TYPE go_memory_classes_heap_released_bytes gauge
go_memory_classes_heap_released_bytes 6.406144e+08
# HELP go_memory_classes_heap_stacks_bytes Memory allocated from the heap that is reserved for stack space, whether or not it is currently in-use. Currently, this represents all stack memory for goroutines. It also includes all OS thread stacks in non-cgo programs. Note that stacks may be allocated differently in the future, and this may change. Sourced from /memory/classes/heap/stacks:bytes.
# TYPE go_memory_classes_heap_stacks_bytes gauge
go_memory_classes_heap_stacks_bytes 2.9687808e+07
# HELP go_memory_classes_heap_unused_bytes Memory that is reserved for heap objects but is not currently used to hold heap objects. Sourced from /memory/classes/heap/unused:bytes.
# TYPE go_memory_classes_heap_unused_bytes gauge
go_memory_classes_heap_unused_bytes 2.9189408e+07
# HELP go_memory_classes_metadata_mcache_free_bytes Memory that is reserved for runtime mcache structures, but not in-use. Sourced from /memory/classes/metadata/mcache/free:bytes.
# TYPE go_memory_classes_metadata_mcache_free_bytes gauge
go_memory_classes_metadata_mcache_free_bytes 12080
# HELP go_memory_classes_metadata_mcache_inuse_bytes Memory that is occupied by runtime mcache structures that are currently being used. Sourced from /memory/classes/metadata/mcache/inuse:bytes.
# TYPE go_memory_classes_metadata_mcache_inuse_bytes gauge
go_memory_classes_metadata_mcache_inuse_bytes 270592
# HELP go_memory_classes_metadata_mspan_free_bytes Memory that is reserved for runtime mspan structures, but not in-use. Sourced from /memory/classes/metadata/mspan/free:bytes.
# TYPE go_memory_classes_metadata_mspan_free_bytes gauge
go_memory_classes_metadata_mspan_free_bytes 7.01488e+06
# HELP go_memory_classes_metadata_mspan_inuse_bytes Memory that is occupied by runtime mspan structures that are currently being used. Sourced from /memory/classes/metadata/mspan/inuse:bytes.
# TYPE go_memory_classes_metadata_mspan_inuse_bytes gauge
go_memory_classes_metadata_mspan_inuse_bytes 4.13168e+06
# HELP go_memory_classes_metadata_other_bytes Memory that is reserved for or used to hold runtime metadata. Sourced from /memory/classes/metadata/other:bytes.
# TYPE go_memory_classes_metadata_other_bytes gauge
go_memory_classes_metadata_other_bytes 1.1644384e+07
# HELP go_memory_classes_os_stacks_bytes Stack memory allocated by the underlying operating system. In non-cgo programs this metric is currently zero. This may change in the future.In cgo programs this metric includes OS thread stacks allocated directly from the OS. Currently, this only accounts for one stack in c-shared and c-archive build modes, and other sources of stacks from the OS are not measured. This too may change in the future. Sourced from /memory/classes/os-stacks:bytes.
# TYPE go_memory_classes_os_stacks_bytes gauge
go_memory_classes_os_stacks_bytes 0
# HELP go_memory_classes_other_bytes Memory used by execution trace buffers, structures for debugging the runtime, finalizer and profiler specials, and more. Sourced from /memory/classes/other:bytes.
# TYPE go_memory_classes_other_bytes gauge
go_memory_classes_other_bytes 4.5916084e+07
# HELP go_memory_classes_profiling_buckets_bytes Memory that is used by the stack trace hash map used for profiling. Sourced from /memory/classes/profiling/buckets:bytes.
# TYPE go_memory_classes_profiling_buckets_bytes gauge
go_memory_classes_profiling_buckets_bytes 4.250324e+06
# HELP go_memory_classes_total_bytes All memory mapped by the Go runtime into the current process as read-write. Note that this does not include memory mapped by code called via cgo or via the syscall package. Sum of all metrics in /memory/classes. Sourced from /memory/classes/total:bytes.
# TYPE go_memory_classes_total_bytes gauge
go_memory_classes_total_bytes 9.54043864e+08
# HELP go_memstats_alloc_bytes Number of bytes allocated in heap and currently in use. Equals to /memory/classes/heap/objects:bytes.
# TYPE go_memstats_alloc_bytes gauge
go_memstats_alloc_bytes 1.5258288e+08
# HELP go_memstats_alloc_bytes_total Total number of bytes allocated in heap until now, even if released already. Equals to /gc/heap/allocs:bytes.
# TYPE go_memstats_alloc_bytes_total counter
go_memstats_alloc_bytes_total 6.6963720126e+12
# HELP go_memstats_buck_hash_sys_bytes Number of bytes used by the profiling bucket hash table. Equals to /memory/classes/profiling/buckets:bytes.
# TYPE go_memstats_buck_hash_sys_bytes gauge
go_memstats_buck_hash_sys_bytes 4.250324e+06
# HELP go_memstats_frees_total Total number of heap objects frees. Equals to /gc/heap/frees:objects + /gc/heap/tiny/allocs:objects.
# TYPE go_memstats_frees_total counter
go_memstats_frees_total 1.6903484229e+11
# HELP go_memstats_gc_sys_bytes Number of bytes used for garbage collection system metadata. Equals to /memory/classes/metadata/other:bytes.
# TYPE go_memstats_gc_sys_bytes gauge
go_memstats_gc_sys_bytes 1.1644384e+07
# HELP go_memstats_heap_alloc_bytes Number of heap bytes allocated and currently in use, same as go_memstats_alloc_bytes. Equals to /memory/classes/heap/objects:bytes.
# TYPE go_memstats_heap_alloc_bytes gauge
go_memstats_heap_alloc_bytes 1.5258288e+08
# HELP go_memstats_heap_idle_bytes Number of heap bytes waiting to be used. Equals to /memory/classes/heap/released:bytes + /memory/classes/heap/free:bytes.
# TYPE go_memstats_heap_idle_bytes gauge
go_memstats_heap_idle_bytes 6.69343744e+08
# HELP go_memstats_heap_inuse_bytes Number of heap bytes that are in use. Equals to /memory/classes/heap/objects:bytes + /memory/classes/heap/unused:bytes
# TYPE go_memstats_heap_inuse_bytes gauge
go_memstats_heap_inuse_bytes 1.81772288e+08
# HELP go_memstats_heap_objects Number of currently allocated objects. Equals to /gc/heap/objects:objects.
# TYPE go_memstats_heap_objects gauge
go_memstats_heap_objects 1.581767e+06
# HELP go_memstats_heap_released_bytes Number of heap bytes released to OS. Equals to /memory/classes/heap/released:bytes.
# TYPE go_memstats_heap_released_bytes gauge
go_memstats_heap_released_bytes 6.406144e+08
# HELP go_memstats_heap_sys_bytes Number of heap bytes obtained from system. Equals to /memory/classes/heap/objects:bytes + /memory/classes/heap/unused:bytes + /memory/classes/heap/released:bytes + /memory/classes/heap/free:bytes.
# TYPE go_memstats_heap_sys_bytes gauge
go_memstats_heap_sys_bytes 8.51116032e+08
# HELP go_memstats_last_gc_time_seconds Number of seconds since 1970 of last garbage collection.
# TYPE go_memstats_last_gc_time_seconds gauge
go_memstats_last_gc_time_seconds 1.7873570352609642e+09
# HELP go_memstats_mallocs_total Total number of heap objects allocated, both live and gc-ed. Semantically a counter version for go_memstats_heap_objects gauge. Equals to /gc/heap/allocs:objects + /gc/heap/tiny/allocs:objects.
# TYPE go_memstats_mallocs_total counter
go_memstats_mallocs_total 1.69036424057e+11
# HELP go_memstats_mcache_inuse_bytes Number of bytes in use by mcache structures. Equals to /memory/classes/metadata/mcache/inuse:bytes.
# TYPE go_memstats_mcache_inuse_bytes gauge
go_memstats_mcache_inuse_bytes 270592
# HELP go_memstats_mcache_sys_bytes Number of bytes used for mcache structures obtained from system. Equals to /memory/classes/metadata/mcache/inuse:bytes + /memory/classes/metadata/mcache/free:bytes.
# TYPE go_memstats_mcache_sys_bytes gauge
go_memstats_mcache_sys_bytes 282672
# HELP go_memstats_mspan_inuse_bytes Number of bytes in use by mspan structures. Equals to /memory/classes/metadata/mspan/inuse:bytes.
# TYPE go_memstats_mspan_inuse_bytes gauge
go_memstats_mspan_inuse_bytes 4.13168e+06
# HELP go_memstats_mspan_sys_bytes Number of bytes used for mspan structures obtained from system. Equals to /memory/classes/metadata/mspan/inuse:bytes + /memory/classes/metadata/mspan/free:bytes.
# TYPE go_memstats_mspan_sys_bytes gauge
go_memstats_mspan_sys_bytes 1.114656e+07
# HELP go_memstats_next_gc_bytes Number of heap bytes when next garbage collection will take place. Equals to /gc/heap/goal:bytes.
# TYPE go_memstats_next_gc_bytes gauge
go_memstats_next_gc_bytes 1.9696593e+08
# HELP go_memstats_other_sys_bytes Number of bytes used for other system allocations. Equals to /memory/classes/other:bytes.
# TYPE go_memstats_other_sys_bytes gauge
go_memstats_other_sys_bytes 4.5916084e+07
# HELP go_memstats_stack_inuse_bytes Number of bytes obtained from system for stack allocator in non-CGO environments. Equals to /memory/classes/heap/stacks:bytes.
# TYPE go_memstats_stack_inuse_bytes gauge
go_memstats_stack_inuse_bytes 2.9687808e+07
# HELP go_memstats_stack_sys_bytes Number of bytes obtained from system for stack allocator. Equals to /memory/classes/heap/stacks:bytes + /memory/classes/os-stacks:bytes.
# TYPE go_memstats_stack_sys_bytes gauge
go_memstats_stack_sys_bytes 2.9687808e+07
# HELP go_memstats_sys_bytes Number of bytes obtained from system. Equals to /memory/classes/total:byte.
# TYPE go_memstats_sys_bytes gauge
go_memstats_sys_bytes 9.54043864e+08
# HELP go_sched_gomaxprocs_threads The current runtime.GOMAXPROCS setting, or the number of operating system threads that can execute user-level Go code simultaneously. Sourced from /sched/gomaxprocs:threads.
# TYPE go_sched_gomaxprocs_threads gauge
go_sched_gomaxprocs_threads 224
# HELP go_sched_goroutines_goroutines Count of live goroutines. Sourced from /sched/goroutines:goroutines.
# TYPE go_sched_goroutines_goroutines gauge
go_sched_goroutines_goroutines 883
# HELP go_sched_latencies_seconds Distribution of the time goroutines have spent in the scheduler in a runnable state before actually running. Bucket counts increase monotonically. Sourced from /sched/latencies:seconds.
# TYPE go_sched_latencies_seconds histogram
go_sched_latencies_seconds_bucket{le="6.399999999999999e-08"} 1.88004969e+08
go_sched_latencies_seconds_bucket{le="6.399999999999999e-07"} 2.26639953e+08
go_sched_latencies_seconds_bucket{le="7.167999999999999e-06"} 3.60466056e+08
go_sched_latencies_seconds_bucket{le="8.191999999999999e-05"} 4.15339941e+08
go_sched_latencies_seconds_bucket{le="0.0009175039999999999"} 4.21419365e+08
go_sched_latencies_seconds_bucket{le="0.010485759999999998"} 4.2262626e+08
go_sched_latencies_seconds_bucket{le="0.11744051199999998"} 4.22632197e+08
go_sched_latencies_seconds_bucket{le="+Inf"} 4.22632197e+08
go_sched_latencies_seconds_sum 2149.068713856
go_sched_latencies_seconds_count 4.22632197e+08
# HELP go_sched_pauses_stopping_gc_seconds Distribution of individual GC-related stop-the-world stopping latencies. This is the time it takes from deciding to stop the world until all Ps are stopped. This is a subset of the total GC-related stop-the-world time (/sched/pauses/total/gc:seconds). During this time, some threads may be executing. Bucket counts increase monotonically. Sourced from /sched/pauses/stopping/gc:seconds.
# TYPE go_sched_pauses_stopping_gc_seconds histogram
go_sched_pauses_stopping_gc_seconds_bucket{le="6.399999999999999e-08"} 0
go_sched_pauses_stopping_gc_seconds_bucket{le="6.399999999999999e-07"} 0
go_sched_pauses_stopping_gc_seconds_bucket{le="7.167999999999999e-06"} 0
go_sched_pauses_stopping_gc_seconds_bucket{le="8.191999999999999e-05"} 216740
go_sched_pauses_stopping_gc_seconds_bucket{le="0.0009175039999999999"} 477287
go_sched_pauses_stopping_gc_seconds_bucket{le="0.010485759999999998"} 477926
go_sched_pauses_stopping_gc_seconds_bucket{le="0.11744051199999998"} 477936
go_sched_pauses_stopping_gc_seconds_bucket{le="+Inf"} 477936
go_sched_pauses_stopping_gc_seconds_sum 23.588745216
go_sched_pauses_stopping_gc_seconds_count 477936
# HELP go_sched_pauses_stopping_other_seconds Distribution of individual non-GC-related stop-the-world stopping latencies. This is the time it takes from deciding to stop the world until all Ps are stopped. This is a subset of the total non-GC-related stop-the-world time (/sched/pauses/total/other:seconds). During this time, some threads may be executing. Bucket counts increase monotonically. Sourced from /sched/pauses/stopping/other:seconds.
# TYPE go_sched_pauses_stopping_other_seconds histogram
go_sched_pauses_stopping_other_seconds_bucket{le="6.399999999999999e-08"} 0
go_sched_pauses_stopping_other_seconds_bucket{le="6.399999999999999e-07"} 0
go_sched_pauses_stopping_other_seconds_bucket{le="7.167999999999999e-06"} 0
go_sched_pauses_stopping_other_seconds_bucket{le="8.191999999999999e-05"} 0
go_sched_pauses_stopping_other_seconds_bucket{le="0.0009175039999999999"} 0
go_sched_pauses_stopping_other_seconds_bucket{le="0.010485759999999998"} 0
go_sched_pauses_stopping_other_seconds_bucket{le="0.11744051199999998"} 0
go_sched_pauses_stopping_other_seconds_bucket{le="+Inf"} 0
go_sched_pauses_stopping_other_seconds_sum 0
go_sched_pauses_stopping_other_seconds_count 0
# HELP go_sched_pauses_total_gc_seconds Distribution of individual GC-related stop-the-world pause latencies. This is the time from deciding to stop the world until the world is started again. Some of this time is spent getting all threads to stop (this is measured directly in /sched/pauses/stopping/gc:seconds), during which some threads may still be running. Bucket counts increase monotonically. Sourced from /sched/pauses/total/gc:seconds.
# TYPE go_sched_pauses_total_gc_seconds histogram
go_sched_pauses_total_gc_seconds_bucket{le="6.399999999999999e-08"} 0
go_sched_pauses_total_gc_seconds_bucket{le="6.399999999999999e-07"} 0
go_sched_pauses_total_gc_seconds_bucket{le="7.167999999999999e-06"} 0
go_sched_pauses_total_gc_seconds_bucket{le="8.191999999999999e-05"} 510
go_sched_pauses_total_gc_seconds_bucket{le="0.0009175039999999999"} 476792
go_sched_pauses_total_gc_seconds_bucket{le="0.010485759999999998"} 477923
go_sched_pauses_total_gc_seconds_bucket{le="0.11744051199999998"} 477936
go_sched_pauses_total_gc_seconds_bucket{le="+Inf"} 477936
go_sched_pauses_total_gc_seconds_sum 40.194689024000006
go_sched_pauses_total_gc_seconds_count 477936
# HELP go_sched_pauses_total_other_seconds Distribution of individual non-GC-related stop-the-world pause latencies. This is the time from deciding to stop the world until the world is started again. Some of this time is spent getting all threads to stop (measured directly in /sched/pauses/stopping/other:seconds). Bucket counts increase monotonically. Sourced from /sched/pauses/total/other:seconds.
# TYPE go_sched_pauses_total_other_seconds histogram
go_sched_pauses_total_other_seconds_bucket{le="6.399999999999999e-08"} 0
go_sched_pauses_total_other_seconds_bucket{le="6.399999999999999e-07"} 0
go_sched_pauses_total_other_seconds_bucket{le="7.167999999999999e-06"} 0
go_sched_pauses_total_other_seconds_bucket{le="8.191999999999999e-05"} 0
go_sched_pauses_total_other_seconds_bucket{le="0.0009175039999999999"} 0
go_sched_pauses_total_other_seconds_bucket{le="0.010485759999999998"} 0
go_sched_pauses_total_other_seconds_bucket{le="0.11744051199999998"} 0
go_sched_pauses_total_other_seconds_bucket{le="+Inf"} 0
go_sched_pauses_total_other_seconds_sum 0
go_sched_pauses_total_other_seconds_count 0
# HELP go_sync_mutex_wait_total_seconds_total Approximate cumulative time goroutines have spent blocked on a sync.Mutex, sync.RWMutex, or runtime-internal lock. This metric is useful for identifying global changes in lock contention. Collect a mutex or block profile using the runtime/pprof package for more detailed contention data. Sourced from /sync/mutex/wait/total:seconds.
# TYPE go_sync_mutex_wait_total_seconds_total counter
go_sync_mutex_wait_total_seconds_total 81658.436319784
# HELP go_threads Number of OS threads created.
# TYPE go_threads gauge
go_threads 297
# HELP inference_extension_flow_control_dispatch_cycle_duration_seconds [ALPHA] [Deprecated: Use llm_d_epp_flow_control_dispatch_cycle_duration_seconds] Distribution of time taken for each internal dispatch cycle in the Flow Control layer.
# TYPE inference_extension_flow_control_dispatch_cycle_duration_seconds histogram
inference_extension_flow_control_dispatch_cycle_duration_seconds_bucket{le="0.0001"} 3.60537198e+08
inference_extension_flow_control_dispatch_cycle_duration_seconds_bucket{le="0.0002"} 3.60666406e+08
inference_extension_flow_control_dispatch_cycle_duration_seconds_bucket{le="0.0005"} 3.60738348e+08
inference_extension_flow_control_dispatch_cycle_duration_seconds_bucket{le="0.001"} 3.60752705e+08
inference_extension_flow_control_dispatch_cycle_duration_seconds_bucket{le="0.002"} 3.60758448e+08
inference_extension_flow_control_dispatch_cycle_duration_seconds_bucket{le="0.005"} 3.60762794e+08
inference_extension_flow_control_dispatch_cycle_duration_seconds_bucket{le="0.01"} 3.60763547e+08
inference_extension_flow_control_dispatch_cycle_duration_seconds_bucket{le="0.02"} 3.60763846e+08
inference_extension_flow_control_dispatch_cycle_duration_seconds_bucket{le="0.05"} 3.60763967e+08
inference_extension_flow_control_dispatch_cycle_duration_seconds_bucket{le="0.1"} 3.60763987e+08
inference_extension_flow_control_dispatch_cycle_duration_seconds_bucket{le="+Inf"} 3.60763992e+08
inference_extension_flow_control_dispatch_cycle_duration_seconds_sum 706.1952623668857
inference_extension_flow_control_dispatch_cycle_duration_seconds_count 3.60763992e+08
# HELP inference_extension_flow_control_pool_saturation [ALPHA] [Deprecated: Use llm_d_epp_flow_control_pool_saturation] Current saturation level of the inference pool (0.0 = empty, 1.0 = fully saturated).
# TYPE inference_extension_flow_control_pool_saturation gauge
inference_extension_flow_control_pool_saturation{inference_pool="qwen-qwe-3db867ce-en3-0-6b-router"} 0.08830950378469302
# HELP inference_extension_flow_control_queue_bytes [ALPHA] [Deprecated: Use llm_d_epp_flow_control_queue_bytes] Current total size in bytes of requests actively held in the Flow Control queue.
# TYPE inference_extension_flow_control_queue_bytes gauge
inference_extension_flow_control_queue_bytes{fairness_id="default-flow",inference_pool="qwen-qwe-3db867ce-en3-0-6b-router",model_name="Qwen/Qwen3-0.6B",priority="0",target_model_name="Qwen/Qwen3-0.6B"} 0
# HELP inference_extension_flow_control_queue_size [ALPHA] [Deprecated: Use llm_d_epp_flow_control_queue_size] Current number of requests actively held in the Flow Control queue.
# TYPE inference_extension_flow_control_queue_size gauge
inference_extension_flow_control_queue_size{fairness_id="default-flow",inference_pool="qwen-qwe-3db867ce-en3-0-6b-router",model_name="Qwen/Qwen3-0.6B",priority="0",target_model_name="Qwen/Qwen3-0.6B"} 0
# HELP inference_extension_flow_control_request_enqueue_duration_seconds [ALPHA] [Deprecated: Use llm_d_epp_flow_control_request_enqueue_duration_seconds] Distribution of time taken to enqueue requests into the Flow Control layer.
# TYPE inference_extension_flow_control_request_enqueue_duration_seconds histogram
inference_extension_flow_control_request_enqueue_duration_seconds_bucket{fairness_id="default-flow",outcome="NotYetFinalized",priority="0",le="0.0001"} 194301
inference_extension_flow_control_request_enqueue_duration_seconds_bucket{fairness_id="default-flow",outcome="NotYetFinalized",priority="0",le="0.0002"} 194578
inference_extension_flow_control_request_enqueue_duration_seconds_bucket{fairness_id="default-flow",outcome="NotYetFinalized",priority="0",le="0.0005"} 194644
inference_extension_flow_control_request_enqueue_duration_seconds_bucket{fairness_id="default-flow",outcome="NotYetFinalized",priority="0",le="0.001"} 194658
inference_extension_flow_control_request_enqueue_duration_seconds_bucket{fairness_id="default-flow",outcome="NotYetFinalized",priority="0",le="0.002"} 194675
inference_extension_flow_control_request_enqueue_duration_seconds_bucket{fairness_id="default-flow",outcome="NotYetFinalized",priority="0",le="0.005"} 194686
inference_extension_flow_control_request_enqueue_duration_seconds_bucket{fairness_id="default-flow",outcome="NotYetFinalized",priority="0",le="0.01"} 194687
inference_extension_flow_control_request_enqueue_duration_seconds_bucket{fairness_id="default-flow",outcome="NotYetFinalized",priority="0",le="0.02"} 194687
inference_extension_flow_control_request_enqueue_duration_seconds_bucket{fairness_id="default-flow",outcome="NotYetFinalized",priority="0",le="0.05"} 194687
inference_extension_flow_control_request_enqueue_duration_seconds_bucket{fairness_id="default-flow",outcome="NotYetFinalized",priority="0",le="0.1"} 194687
inference_extension_flow_control_request_enqueue_duration_seconds_bucket{fairness_id="default-flow",outcome="NotYetFinalized",priority="0",le="+Inf"} 194687
inference_extension_flow_control_request_enqueue_duration_seconds_sum{fairness_id="default-flow",outcome="NotYetFinalized",priority="0"} 1.4325855940000092
inference_extension_flow_control_request_enqueue_duration_seconds_count{fairness_id="default-flow",outcome="NotYetFinalized",priority="0"} 194687
# HELP inference_extension_flow_control_request_queue_duration_seconds [ALPHA] [Deprecated: Use llm_d_epp_flow_control_request_queue_duration_seconds] Distribution of total time requests spend in the Flow Control layer (from enqueue to final outcome).
# TYPE inference_extension_flow_control_request_queue_duration_seconds histogram
inference_extension_flow_control_request_queue_duration_seconds_bucket{fairness_id="default-flow",inference_pool="qwen-qwe-3db867ce-en3-0-6b-router",model_name="Qwen/Qwen3-0.6B",outcome="Dispatched",priority="0",target_model_name="Qwen/Qwen3-0.6B",le="0.0001"} 160508
inference_extension_flow_control_request_queue_duration_seconds_bucket{fairness_id="default-flow",inference_pool="qwen-qwe-3db867ce-en3-0-6b-router",model_name="Qwen/Qwen3-0.6B",outcome="Dispatched",priority="0",target_model_name="Qwen/Qwen3-0.6B",le="0.0005"} 163033
inference_extension_flow_control_request_queue_duration_seconds_bucket{fairness_id="default-flow",inference_pool="qwen-qwe-3db867ce-en3-0-6b-router",model_name="Qwen/Qwen3-0.6B",outcome="Dispatched",priority="0",target_model_name="Qwen/Qwen3-0.6B",le="0.001"} 163288
inference_extension_flow_control_request_queue_duration_seconds_bucket{fairness_id="default-flow",inference_pool="qwen-qwe-3db867ce-en3-0-6b-router",model_name="Qwen/Qwen3-0.6B",outcome="Dispatched",priority="0",target_model_name="Qwen/Qwen3-0.6B",le="0.005"} 163500
inference_extension_flow_control_request_queue_duration_seconds_bucket{fairness_id="default-flow",inference_pool="qwen-qwe-3db867ce-en3-0-6b-router",model_name="Qwen/Qwen3-0.6B",outcome="Dispatched",priority="0",target_model_name="Qwen/Qwen3-0.6B",le="0.01"} 163529
inference_extension_flow_control_request_queue_duration_seconds_bucket{fairness_id="default-flow",inference_pool="qwen-qwe-3db867ce-en3-0-6b-router",model_name="Qwen/Qwen3-0.6B",outcome="Dispatched",priority="0",target_model_name="Qwen/Qwen3-0.6B",le="0.025"} 163566
inference_extension_flow_control_request_queue_duration_seconds_bucket{fairness_id="default-flow",inference_pool="qwen-qwe-3db867ce-en3-0-6b-router",model_name="Qwen/Qwen3-0.6B",outcome="Dispatched",priority="0",target_model_name="Qwen/Qwen3-0.6B",le="0.05"} 163634
inference_extension_flow_control_request_queue_duration_seconds_bucket{fairness_id="default-flow",inference_pool="qwen-qwe-3db867ce-en3-0-6b-router",model_name="Qwen/Qwen3-0.6B",outcome="Dispatched",priority="0",target_model_name="Qwen/Qwen3-0.6B",le="0.1"} 163785
inference_extension_flow_control_request_queue_duration_seconds_bucket{fairness_id="default-flow",inference_pool="qwen-qwe-3db867ce-en3-0-6b-router",model_name="Qwen/Qwen3-0.6B",outcome="Dispatched",priority="0",target_model_name="Qwen/Qwen3-0.6B",le="0.25"} 164155
inference_extension_flow_control_request_queue_duration_seconds_bucket{fairness_id="default-flow",inference_pool="qwen-qwe-3db867ce-en3-0-6b-router",model_name="Qwen/Qwen3-0.6B",outcome="Dispatched",priority="0",target_model_name="Qwen/Qwen3-0.6B",le="0.5"} 164648
inference_extension_flow_control_request_queue_duration_seconds_bucket{fairness_id="default-flow",inference_pool="qwen-qwe-3db867ce-en3-0-6b-router",model_name="Qwen/Qwen3-0.6B",outcome="Dispatched",priority="0",target_model_name="Qwen/Qwen3-0.6B",le="1"} 165493
inference_extension_flow_control_request_queue_duration_seconds_bucket{fairness_id="default-flow",inference_pool="qwen-qwe-3db867ce-en3-0-6b-router",model_name="Qwen/Qwen3-0.6B",outcome="Dispatched",priority="0",target_model_name="Qwen/Qwen3-0.6B",le="2.5"} 167487
inference_extension_flow_control_request_queue_duration_seconds_bucket{fairness_id="default-flow",inference_pool="qwen-qwe-3db867ce-en3-0-6b-router",model_name="Qwen/Qwen3-0.6B",outcome="Dispatched",priority="0",target_model_name="Qwen/Qwen3-0.6B",le="5"} 170401
inference_extension_flow_control_request_queue_duration_seconds_bucket{fairness_id="default-flow",inference_pool="qwen-qwe-3db867ce-en3-0-6b-router",model_name="Qwen/Qwen3-0.6B",outcome="Dispatched",priority="0",target_model_name="Qwen/Qwen3-0.6B",le="10"} 174477
inference_extension_flow_control_request_queue_duration_seconds_bucket{fairness_id="default-flow",inference_pool="qwen-qwe-3db867ce-en3-0-6b-router",model_name="Qwen/Qwen3-0.6B",outcome="Dispatched",priority="0",target_model_name="Qwen/Qwen3-0.6B",le="30"} 182482
inference_extension_flow_control_request_queue_duration_seconds_bucket{fairness_id="default-flow",inference_pool="qwen-qwe-3db867ce-en3-0-6b-router",model_name="Qwen/Qwen3-0.6B",outcome="Dispatched",priority="0",target_model_name="Qwen/Qwen3-0.6B",le="60"} 189101
inference_extension_flow_control_request_queue_duration_seconds_bucket{fairness_id="default-flow",inference_pool="qwen-qwe-3db867ce-en3-0-6b-router",model_name="Qwen/Qwen3-0.6B",outcome="Dispatched",priority="0",target_model_name="Qwen/Qwen3-0.6B",le="+Inf"} 194141
inference_extension_flow_control_request_queue_duration_seconds_sum{fairness_id="default-flow",inference_pool="qwen-qwe-3db867ce-en3-0-6b-router",model_name="Qwen/Qwen3-0.6B",outcome="Dispatched",priority="0",target_model_name="Qwen/Qwen3-0.6B"} 887081.520848407
inference_extension_flow_control_request_queue_duration_seconds_count{fairness_id="default-flow",inference_pool="qwen-qwe-3db867ce-en3-0-6b-router",model_name="Qwen/Qwen3-0.6B",outcome="Dispatched",priority="0",target_model_name="Qwen/Qwen3-0.6B"} 194141
inference_extension_flow_control_request_queue_duration_seconds_bucket{fairness_id="default-flow",inference_pool="qwen-qwe-3db867ce-en3-0-6b-router",model_name="Qwen/Qwen3-0.6B",outcome="EvictedContextCancelled",priority="0",target_model_name="Qwen/Qwen3-0.6B",le="0.0001"} 0
inference_extension_flow_control_request_queue_duration_seconds_bucket{fairness_id="default-flow",inference_pool="qwen-qwe-3db867ce-en3-0-6b-router",model_name="Qwen/Qwen3-0.6B",outcome="EvictedContextCancelled",priority="0",target_model_name="Qwen/Qwen3-0.6B",le="0.0005"} 0
inference_extension_flow_control_request_queue_duration_seconds_bucket{fairness_id="default-flow",inference_pool="qwen-qwe-3db867ce-en3-0-6b-router",model_name="Qwen/Qwen3-0.6B",outcome="EvictedContextCancelled",priority="0",target_model_name="Qwen/Qwen3-0.6B",le="0.001"} 0
inference_extension_flow_control_request_queue_duration_seconds_bucket{fairness_id="default-flow",inference_pool="qwen-qwe-3db867ce-en3-0-6b-router",model_name="Qwen/Qwen3-0.6B",outcome="EvictedContextCancelled",priority="0",target_model_name="Qwen/Qwen3-0.6B",le="0.005"} 0
inference_extension_flow_control_request_queue_duration_seconds_bucket{fairness_id="default-flow",inference_pool="qwen-qwe-3db867ce-en3-0-6b-router",model_name="Qwen/Qwen3-0.6B",outcome="EvictedContextCancelled",priority="0",target_model_name="Qwen/Qwen3-0.6B",le="0.01"} 0
inference_extension_flow_control_request_queue_duration_seconds_bucket{fairness_id="default-flow",inference_pool="qwen-qwe-3db867ce-en3-0-6b-router",model_name="Qwen/Qwen3-0.6B",outcome="EvictedContextCancelled",priority="0",target_model_name="Qwen/Qwen3-0.6B",le="0.025"} 0
inference_extension_flow_control_request_queue_duration_seconds_bucket{fairness_id="default-flow",inference_pool="qwen-qwe-3db867ce-en3-0-6b-router",model_name="Qwen/Qwen3-0.6B",outcome="EvictedContextCancelled",priority="0",target_model_name="Qwen/Qwen3-0.6B",le="0.05"} 0
inference_extension_flow_control_request_queue_duration_seconds_bucket{fairness_id="default-flow",inference_pool="qwen-qwe-3db867ce-en3-0-6b-router",model_name="Qwen/Qwen3-0.6B",outcome="EvictedContextCancelled",priority="0",target_model_name="Qwen/Qwen3-0.6B",le="0.1"} 0
inference_extension_flow_control_request_queue_duration_seconds_bucket{fairness_id="default-flow",inference_pool="qwen-qwe-3db867ce-en3-0-6b-router",model_name="Qwen/Qwen3-0.6B",outcome="EvictedContextCancelled",priority="0",target_model_name="Qwen/Qwen3-0.6B",le="0.25"} 1
inference_extension_flow_control_request_queue_duration_seconds_bucket{fairness_id="default-flow",inference_pool="qwen-qwe-3db867ce-en3-0-6b-router",model_name="Qwen/Qwen3-0.6B",outcome="EvictedContextCancelled",priority="0",target_model_name="Qwen/Qwen3-0.6B",le="0.5"} 5
inference_extension_flow_control_request_queue_duration_seconds_bucket{fairness_id="default-flow",inference_pool="qwen-qwe-3db867ce-en3-0-6b-router",model_name="Qwen/Qwen3-0.6B",outcome="EvictedContextCancelled",priority="0",target_model_name="Qwen/Qwen3-0.6B",le="1"} 13
inference_extension_flow_control_request_queue_duration_seconds_bucket{fairness_id="default-flow",inference_pool="qwen-qwe-3db867ce-en3-0-6b-router",model_name="Qwen/Qwen3-0.6B",outcome="EvictedContextCancelled",priority="0",target_model_name="Qwen/Qwen3-0.6B",le="2.5"} 30
inference_extension_flow_control_request_queue_duration_seconds_bucket{fairness_id="default-flow",inference_pool="qwen-qwe-3db867ce-en3-0-6b-router",model_name="Qwen/Qwen3-0.6B",outcome="EvictedContextCancelled",priority="0",target_model_name="Qwen/Qwen3-0.6B",le="5"} 57
inference_extension_flow_control_request_queue_duration_seconds_bucket{fairness_id="default-flow",inference_pool="qwen-qwe-3db867ce-en3-0-6b-router",model_name="Qwen/Qwen3-0.6B",outcome="EvictedContextCancelled",priority="0",target_model_name="Qwen/Qwen3-0.6B",le="10"} 86
inference_extension_flow_control_request_queue_duration_seconds_bucket{fairness_id="default-flow",inference_pool="qwen-qwe-3db867ce-en3-0-6b-router",model_name="Qwen/Qwen3-0.6B",outcome="EvictedContextCancelled",priority="0",target_model_name="Qwen/Qwen3-0.6B",le="30"} 241
inference_extension_flow_control_request_queue_duration_seconds_bucket{fairness_id="default-flow",inference_pool="qwen-qwe-3db867ce-en3-0-6b-router",model_name="Qwen/Qwen3-0.6B",outcome="EvictedContextCancelled",priority="0",target_model_name="Qwen/Qwen3-0.6B",le="60"} 546
inference_extension_flow_control_request_queue_duration_seconds_bucket{fairness_id="default-flow",inference_pool="qwen-qwe-3db867ce-en3-0-6b-router",model_name="Qwen/Qwen3-0.6B",outcome="EvictedContextCancelled",priority="0",target_model_name="Qwen/Qwen3-0.6B",le="+Inf"} 546
inference_extension_flow_control_request_queue_duration_seconds_sum{fairness_id="default-flow",inference_pool="qwen-qwe-3db867ce-en3-0-6b-router",model_name="Qwen/Qwen3-0.6B",outcome="EvictedContextCancelled",priority="0",target_model_name="Qwen/Qwen3-0.6B"} 17210.899324476995
inference_extension_flow_control_request_queue_duration_seconds_count{fairness_id="default-flow",inference_pool="qwen-qwe-3db867ce-en3-0-6b-router",model_name="Qwen/Qwen3-0.6B",outcome="EvictedContextCancelled",priority="0",target_model_name="Qwen/Qwen3-0.6B"} 546
# HELP inference_extension_info [ALPHA] General information of the current build of Inference Extension.
# TYPE inference_extension_info gauge
inference_extension_info{build_ref="v0.9.0",commit="5f4e762f341a5196393ce79f8a57c3e1900c4a6b"} 1
# HELP inference_extension_plugin_duration_seconds [ALPHA] [Deprecated: Use llm_d_epp_plugin_duration_seconds] Plugin processing latency distribution in seconds for each extension point, plugin type and plugin name.
# TYPE inference_extension_plugin_duration_seconds histogram
inference_extension_plugin_duration_seconds_bucket{extension_point="DataProducer",plugin_name="approx-prefix-cache-producer",plugin_type="approx-prefix-cache-producer",le="0.0001"} 189231
inference_extension_plugin_duration_seconds_bucket{extension_point="DataProducer",plugin_name="approx-prefix-cache-producer",plugin_type="approx-prefix-cache-producer",le="0.0002"} 192229
inference_extension_plugin_duration_seconds_bucket{extension_point="DataProducer",plugin_name="approx-prefix-cache-producer",plugin_type="approx-prefix-cache-producer",le="0.0005"} 193398
inference_extension_plugin_duration_seconds_bucket{extension_point="DataProducer",plugin_name="approx-prefix-cache-producer",plugin_type="approx-prefix-cache-producer",le="0.001"} 193702
inference_extension_plugin_duration_seconds_bucket{extension_point="DataProducer",plugin_name="approx-prefix-cache-producer",plugin_type="approx-prefix-cache-producer",le="0.002"} 193903
inference_extension_plugin_duration_seconds_bucket{extension_point="DataProducer",plugin_name="approx-prefix-cache-producer",plugin_type="approx-prefix-cache-producer",le="0.005"} 194082
inference_extension_plugin_duration_seconds_bucket{extension_point="DataProducer",plugin_name="approx-prefix-cache-producer",plugin_type="approx-prefix-cache-producer",le="0.01"} 194129
inference_extension_plugin_duration_seconds_bucket{extension_point="DataProducer",plugin_name="approx-prefix-cache-producer",plugin_type="approx-prefix-cache-producer",le="0.02"} 194139
inference_extension_plugin_duration_seconds_bucket{extension_point="DataProducer",plugin_name="approx-prefix-cache-producer",plugin_type="approx-prefix-cache-producer",le="0.05"} 194141
inference_extension_plugin_duration_seconds_bucket{extension_point="DataProducer",plugin_name="approx-prefix-cache-producer",plugin_type="approx-prefix-cache-producer",le="0.1"} 194141
inference_extension_plugin_duration_seconds_bucket{extension_point="DataProducer",plugin_name="approx-prefix-cache-producer",plugin_type="approx-prefix-cache-producer",le="+Inf"} 194141
inference_extension_plugin_duration_seconds_sum{extension_point="DataProducer",plugin_name="approx-prefix-cache-producer",plugin_type="approx-prefix-cache-producer"} 6.691469991000021
inference_extension_plugin_duration_seconds_count{extension_point="DataProducer",plugin_name="approx-prefix-cache-producer",plugin_type="approx-prefix-cache-producer"} 194141
inference_extension_plugin_duration_seconds_bucket{extension_point="DataProducer",plugin_name="token-producer",plugin_type="token-producer",le="0.0001"} 191455
inference_extension_plugin_duration_seconds_bucket{extension_point="DataProducer",plugin_name="token-producer",plugin_type="token-producer",le="0.0002"} 192660
inference_extension_plugin_duration_seconds_bucket{extension_point="DataProducer",plugin_name="token-producer",plugin_type="token-producer",le="0.0005"} 193343
inference_extension_plugin_duration_seconds_bucket{extension_point="DataProducer",plugin_name="token-producer",plugin_type="token-producer",le="0.001"} 193561
inference_extension_plugin_duration_seconds_bucket{extension_point="DataProducer",plugin_name="token-producer",plugin_type="token-producer",le="0.002"} 193812
inference_extension_plugin_duration_seconds_bucket{extension_point="DataProducer",plugin_name="token-producer",plugin_type="token-producer",le="0.005"} 194060
inference_extension_plugin_duration_seconds_bucket{extension_point="DataProducer",plugin_name="token-producer",plugin_type="token-producer",le="0.01"} 194121
inference_extension_plugin_duration_seconds_bucket{extension_point="DataProducer",plugin_name="token-producer",plugin_type="token-producer",le="0.02"} 194138
inference_extension_plugin_duration_seconds_bucket{extension_point="DataProducer",plugin_name="token-producer",plugin_type="token-producer",le="0.05"} 194141
inference_extension_plugin_duration_seconds_bucket{extension_point="DataProducer",plugin_name="token-producer",plugin_type="token-producer",le="0.1"} 194141
inference_extension_plugin_duration_seconds_bucket{extension_point="DataProducer",plugin_name="token-producer",plugin_type="token-producer",le="+Inf"} 194141
inference_extension_plugin_duration_seconds_sum{extension_point="DataProducer",plugin_name="token-producer",plugin_type="token-producer"} 6.214666209000045
inference_extension_plugin_duration_seconds_count{extension_point="DataProducer",plugin_name="token-producer",plugin_type="token-producer"} 194141
inference_extension_plugin_duration_seconds_bucket{extension_point="Picker",plugin_name="max-score-picker",plugin_type="max-score-picker",le="0.0001"} 190658
inference_extension_plugin_duration_seconds_bucket{extension_point="Picker",plugin_name="max-score-picker",plugin_type="max-score-picker",le="0.0002"} 192757
inference_extension_plugin_duration_seconds_bucket{extension_point="Picker",plugin_name="max-score-picker",plugin_type="max-score-picker",le="0.0005"} 193485
inference_extension_plugin_duration_seconds_bucket{extension_point="Picker",plugin_name="max-score-picker",plugin_type="max-score-picker",le="0.001"} 193782
inference_extension_plugin_duration_seconds_bucket{extension_point="Picker",plugin_name="max-score-picker",plugin_type="max-score-picker",le="0.002"} 193943
inference_extension_plugin_duration_seconds_bucket{extension_point="Picker",plugin_name="max-score-picker",plugin_type="max-score-picker",le="0.005"} 194085
inference_extension_plugin_duration_seconds_bucket{extension_point="Picker",plugin_name="max-score-picker",plugin_type="max-score-picker",le="0.01"} 194120
inference_extension_plugin_duration_seconds_bucket{extension_point="Picker",plugin_name="max-score-picker",plugin_type="max-score-picker",le="0.02"} 194133
inference_extension_plugin_duration_seconds_bucket{extension_point="Picker",plugin_name="max-score-picker",plugin_type="max-score-picker",le="0.05"} 194141
inference_extension_plugin_duration_seconds_bucket{extension_point="Picker",plugin_name="max-score-picker",plugin_type="max-score-picker",le="0.1"} 194141
inference_extension_plugin_duration_seconds_bucket{extension_point="Picker",plugin_name="max-score-picker",plugin_type="max-score-picker",le="+Inf"} 194141
inference_extension_plugin_duration_seconds_sum{extension_point="Picker",plugin_name="max-score-picker",plugin_type="max-score-picker"} 6.728028994999932
inference_extension_plugin_duration_seconds_count{extension_point="Picker",plugin_name="max-score-picker",plugin_type="max-score-picker"} 194141
inference_extension_plugin_duration_seconds_bucket{extension_point="PreRequest",plugin_name="approx-prefix-cache-producer",plugin_type="approx-prefix-cache-producer",le="0.0001"} 193805
inference_extension_plugin_duration_seconds_bucket{extension_point="PreRequest",plugin_name="approx-prefix-cache-producer",plugin_type="approx-prefix-cache-producer",le="0.0002"} 194048
inference_extension_plugin_duration_seconds_bucket{extension_point="PreRequest",plugin_name="approx-prefix-cache-producer",plugin_type="approx-prefix-cache-producer",le="0.0005"} 194108
inference_extension_plugin_duration_seconds_bucket{extension_point="PreRequest",plugin_name="approx-prefix-cache-producer",plugin_type="approx-prefix-cache-producer",le="0.001"} 194119
inference_extension_plugin_duration_seconds_bucket{extension_point="PreRequest",plugin_name="approx-prefix-cache-producer",plugin_type="approx-prefix-cache-producer",le="0.002"} 194130
inference_extension_plugin_duration_seconds_bucket{extension_point="PreRequest",plugin_name="approx-prefix-cache-producer",plugin_type="approx-prefix-cache-producer",le="0.005"} 194141
inference_extension_plugin_duration_seconds_bucket{extension_point="PreRequest",plugin_name="approx-prefix-cache-producer",plugin_type="approx-prefix-cache-producer",le="0.01"} 194141
inference_extension_plugin_duration_seconds_bucket{extension_point="PreRequest",plugin_name="approx-prefix-cache-producer",plugin_type="approx-prefix-cache-producer",le="0.02"} 194141
inference_extension_plugin_duration_seconds_bucket{extension_point="PreRequest",plugin_name="approx-prefix-cache-producer",plugin_type="approx-prefix-cache-producer",le="0.05"} 194141
inference_extension_plugin_duration_seconds_bucket{extension_point="PreRequest",plugin_name="approx-prefix-cache-producer",plugin_type="approx-prefix-cache-producer",le="0.1"} 194141
inference_extension_plugin_duration_seconds_bucket{extension_point="PreRequest",plugin_name="approx-prefix-cache-producer",plugin_type="approx-prefix-cache-producer",le="+Inf"} 194141
inference_extension_plugin_duration_seconds_sum{extension_point="PreRequest",plugin_name="approx-prefix-cache-producer",plugin_type="approx-prefix-cache-producer"} 1.909269694000013
inference_extension_plugin_duration_seconds_count{extension_point="PreRequest",plugin_name="approx-prefix-cache-producer",plugin_type="approx-prefix-cache-producer"} 194141
inference_extension_plugin_duration_seconds_bucket{extension_point="ProcessProfilesResults",plugin_name="single-profile-handler",plugin_type="single-profile-handler",le="0.0001"} 194137
inference_extension_plugin_duration_seconds_bucket{extension_point="ProcessProfilesResults",plugin_name="single-profile-handler",plugin_type="single-profile-handler",le="0.0002"} 194137
inference_extension_plugin_duration_seconds_bucket{extension_point="ProcessProfilesResults",plugin_name="single-profile-handler",plugin_type="single-profile-handler",le="0.0005"} 194139
inference_extension_plugin_duration_seconds_bucket{extension_point="ProcessProfilesResults",plugin_name="single-profile-handler",plugin_type="single-profile-handler",le="0.001"} 194141
inference_extension_plugin_duration_seconds_bucket{extension_point="ProcessProfilesResults",plugin_name="single-profile-handler",plugin_type="single-profile-handler",le="0.002"} 194141
inference_extension_plugin_duration_seconds_bucket{extension_point="ProcessProfilesResults",plugin_name="single-profile-handler",plugin_type="single-profile-handler",le="0.005"} 194141
inference_extension_plugin_duration_seconds_bucket{extension_point="ProcessProfilesResults",plugin_name="single-profile-handler",plugin_type="single-profile-handler",le="0.01"} 194141
inference_extension_plugin_duration_seconds_bucket{extension_point="ProcessProfilesResults",plugin_name="single-profile-handler",plugin_type="single-profile-handler",le="0.02"} 194141
inference_extension_plugin_duration_seconds_bucket{extension_point="ProcessProfilesResults",plugin_name="single-profile-handler",plugin_type="single-profile-handler",le="0.05"} 194141
inference_extension_plugin_duration_seconds_bucket{extension_point="ProcessProfilesResults",plugin_name="single-profile-handler",plugin_type="single-profile-handler",le="0.1"} 194141
inference_extension_plugin_duration_seconds_bucket{extension_point="ProcessProfilesResults",plugin_name="single-profile-handler",plugin_type="single-profile-handler",le="+Inf"} 194141
inference_extension_plugin_duration_seconds_sum{extension_point="ProcessProfilesResults",plugin_name="single-profile-handler",plugin_type="single-profile-handler"} 0.09237302400000104
inference_extension_plugin_duration_seconds_count{extension_point="ProcessProfilesResults",plugin_name="single-profile-handler",plugin_type="single-profile-handler"} 194141
inference_extension_plugin_duration_seconds_bucket{extension_point="ProfilePicker",plugin_name="single-profile-handler",plugin_type="single-profile-handler",le="0.0001"} 388275
inference_extension_plugin_duration_seconds_bucket{extension_point="ProfilePicker",plugin_name="single-profile-handler",plugin_type="single-profile-handler",le="0.0002"} 388277
inference_extension_plugin_duration_seconds_bucket{extension_point="ProfilePicker",plugin_name="single-profile-handler",plugin_type="single-profile-handler",le="0.0005"} 388279
inference_extension_plugin_duration_seconds_bucket{extension_point="ProfilePicker",plugin_name="single-profile-handler",plugin_type="single-profile-handler",le="0.001"} 388280
inference_extension_plugin_duration_seconds_bucket{extension_point="ProfilePicker",plugin_name="single-profile-handler",plugin_type="single-profile-handler",le="0.002"} 388281
inference_extension_plugin_duration_seconds_bucket{extension_point="ProfilePicker",plugin_name="single-profile-handler",plugin_type="single-profile-handler",le="0.005"} 388282
inference_extension_plugin_duration_seconds_bucket{extension_point="ProfilePicker",plugin_name="single-profile-handler",plugin_type="single-profile-handler",le="0.01"} 388282
inference_extension_plugin_duration_seconds_bucket{extension_point="ProfilePicker",plugin_name="single-profile-handler",plugin_type="single-profile-handler",le="0.02"} 388282
inference_extension_plugin_duration_seconds_bucket{extension_point="ProfilePicker",plugin_name="single-profile-handler",plugin_type="single-profile-handler",le="0.05"} 388282
inference_extension_plugin_duration_seconds_bucket{extension_point="ProfilePicker",plugin_name="single-profile-handler",plugin_type="single-profile-handler",le="0.1"} 388282
inference_extension_plugin_duration_seconds_bucket{extension_point="ProfilePicker",plugin_name="single-profile-handler",plugin_type="single-profile-handler",le="+Inf"} 388282
inference_extension_plugin_duration_seconds_sum{extension_point="ProfilePicker",plugin_name="single-profile-handler",plugin_type="single-profile-handler"} 0.0960867799999608
inference_extension_plugin_duration_seconds_count{extension_point="ProfilePicker",plugin_name="single-profile-handler",plugin_type="single-profile-handler"} 388282
inference_extension_plugin_duration_seconds_bucket{extension_point="RequestParsing",plugin_name="openai-parser",plugin_type="openai-parser",le="0.0001"} 0
inference_extension_plugin_duration_seconds_bucket{extension_point="RequestParsing",plugin_name="openai-parser",plugin_type="openai-parser",le="0.0002"} 0
inference_extension_plugin_duration_seconds_bucket{extension_point="RequestParsing",plugin_name="openai-parser",plugin_type="openai-parser",le="0.0005"} 5189
inference_extension_plugin_duration_seconds_bucket{extension_point="RequestParsing",plugin_name="openai-parser",plugin_type="openai-parser",le="0.001"} 175226
inference_extension_plugin_duration_seconds_bucket{extension_point="RequestParsing",plugin_name="openai-parser",plugin_type="openai-parser",le="0.002"} 190252
inference_extension_plugin_duration_seconds_bucket{extension_point="RequestParsing",plugin_name="openai-parser",plugin_type="openai-parser",le="0.005"} 194177
inference_extension_plugin_duration_seconds_bucket{extension_point="RequestParsing",plugin_name="openai-parser",plugin_type="openai-parser",le="0.01"} 194619
inference_extension_plugin_duration_seconds_bucket{extension_point="RequestParsing",plugin_name="openai-parser",plugin_type="openai-parser",le="0.02"} 194683
inference_extension_plugin_duration_seconds_bucket{extension_point="RequestParsing",plugin_name="openai-parser",plugin_type="openai-parser",le="0.05"} 194687
inference_extension_plugin_duration_seconds_bucket{extension_point="RequestParsing",plugin_name="openai-parser",plugin_type="openai-parser",le="0.1"} 194687
inference_extension_plugin_duration_seconds_bucket{extension_point="RequestParsing",plugin_name="openai-parser",plugin_type="openai-parser",le="+Inf"} 194687
inference_extension_plugin_duration_seconds_sum{extension_point="RequestParsing",plugin_name="openai-parser",plugin_type="openai-parser"} 191.159727246999
inference_extension_plugin_duration_seconds_count{extension_point="RequestParsing",plugin_name="openai-parser",plugin_type="openai-parser"} 194687
inference_extension_plugin_duration_seconds_bucket{extension_point="ResponseParsing",plugin_name="openai-parser",plugin_type="openai-parser",le="0.0001"} 1.84036676e+08
inference_extension_plugin_duration_seconds_bucket{extension_point="ResponseParsing",plugin_name="openai-parser",plugin_type="openai-parser",le="0.0002"} 1.84063767e+08
inference_extension_plugin_duration_seconds_bucket{extension_point="ResponseParsing",plugin_name="openai-parser",plugin_type="openai-parser",le="0.0005"} 1.84080703e+08
inference_extension_plugin_duration_seconds_bucket{extension_point="ResponseParsing",plugin_name="openai-parser",plugin_type="openai-parser",le="0.001"} 1.84089479e+08
inference_extension_plugin_duration_seconds_bucket{extension_point="ResponseParsing",plugin_name="openai-parser",plugin_type="openai-parser",le="0.002"} 1.8409782e+08
inference_extension_plugin_duration_seconds_bucket{extension_point="ResponseParsing",plugin_name="openai-parser",plugin_type="openai-parser",le="0.005"} 1.8411219e+08
inference_extension_plugin_duration_seconds_bucket{extension_point="ResponseParsing",plugin_name="openai-parser",plugin_type="openai-parser",le="0.01"} 1.84116159e+08
inference_extension_plugin_duration_seconds_bucket{extension_point="ResponseParsing",plugin_name="openai-parser",plugin_type="openai-parser",le="0.02"} 1.84117306e+08
inference_extension_plugin_duration_seconds_bucket{extension_point="ResponseParsing",plugin_name="openai-parser",plugin_type="openai-parser",le="0.05"} 1.84117751e+08
inference_extension_plugin_duration_seconds_bucket{extension_point="ResponseParsing",plugin_name="openai-parser",plugin_type="openai-parser",le="0.1"} 1.84117763e+08
inference_extension_plugin_duration_seconds_bucket{extension_point="ResponseParsing",plugin_name="openai-parser",plugin_type="openai-parser",le="+Inf"} 1.84117763e+08
inference_extension_plugin_duration_seconds_sum{extension_point="ResponseParsing",plugin_name="openai-parser",plugin_type="openai-parser"} 474.4359829987477
inference_extension_plugin_duration_seconds_count{extension_point="ResponseParsing",plugin_name="openai-parser",plugin_type="openai-parser"} 1.84117763e+08
inference_extension_plugin_duration_seconds_bucket{extension_point="Scorer",plugin_name="kv-cache-utilization-scorer",plugin_type="kv-cache-utilization-scorer",le="0.0001"} 194116
inference_extension_plugin_duration_seconds_bucket{extension_point="Scorer",plugin_name="kv-cache-utilization-scorer",plugin_type="kv-cache-utilization-scorer",le="0.0002"} 194126
inference_extension_plugin_duration_seconds_bucket{extension_point="Scorer",plugin_name="kv-cache-utilization-scorer",plugin_type="kv-cache-utilization-scorer",le="0.0005"} 194133
inference_extension_plugin_duration_seconds_bucket{extension_point="Scorer",plugin_name="kv-cache-utilization-scorer",plugin_type="kv-cache-utilization-scorer",le="0.001"} 194136
inference_extension_plugin_duration_seconds_bucket{extension_point="Scorer",plugin_name="kv-cache-utilization-scorer",plugin_type="kv-cache-utilization-scorer",le="0.002"} 194138
inference_extension_plugin_duration_seconds_bucket{extension_point="Scorer",plugin_name="kv-cache-utilization-scorer",plugin_type="kv-cache-utilization-scorer",le="0.005"} 194141
inference_extension_plugin_duration_seconds_bucket{extension_point="Scorer",plugin_name="kv-cache-utilization-scorer",plugin_type="kv-cache-utilization-scorer",le="0.01"} 194141
inference_extension_plugin_duration_seconds_bucket{extension_point="Scorer",plugin_name="kv-cache-utilization-scorer",plugin_type="kv-cache-utilization-scorer",le="0.02"} 194141
inference_extension_plugin_duration_seconds_bucket{extension_point="Scorer",plugin_name="kv-cache-utilization-scorer",plugin_type="kv-cache-utilization-scorer",le="0.05"} 194141
inference_extension_plugin_duration_seconds_bucket{extension_point="Scorer",plugin_name="kv-cache-utilization-scorer",plugin_type="kv-cache-utilization-scorer",le="0.1"} 194141
inference_extension_plugin_duration_seconds_bucket{extension_point="Scorer",plugin_name="kv-cache-utilization-scorer",plugin_type="kv-cache-utilization-scorer",le="+Inf"} 194141
inference_extension_plugin_duration_seconds_sum{extension_point="Scorer",plugin_name="kv-cache-utilization-scorer",plugin_type="kv-cache-utilization-scorer"} 0.17165153699999663
inference_extension_plugin_duration_seconds_count{extension_point="Scorer",plugin_name="kv-cache-utilization-scorer",plugin_type="kv-cache-utilization-scorer"} 194141
inference_extension_plugin_duration_seconds_bucket{extension_point="Scorer",plugin_name="prefix-cache-scorer",plugin_type="prefix-cache-scorer",le="0.0001"} 193690
inference_extension_plugin_duration_seconds_bucket{extension_point="Scorer",plugin_name="prefix-cache-scorer",plugin_type="prefix-cache-scorer",le="0.0002"} 193970
inference_extension_plugin_duration_seconds_bucket{extension_point="Scorer",plugin_name="prefix-cache-scorer",plugin_type="prefix-cache-scorer",le="0.0005"} 194078
inference_extension_plugin_duration_seconds_bucket{extension_point="Scorer",plugin_name="prefix-cache-scorer",plugin_type="prefix-cache-scorer",le="0.001"} 194109
inference_extension_plugin_duration_seconds_bucket{extension_point="Scorer",plugin_name="prefix-cache-scorer",plugin_type="prefix-cache-scorer",le="0.002"} 194120
inference_extension_plugin_duration_seconds_bucket{extension_point="Scorer",plugin_name="prefix-cache-scorer",plugin_type="prefix-cache-scorer",le="0.005"} 194134
inference_extension_plugin_duration_seconds_bucket{extension_point="Scorer",plugin_name="prefix-cache-scorer",plugin_type="prefix-cache-scorer",le="0.01"} 194140
inference_extension_plugin_duration_seconds_bucket{extension_point="Scorer",plugin_name="prefix-cache-scorer",plugin_type="prefix-cache-scorer",le="0.02"} 194141
inference_extension_plugin_duration_seconds_bucket{extension_point="Scorer",plugin_name="prefix-cache-scorer",plugin_type="prefix-cache-scorer",le="0.05"} 194141
inference_extension_plugin_duration_seconds_bucket{extension_point="Scorer",plugin_name="prefix-cache-scorer",plugin_type="prefix-cache-scorer",le="0.1"} 194141
inference_extension_plugin_duration_seconds_bucket{extension_point="Scorer",plugin_name="prefix-cache-scorer",plugin_type="prefix-cache-scorer",le="+Inf"} 194141
inference_extension_plugin_duration_seconds_sum{extension_point="Scorer",plugin_name="prefix-cache-scorer",plugin_type="prefix-cache-scorer"} 0.9410956129999919
inference_extension_plugin_duration_seconds_count{extension_point="Scorer",plugin_name="prefix-cache-scorer",plugin_type="prefix-cache-scorer"} 194141
inference_extension_plugin_duration_seconds_bucket{extension_point="Scorer",plugin_name="queue-scorer",plugin_type="queue-scorer",le="0.0001"} 194104
inference_extension_plugin_duration_seconds_bucket{extension_point="Scorer",plugin_name="queue-scorer",plugin_type="queue-scorer",le="0.0002"} 194127
inference_extension_plugin_duration_seconds_bucket{extension_point="Scorer",plugin_name="queue-scorer",plugin_type="queue-scorer",le="0.0005"} 194135
inference_extension_plugin_duration_seconds_bucket{extension_point="Scorer",plugin_name="queue-scorer",plugin_type="queue-scorer",le="0.001"} 194138
inference_extension_plugin_duration_seconds_bucket{extension_point="Scorer",plugin_name="queue-scorer",plugin_type="queue-scorer",le="0.002"} 194141
inference_extension_plugin_duration_seconds_bucket{extension_point="Scorer",plugin_name="queue-scorer",plugin_type="queue-scorer",le="0.005"} 194141
inference_extension_plugin_duration_seconds_bucket{extension_point="Scorer",plugin_name="queue-scorer",plugin_type="queue-scorer",le="0.01"} 194141
inference_extension_plugin_duration_seconds_bucket{extension_point="Scorer",plugin_name="queue-scorer",plugin_type="queue-scorer",le="0.02"} 194141
inference_extension_plugin_duration_seconds_bucket{extension_point="Scorer",plugin_name="queue-scorer",plugin_type="queue-scorer",le="0.05"} 194141
inference_extension_plugin_duration_seconds_bucket{extension_point="Scorer",plugin_name="queue-scorer",plugin_type="queue-scorer",le="0.1"} 194141
inference_extension_plugin_duration_seconds_bucket{extension_point="Scorer",plugin_name="queue-scorer",plugin_type="queue-scorer",le="+Inf"} 194141
inference_extension_plugin_duration_seconds_sum{extension_point="Scorer",plugin_name="queue-scorer",plugin_type="queue-scorer"} 0.18252570199999982
inference_extension_plugin_duration_seconds_count{extension_point="Scorer",plugin_name="queue-scorer",plugin_type="queue-scorer"} 194141
# HELP inference_extension_prefix_indexer_hit_bytes [ALPHA] [Deprecated: Use llm_d_epp_prefix_indexer_hit_bytes] Length of the prefix match in number of bytes in the cache lookup.
# TYPE inference_extension_prefix_indexer_hit_bytes histogram
inference_extension_prefix_indexer_hit_bytes_bucket{le="0"} 194141
inference_extension_prefix_indexer_hit_bytes_bucket{le="16"} 194141
inference_extension_prefix_indexer_hit_bytes_bucket{le="32"} 194141
inference_extension_prefix_indexer_hit_bytes_bucket{le="64"} 194141
inference_extension_prefix_indexer_hit_bytes_bucket{le="128"} 194141
inference_extension_prefix_indexer_hit_bytes_bucket{le="256"} 194141
inference_extension_prefix_indexer_hit_bytes_bucket{le="512"} 194141
inference_extension_prefix_indexer_hit_bytes_bucket{le="1024"} 194141
inference_extension_prefix_indexer_hit_bytes_bucket{le="2048"} 194141
inference_extension_prefix_indexer_hit_bytes_bucket{le="4096"} 194141
inference_extension_prefix_indexer_hit_bytes_bucket{le="8192"} 194141
inference_extension_prefix_indexer_hit_bytes_bucket{le="16384"} 194141
inference_extension_prefix_indexer_hit_bytes_bucket{le="32768"} 194141
inference_extension_prefix_indexer_hit_bytes_bucket{le="65536"} 194141
inference_extension_prefix_indexer_hit_bytes_bucket{le="+Inf"} 194141
inference_extension_prefix_indexer_hit_bytes_sum 0
inference_extension_prefix_indexer_hit_bytes_count 194141
# HELP inference_extension_prefix_indexer_hit_ratio [ALPHA] [Deprecated: Use llm_d_epp_prefix_indexer_hit_ratio] Ratio of prefix length matched to total prefix length in the cache lookup.
# TYPE inference_extension_prefix_indexer_hit_ratio histogram
inference_extension_prefix_indexer_hit_ratio_bucket{le="0"} 194141
inference_extension_prefix_indexer_hit_ratio_bucket{le="0.1"} 194141
inference_extension_prefix_indexer_hit_ratio_bucket{le="0.2"} 194141
inference_extension_prefix_indexer_hit_ratio_bucket{le="0.3"} 194141
inference_extension_prefix_indexer_hit_ratio_bucket{le="0.4"} 194141
inference_extension_prefix_indexer_hit_ratio_bucket{le="0.5"} 194141
inference_extension_prefix_indexer_hit_ratio_bucket{le="0.6"} 194141
inference_extension_prefix_indexer_hit_ratio_bucket{le="0.7"} 194141
inference_extension_prefix_indexer_hit_ratio_bucket{le="0.8"} 194141
inference_extension_prefix_indexer_hit_ratio_bucket{le="0.9"} 194141
inference_extension_prefix_indexer_hit_ratio_bucket{le="1"} 194141
inference_extension_prefix_indexer_hit_ratio_bucket{le="+Inf"} 194141
inference_extension_prefix_indexer_hit_ratio_sum 0
inference_extension_prefix_indexer_hit_ratio_count 194141
# HELP inference_extension_prefix_indexer_size [ALPHA] [Deprecated: Use llm_d_epp_prefix_indexer_size] Size of the prefix indexer.
# TYPE inference_extension_prefix_indexer_size gauge
inference_extension_prefix_indexer_size 81526
# HELP inference_extension_scheduler_attempts_total [ALPHA] [Deprecated: Use llm_d_epp_scheduler_attempts_total] Total number of scheduling attempts.
# TYPE inference_extension_scheduler_attempts_total counter
inference_extension_scheduler_attempts_total{namespace="biran",pod_name="qwen-qwe-3db867ce-en3-0-6b-decode-5c6d8d69bd-27xrt",port="8000",status="success",target_model_name="Qwen/Qwen3-0.6B"} 792
inference_extension_scheduler_attempts_total{namespace="biran",pod_name="qwen-qwe-3db867ce-en3-0-6b-decode-5c6d8d69bd-2hnk5",port="8000",status="success",target_model_name="Qwen/Qwen3-0.6B"} 816
inference_extension_scheduler_attempts_total{namespace="biran",pod_name="qwen-qwe-3db867ce-en3-0-6b-decode-5c6d8d69bd-2phtk",port="8000",status="success",target_model_name="Qwen/Qwen3-0.6B"} 786
inference_extension_scheduler_attempts_total{namespace="biran",pod_name="qwen-qwe-3db867ce-en3-0-6b-decode-5c6d8d69bd-2qdst",port="8000",status="success",target_model_name="Qwen/Qwen3-0.6B"} 644
inference_extension_scheduler_attempts_total{namespace="biran",pod_name="qwen-qwe-3db867ce-en3-0-6b-decode-5c6d8d69bd-2tzm4",port="8000",status="success",target_model_name="Qwen/Qwen3-0.6B"} 248
inference_extension_scheduler_attempts_total{namespace="biran",pod_name="qwen-qwe-3db867ce-en3-0-6b-decode-5c6d8d69bd-44qmz",port="8000",status="success",target_model_name="Qwen/Qwen3-0.6B"} 3362
inference_extension_scheduler_attempts_total{namespace="biran",pod_name="qwen-qwe-3db867ce-en3-0-6b-decode-5c6d8d69bd-49tcr",port="8000",status="success",target_model_name="Qwen/Qwen3-0.6B"} 354
inference_extension_scheduler_attempts_total{namespace="biran",pod_name="qwen-qwe-3db867ce-en3-0-6b-decode-5c6d8d69bd-4d8n7",port="8000",status="success",target_model_name="Qwen/Qwen3-0.6B"} 524
inference_extension_scheduler_attempts_total{namespace="biran",pod_name="qwen-qwe-3db867ce-en3-0-6b-decode-5c6d8d69bd-4khcb",port="8000",status="success",target_model_name="Qwen/Qwen3-0.6B"} 3519
inference_extension_scheduler_attempts_total{namespace="biran",pod_name="qwen-qwe-3db867ce-en3-0-6b-decode-5c6d8d69bd-4m65f",port="8000",status="success",target_model_name="Qwen/Qwen3-0.6B"} 3035
inference_extension_scheduler_attempts_total{namespace="biran",pod_name="qwen-qwe-3db867ce-en3-0-6b-decode-5c6d8d69bd-4vr76",port="8000",status="success",target_model_name="Qwen/Qwen3-0.6B"} 1576
inference_extension_scheduler_attempts_total{namespace="biran",pod_name="qwen-qwe-3db867ce-en3-0-6b-decode-5c6d8d69bd-5hxrj",port="8000",status="success",target_model_name="Qwen/Qwen3-0.6B"} 2074
inference_extension_scheduler_attempts_total{namespace="biran",pod_name="qwen-qwe-3db867ce-en3-0-6b-decode-5c6d8d69bd-5k9lj",port="8000",status="success",target_model_name="Qwen/Qwen3-0.6B"} 3306
inference_extension_scheduler_attempts_total{namespace="biran",pod_name="qwen-qwe-3db867ce-en3-0-6b-decode-5c6d8d69bd-5msl9",port="8000",status="success",target_model_name="Qwen/Qwen3-0.6B"} 668
inference_extension_scheduler_attempts_total{namespace="biran",pod_name="qwen-qwe-3db867ce-en3-0-6b-decode-5c6d8d69bd-5qlxq",port="8000",status="success",target_model_name="Qwen/Qwen3-0.6B"} 12000
inference_extension_scheduler_attempts_total{namespace="biran",pod_name="qwen-qwe-3db867ce-en3-0-6b-decode-5c6d8d69bd-647sv",port="8000",status="success",target_model_name="Qwen/Qwen3-0.6B"} 4133
inference_extension_scheduler_attempts_total{namespace="biran",pod_name="qwen-qwe-3db867ce-en3-0-6b-decode-5c6d8d69bd-6zvqj",port="8000",status="success",target_model_name="Qwen/Qwen3-0.6B"} 578
inference_extension_scheduler_attempts_total{namespace="biran",pod_name="qwen-qwe-3db867ce-en3-0-6b-decode-5c6d8d69bd-75vzn",port="8000",status="success",target_model_name="Qwen/Qwen3-0.6B"} 825
inference_extension_scheduler_attempts_total{namespace="biran",pod_name="qwen-qwe-3db867ce-en3-0-6b-decode-5c6d8d69bd-775vd",port="8000",status="success",target_model_name="Qwen/Qwen3-0.6B"} 826
inference_extension_scheduler_attempts_total{namespace="biran",pod_name="qwen-qwe-3db867ce-en3-0-6b-decode-5c6d8d69bd-77n7x",port="8000",status="success",target_model_name="Qwen/Qwen3-0.6B"} 734
inference_extension_scheduler_attempts_total{namespace="biran",pod_name="qwen-qwe-3db867ce-en3-0-6b-decode-5c6d8d69bd-7f7gz",port="8000",status="success",target_model_name="Qwen/Qwen3-0.6B"} 585
inference_extension_scheduler_attempts_total{namespace="biran",pod_name="qwen-qwe-3db867ce-en3-0-6b-decode-5c6d8d69bd-7gwtp",port="8000",status="success",target_model_name="Qwen/Qwen3-0.6B"} 7502
inference_extension_scheduler_attempts_total{namespace="biran",pod_name="qwen-qwe-3db867ce-en3-0-6b-decode-5c6d8d69bd-7j2jl",port="8000",status="success",target_model_name="Qwen/Qwen3-0.6B"} 747
inference_extension_scheduler_attempts_total{namespace="biran",pod_name="qwen-qwe-3db867ce-en3-0-6b-decode-5c6d8d69bd-7q977",port="8000",status="success",target_model_name="Qwen/Qwen3-0.6B"} 123
inference_extension_scheduler_attempts_total{namespace="biran",pod_name="qwen-qwe-3db867ce-en3-0-6b-decode-5c6d8d69bd-7z5v6",port="8000",status="success",target_model_name="Qwen/Qwen3-0.6B"} 664
inference_extension_scheduler_attempts_total{namespace="biran",pod_name="qwen-qwe-3db867ce-en3-0-6b-decode-5c6d8d69bd-9hvmc",port="8000",status="success",target_model_name="Qwen/Qwen3-0.6B"} 3021
inference_extension_scheduler_attempts_total{namespace="biran",pod_name="qwen-qwe-3db867ce-en3-0-6b-decode-5c6d8d69bd-9vmbs",port="8000",status="success",target_model_name="Qwen/Qwen3-0.6B"} 1081
inference_extension_scheduler_attempts_total{namespace="biran",pod_name="qwen-qwe-3db867ce-en3-0-6b-decode-5c6d8d69bd-b59dz",port="8000",status="success",target_model_name="Qwen/Qwen3-0.6B"} 699
inference_extension_scheduler_attempts_total{namespace="biran",pod_name="qwen-qwe-3db867ce-en3-0-6b-decode-5c6d8d69bd-bbxkj",port="8000",status="success",target_model_name="Qwen/Qwen3-0.6B"} 16015
inference_extension_scheduler_attempts_total{namespace="biran",pod_name="qwen-qwe-3db867ce-en3-0-6b-decode-5c6d8d69bd-blp78",port="8000",status="success",target_model_name="Qwen/Qwen3-0.6B"} 816
inference_extension_scheduler_attempts_total{namespace="biran",pod_name="qwen-qwe-3db867ce-en3-0-6b-decode-5c6d8d69bd-blqr9",port="8000",status="success",target_model_name="Qwen/Qwen3-0.6B"} 800
inference_extension_scheduler_attempts_total{namespace="biran",pod_name="qwen-qwe-3db867ce-en3-0-6b-decode-5c6d8d69bd-btcwt",port="8000",status="success",target_model_name="Qwen/Qwen3-0.6B"} 4749
inference_extension_scheduler_attempts_total{namespace="biran",pod_name="qwen-qwe-3db867ce-en3-0-6b-decode-5c6d8d69bd-btj62",port="8000",status="success",target_model_name="Qwen/Qwen3-0.6B"} 651
inference_extension_scheduler_attempts_total{namespace="biran",pod_name="qwen-qwe-3db867ce-en3-0-6b-decode-5c6d8d69bd-bz8tm",port="8000",status="success",target_model_name="Qwen/Qwen3-0.6B"} 707
inference_extension_scheduler_attempts_total{namespace="biran",pod_name="qwen-qwe-3db867ce-en3-0-6b-decode-5c6d8d69bd-cbpg9",port="8000",status="success",target_model_name="Qwen/Qwen3-0.6B"} 541
inference_extension_scheduler_attempts_total{namespace="biran",pod_name="qwen-qwe-3db867ce-en3-0-6b-decode-5c6d8d69bd-cf7bb",port="8000",status="success",target_model_name="Qwen/Qwen3-0.6B"} 565
inference_extension_scheduler_attempts_total{namespace="biran",pod_name="qwen-qwe-3db867ce-en3-0-6b-decode-5c6d8d69bd-dcfkw",port="8000",status="success",target_model_name="Qwen/Qwen3-0.6B"} 3273
inference_extension_scheduler_attempts_total{namespace="biran",pod_name="qwen-qwe-3db867ce-en3-0-6b-decode-5c6d8d69bd-dczh7",port="8000",status="success",target_model_name="Qwen/Qwen3-0.6B"} 189
inference_extension_scheduler_attempts_total{namespace="biran",pod_name="qwen-qwe-3db867ce-en3-0-6b-decode-5c6d8d69bd-dj7nk",port="8000",status="success",target_model_name="Qwen/Qwen3-0.6B"} 705
inference_extension_scheduler_attempts_total{namespace="biran",pod_name="qwen-qwe-3db867ce-en3-0-6b-decode-5c6d8d69bd-dkssl",port="8000",status="success",target_model_name="Qwen/Qwen3-0.6B"} 2101
inference_extension_scheduler_attempts_total{namespace="biran",pod_name="qwen-qwe-3db867ce-en3-0-6b-decode-5c6d8d69bd-dln8s",port="8000",status="success",target_model_name="Qwen/Qwen3-0.6B"} 3778
inference_extension_scheduler_attempts_total{namespace="biran",pod_name="qwen-qwe-3db867ce-en3-0-6b-decode-5c6d8d69bd-dw8gn",port="8000",status="success",target_model_name="Qwen/Qwen3-0.6B"} 899
inference_extension_scheduler_attempts_total{namespace="biran",pod_name="qwen-qwe-3db867ce-en3-0-6b-decode-5c6d8d69bd-f4xc7",port="8000",status="success",target_model_name="Qwen/Qwen3-0.6B"} 376
inference_extension_scheduler_attempts_total{namespace="biran",pod_name="qwen-qwe-3db867ce-en3-0-6b-decode-5c6d8d69bd-f9wwh",port="8000",status="success",target_model_name="Qwen/Qwen3-0.6B"} 677
inference_extension_scheduler_attempts_total{namespace="biran",pod_name="qwen-qwe-3db867ce-en3-0-6b-decode-5c6d8d69bd-fzdnn",port="8000",status="success",target_model_name="Qwen/Qwen3-0.6B"} 673
inference_extension_scheduler_attempts_total{namespace="biran",pod_name="qwen-qwe-3db867ce-en3-0-6b-decode-5c6d8d69bd-g9jvb",port="8000",status="success",target_model_name="Qwen/Qwen3-0.6B"} 499
inference_extension_scheduler_attempts_total{namespace="biran",pod_name="qwen-qwe-3db867ce-en3-0-6b-decode-5c6d8d69bd-gtp4c",port="8000",status="success",target_model_name="Qwen/Qwen3-0.6B"} 882
inference_extension_scheduler_attempts_total{namespace="biran",pod_name="qwen-qwe-3db867ce-en3-0-6b-decode-5c6d8d69bd-gvbdm",port="8000",status="success",target_model_name="Qwen/Qwen3-0.6B"} 1538
inference_extension_scheduler_attempts_total{namespace="biran",pod_name="qwen-qwe-3db867ce-en3-0-6b-decode-5c6d8d69bd-h7xqz",port="8000",status="success",target_model_name="Qwen/Qwen3-0.6B"} 733
inference_extension_scheduler_attempts_total{namespace="biran",pod_name="qwen-qwe-3db867ce-en3-0-6b-decode-5c6d8d69bd-hfk85",port="8000",status="success",target_model_name="Qwen/Qwen3-0.6B"} 771
inference_extension_scheduler_attempts_total{namespace="biran",pod_name="qwen-qwe-3db867ce-en3-0-6b-decode-5c6d8d69bd-htksg",port="8000",status="success",target_model_name="Qwen/Qwen3-0.6B"} 915
inference_extension_scheduler_attempts_total{namespace="biran",pod_name="qwen-qwe-3db867ce-en3-0-6b-decode-5c6d8d69bd-j29kc",port="8000",status="success",target_model_name="Qwen/Qwen3-0.6B"} 831
inference_extension_scheduler_attempts_total{namespace="biran",pod_name="qwen-qwe-3db867ce-en3-0-6b-decode-5c6d8d69bd-jcls5",port="8000",status="success",target_model_name="Qwen/Qwen3-0.6B"} 912
inference_extension_scheduler_attempts_total{namespace="biran",pod_name="qwen-qwe-3db867ce-en3-0-6b-decode-5c6d8d69bd-kqrsx",port="8000",status="success",target_model_name="Qwen/Qwen3-0.6B"} 663
inference_extension_scheduler_attempts_total{namespace="biran",pod_name="qwen-qwe-3db867ce-en3-0-6b-decode-5c6d8d69bd-l6xvh",port="8000",status="success",target_model_name="Qwen/Qwen3-0.6B"} 603
inference_extension_scheduler_attempts_total{namespace="biran",pod_name="qwen-qwe-3db867ce-en3-0-6b-decode-5c6d8d69bd-l8shb",port="8000",status="success",target_model_name="Qwen/Qwen3-0.6B"} 598
inference_extension_scheduler_attempts_total{namespace="biran",pod_name="qwen-qwe-3db867ce-en3-0-6b-decode-5c6d8d69bd-llbvc",port="8000",status="success",target_model_name="Qwen/Qwen3-0.6B"} 3535
inference_extension_scheduler_attempts_total{namespace="biran",pod_name="qwen-qwe-3db867ce-en3-0-6b-decode-5c6d8d69bd-mfmqd",port="8000",status="success",target_model_name="Qwen/Qwen3-0.6B"} 3466
inference_extension_scheduler_attempts_total{namespace="biran",pod_name="qwen-qwe-3db867ce-en3-0-6b-decode-5c6d8d69bd-mkzh5",port="8000",status="success",target_model_name="Qwen/Qwen3-0.6B"} 1088
inference_extension_scheduler_attempts_total{namespace="biran",pod_name="qwen-qwe-3db867ce-en3-0-6b-decode-5c6d8d69bd-mqr7w",port="8000",status="success",target_model_name="Qwen/Qwen3-0.6B"} 2638
inference_extension_scheduler_attempts_total{namespace="biran",pod_name="qwen-qwe-3db867ce-en3-0-6b-decode-5c6d8d69bd-nf48v",port="8000",status="success",target_model_name="Qwen/Qwen3-0.6B"} 826
inference_extension_scheduler_attempts_total{namespace="biran",pod_name="qwen-qwe-3db867ce-en3-0-6b-decode-5c6d8d69bd-nlb2q",port="8000",status="success",target_model_name="Qwen/Qwen3-0.6B"} 780
inference_extension_scheduler_attempts_total{namespace="biran",pod_name="qwen-qwe-3db867ce-en3-0-6b-decode-5c6d8d69bd-nr2t4",port="8000",status="success",target_model_name="Qwen/Qwen3-0.6B"} 790
inference_extension_scheduler_attempts_total{namespace="biran",pod_name="qwen-qwe-3db867ce-en3-0-6b-decode-5c6d8d69bd-p8nmg",port="8000",status="success",target_model_name="Qwen/Qwen3-0.6B"} 4624
inference_extension_scheduler_attempts_total{namespace="biran",pod_name="qwen-qwe-3db867ce-en3-0-6b-decode-5c6d8d69bd-p9ccj",port="8000",status="success",target_model_name="Qwen/Qwen3-0.6B"} 903
inference_extension_scheduler_attempts_total{namespace="biran",pod_name="qwen-qwe-3db867ce-en3-0-6b-decode-5c6d8d69bd-pnnk5",port="8000",status="success",target_model_name="Qwen/Qwen3-0.6B"} 730
inference_extension_scheduler_attempts_total{namespace="biran",pod_name="qwen-qwe-3db867ce-en3-0-6b-decode-5c6d8d69bd-prlr6",port="8000",status="success",target_model_name="Qwen/Qwen3-0.6B"} 353
inference_extension_scheduler_attempts_total{namespace="biran",pod_name="qwen-qwe-3db867ce-en3-0-6b-decode-5c6d8d69bd-q2l98",port="8000",status="success",target_model_name="Qwen/Qwen3-0.6B"} 826
inference_extension_scheduler_attempts_total{namespace="biran",pod_name="qwen-qwe-3db867ce-en3-0-6b-decode-5c6d8d69bd-q6tbr",port="8000",status="success",target_model_name="Qwen/Qwen3-0.6B"} 1201
inference_extension_scheduler_attempts_total{namespace="biran",pod_name="qwen-qwe-3db867ce-en3-0-6b-decode-5c6d8d69bd-qwlkg",port="8000",status="success",target_model_name="Qwen/Qwen3-0.6B"} 622
inference_extension_scheduler_attempts_total{namespace="biran",pod_name="qwen-qwe-3db867ce-en3-0-6b-decode-5c6d8d69bd-r6mrd",port="8000",status="success",target_model_name="Qwen/Qwen3-0.6B"} 736
inference_extension_scheduler_attempts_total{namespace="biran",pod_name="qwen-qwe-3db867ce-en3-0-6b-decode-5c6d8d69bd-r7qsn",port="8000",status="success",target_model_name="Qwen/Qwen3-0.6B"} 482
inference_extension_scheduler_attempts_total{namespace="biran",pod_name="qwen-qwe-3db867ce-en3-0-6b-decode-5c6d8d69bd-r998q",port="8000",status="success",target_model_name="Qwen/Qwen3-0.6B"} 8326
inference_extension_scheduler_attempts_total{namespace="biran",pod_name="qwen-qwe-3db867ce-en3-0-6b-decode-5c6d8d69bd-r9v9t",port="8000",status="success",target_model_name="Qwen/Qwen3-0.6B"} 2113
inference_extension_scheduler_attempts_total{namespace="biran",pod_name="qwen-qwe-3db867ce-en3-0-6b-decode-5c6d8d69bd-rfbx4",port="8000",status="success",target_model_name="Qwen/Qwen3-0.6B"} 789
inference_extension_scheduler_attempts_total{namespace="biran",pod_name="qwen-qwe-3db867ce-en3-0-6b-decode-5c6d8d69bd-rsg4l",port="8000",status="success",target_model_name="Qwen/Qwen3-0.6B"} 885
inference_extension_scheduler_attempts_total{namespace="biran",pod_name="qwen-qwe-3db867ce-en3-0-6b-decode-5c6d8d69bd-rt2km",port="8000",status="success",target_model_name="Qwen/Qwen3-0.6B"} 403
inference_extension_scheduler_attempts_total{namespace="biran",pod_name="qwen-qwe-3db867ce-en3-0-6b-decode-5c6d8d69bd-rxm4q",port="8000",status="success",target_model_name="Qwen/Qwen3-0.6B"} 3850
inference_extension_scheduler_attempts_total{namespace="biran",pod_name="qwen-qwe-3db867ce-en3-0-6b-decode-5c6d8d69bd-s48xc",port="8000",status="success",target_model_name="Qwen/Qwen3-0.6B"} 543
inference_extension_scheduler_attempts_total{namespace="biran",pod_name="qwen-qwe-3db867ce-en3-0-6b-decode-5c6d8d69bd-sxskf",port="8000",status="success",target_model_name="Qwen/Qwen3-0.6B"} 4360
inference_extension_scheduler_attempts_total{namespace="biran",pod_name="qwen-qwe-3db867ce-en3-0-6b-decode-5c6d8d69bd-t6hgv",port="8000",status="success",target_model_name="Qwen/Qwen3-0.6B"} 595
inference_extension_scheduler_attempts_total{namespace="biran",pod_name="qwen-qwe-3db867ce-en3-0-6b-decode-5c6d8d69bd-tvd2x",port="8000",status="success",target_model_name="Qwen/Qwen3-0.6B"} 733
inference_extension_scheduler_attempts_total{namespace="biran",pod_name="qwen-qwe-3db867ce-en3-0-6b-decode-5c6d8d69bd-v2xdv",port="8000",status="success",target_model_name="Qwen/Qwen3-0.6B"} 418
inference_extension_scheduler_attempts_total{namespace="biran",pod_name="qwen-qwe-3db867ce-en3-0-6b-decode-5c6d8d69bd-vcf66",port="8000",status="success",target_model_name="Qwen/Qwen3-0.6B"} 3473
inference_extension_scheduler_attempts_total{namespace="biran",pod_name="qwen-qwe-3db867ce-en3-0-6b-decode-5c6d8d69bd-vj2mr",port="8000",status="success",target_model_name="Qwen/Qwen3-0.6B"} 567
inference_extension_scheduler_attempts_total{namespace="biran",pod_name="qwen-qwe-3db867ce-en3-0-6b-decode-5c6d8d69bd-vjvcv",port="8000",status="success",target_model_name="Qwen/Qwen3-0.6B"} 665
inference_extension_scheduler_attempts_total{namespace="biran",pod_name="qwen-qwe-3db867ce-en3-0-6b-decode-5c6d8d69bd-vvdct",port="8000",status="success",target_model_name="Qwen/Qwen3-0.6B"} 10011
inference_extension_scheduler_attempts_total{namespace="biran",pod_name="qwen-qwe-3db867ce-en3-0-6b-decode-5c6d8d69bd-vwnvd",port="8000",status="success",target_model_name="Qwen/Qwen3-0.6B"} 16513
inference_extension_scheduler_attempts_total{namespace="biran",pod_name="qwen-qwe-3db867ce-en3-0-6b-decode-5c6d8d69bd-w4cdh",port="8000",status="success",target_model_name="Qwen/Qwen3-0.6B"} 367
inference_extension_scheduler_attempts_total{namespace="biran",pod_name="qwen-qwe-3db867ce-en3-0-6b-decode-5c6d8d69bd-w8lfc",port="8000",status="success",target_model_name="Qwen/Qwen3-0.6B"} 3689
inference_extension_scheduler_attempts_total{namespace="biran",pod_name="qwen-qwe-3db867ce-en3-0-6b-decode-5c6d8d69bd-w8w7j",port="8000",status="success",target_model_name="Qwen/Qwen3-0.6B"} 4909
inference_extension_scheduler_attempts_total{namespace="biran",pod_name="qwen-qwe-3db867ce-en3-0-6b-decode-5c6d8d69bd-wjf67",port="8000",status="success",target_model_name="Qwen/Qwen3-0.6B"} 412
inference_extension_scheduler_attempts_total{namespace="biran",pod_name="qwen-qwe-3db867ce-en3-0-6b-decode-5c6d8d69bd-wkgrw",port="8000",status="success",target_model_name="Qwen/Qwen3-0.6B"} 763
inference_extension_scheduler_attempts_total{namespace="biran",pod_name="qwen-qwe-3db867ce-en3-0-6b-decode-5c6d8d69bd-wkqqc",port="8000",status="success",target_model_name="Qwen/Qwen3-0.6B"} 815
inference_extension_scheduler_attempts_total{namespace="biran",pod_name="qwen-qwe-3db867ce-en3-0-6b-decode-5c6d8d69bd-wttkw",port="8000",status="success",target_model_name="Qwen/Qwen3-0.6B"} 801
inference_extension_scheduler_attempts_total{namespace="biran",pod_name="qwen-qwe-3db867ce-en3-0-6b-decode-5c6d8d69bd-x2sc4",port="8000",status="success",target_model_name="Qwen/Qwen3-0.6B"} 629
inference_extension_scheduler_attempts_total{namespace="biran",pod_name="qwen-qwe-3db867ce-en3-0-6b-decode-5c6d8d69bd-xxtxm",port="8000",status="success",target_model_name="Qwen/Qwen3-0.6B"} 406
inference_extension_scheduler_attempts_total{namespace="biran",pod_name="qwen-qwe-3db867ce-en3-0-6b-decode-5c6d8d69bd-z6pp7",port="8000",status="success",target_model_name="Qwen/Qwen3-0.6B"} 397
inference_extension_scheduler_attempts_total{namespace="biran",pod_name="qwen-qwe-3db867ce-en3-0-6b-decode-5c6d8d69bd-zh5rf",port="8000",status="success",target_model_name="Qwen/Qwen3-0.6B"} 559
inference_extension_scheduler_attempts_total{namespace="biran",pod_name="qwen-qwe-3db867ce-en3-0-6b-decode-5c6d8d69bd-zkbfj",port="8000",status="success",target_model_name="Qwen/Qwen3-0.6B"} 868
# HELP inference_extension_scheduler_e2e_duration_seconds [ALPHA] [Deprecated: Use llm_d_epp_scheduler_e2e_duration_seconds] End-to-end scheduling latency distribution in seconds.
# TYPE inference_extension_scheduler_e2e_duration_seconds histogram
inference_extension_scheduler_e2e_duration_seconds_bucket{le="0.0001"} 3
inference_extension_scheduler_e2e_duration_seconds_bucket{le="0.0002"} 34754
inference_extension_scheduler_e2e_duration_seconds_bucket{le="0.0005"} 166254
inference_extension_scheduler_e2e_duration_seconds_bucket{le="0.001"} 185630
inference_extension_scheduler_e2e_duration_seconds_bucket{le="0.002"} 189257
inference_extension_scheduler_e2e_duration_seconds_bucket{le="0.005"} 191492
inference_extension_scheduler_e2e_duration_seconds_bucket{le="0.01"} 192620
inference_extension_scheduler_e2e_duration_seconds_bucket{le="0.02"} 193462
inference_extension_scheduler_e2e_duration_seconds_bucket{le="0.05"} 194098
inference_extension_scheduler_e2e_duration_seconds_bucket{le="0.1"} 194139
inference_extension_scheduler_e2e_duration_seconds_bucket{le="+Inf"} 194141
inference_extension_scheduler_e2e_duration_seconds_sum 111.20793429299923
inference_extension_scheduler_e2e_duration_seconds_count 194141
# HELP inference_objective_input_tokens [ALPHA] [Deprecated: Use llm_d_epp_input_tokens] Inference objective input token count distribution for requests in each model.
# TYPE inference_objective_input_tokens histogram
inference_objective_input_tokens_bucket{model_name="Qwen/Qwen3-0.6B",target_model_name="Qwen/Qwen3-0.6B",le="1"} 0
inference_objective_input_tokens_bucket{model_name="Qwen/Qwen3-0.6B",target_model_name="Qwen/Qwen3-0.6B",le="8"} 0
inference_objective_input_tokens_bucket{model_name="Qwen/Qwen3-0.6B",target_model_name="Qwen/Qwen3-0.6B",le="16"} 0
inference_objective_input_tokens_bucket{model_name="Qwen/Qwen3-0.6B",target_model_name="Qwen/Qwen3-0.6B",le="32"} 0
inference_objective_input_tokens_bucket{model_name="Qwen/Qwen3-0.6B",target_model_name="Qwen/Qwen3-0.6B",le="64"} 0
inference_objective_input_tokens_bucket{model_name="Qwen/Qwen3-0.6B",target_model_name="Qwen/Qwen3-0.6B",le="128"} 0
inference_objective_input_tokens_bucket{model_name="Qwen/Qwen3-0.6B",target_model_name="Qwen/Qwen3-0.6B",le="256"} 0
inference_objective_input_tokens_bucket{model_name="Qwen/Qwen3-0.6B",target_model_name="Qwen/Qwen3-0.6B",le="512"} 0
inference_objective_input_tokens_bucket{model_name="Qwen/Qwen3-0.6B",target_model_name="Qwen/Qwen3-0.6B",le="1024"} 0
inference_objective_input_tokens_bucket{model_name="Qwen/Qwen3-0.6B",target_model_name="Qwen/Qwen3-0.6B",le="2048"} 0
inference_objective_input_tokens_bucket{model_name="Qwen/Qwen3-0.6B",target_model_name="Qwen/Qwen3-0.6B",le="4096"} 5.061874e+06
inference_objective_input_tokens_bucket{model_name="Qwen/Qwen3-0.6B",target_model_name="Qwen/Qwen3-0.6B",le="8192"} 5.061874e+06
inference_objective_input_tokens_bucket{model_name="Qwen/Qwen3-0.6B",target_model_name="Qwen/Qwen3-0.6B",le="16384"} 5.061874e+06
inference_objective_input_tokens_bucket{model_name="Qwen/Qwen3-0.6B",target_model_name="Qwen/Qwen3-0.6B",le="32778"} 5.061874e+06
inference_objective_input_tokens_bucket{model_name="Qwen/Qwen3-0.6B",target_model_name="Qwen/Qwen3-0.6B",le="65536"} 5.061874e+06
inference_objective_input_tokens_bucket{model_name="Qwen/Qwen3-0.6B",target_model_name="Qwen/Qwen3-0.6B",le="131072"} 5.061874e+06
inference_objective_input_tokens_bucket{model_name="Qwen/Qwen3-0.6B",target_model_name="Qwen/Qwen3-0.6B",le="262144"} 5.061874e+06
inference_objective_input_tokens_bucket{model_name="Qwen/Qwen3-0.6B",target_model_name="Qwen/Qwen3-0.6B",le="524288"} 5.061874e+06
inference_objective_input_tokens_bucket{model_name="Qwen/Qwen3-0.6B",target_model_name="Qwen/Qwen3-0.6B",le="1.048576e+06"} 5.061874e+06
inference_objective_input_tokens_bucket{model_name="Qwen/Qwen3-0.6B",target_model_name="Qwen/Qwen3-0.6B",le="+Inf"} 5.061874e+06
inference_objective_input_tokens_sum{model_name="Qwen/Qwen3-0.6B",target_model_name="Qwen/Qwen3-0.6B"} 2.0252370663e+10
inference_objective_input_tokens_count{model_name="Qwen/Qwen3-0.6B",target_model_name="Qwen/Qwen3-0.6B"} 5.061874e+06
# HELP inference_objective_normalized_time_per_output_token_seconds [ALPHA] [Deprecated: Use llm_d_epp_normalized_time_per_output_token_seconds] Inference objective latency divided by number of output tokens in seconds for each model and target model.
# TYPE inference_objective_normalized_time_per_output_token_seconds histogram
inference_objective_normalized_time_per_output_token_seconds_bucket{model_name="Qwen/Qwen3-0.6B",target_model_name="Qwen/Qwen3-0.6B",le="0.001"} 0
inference_objective_normalized_time_per_output_token_seconds_bucket{model_name="Qwen/Qwen3-0.6B",target_model_name="Qwen/Qwen3-0.6B",le="0.002"} 0
inference_objective_normalized_time_per_output_token_seconds_bucket{model_name="Qwen/Qwen3-0.6B",target_model_name="Qwen/Qwen3-0.6B",le="0.005"} 0
inference_objective_normalized_time_per_output_token_seconds_bucket{model_name="Qwen/Qwen3-0.6B",target_model_name="Qwen/Qwen3-0.6B",le="0.01"} 35888
inference_objective_normalized_time_per_output_token_seconds_bucket{model_name="Qwen/Qwen3-0.6B",target_model_name="Qwen/Qwen3-0.6B",le="0.02"} 159729
inference_objective_normalized_time_per_output_token_seconds_bucket{model_name="Qwen/Qwen3-0.6B",target_model_name="Qwen/Qwen3-0.6B",le="0.05"} 176599
inference_objective_normalized_time_per_output_token_seconds_bucket{model_name="Qwen/Qwen3-0.6B",target_model_name="Qwen/Qwen3-0.6B",le="0.1"} 186556
inference_objective_normalized_time_per_output_token_seconds_bucket{model_name="Qwen/Qwen3-0.6B",target_model_name="Qwen/Qwen3-0.6B",le="0.2"} 192014
inference_objective_normalized_time_per_output_token_seconds_bucket{model_name="Qwen/Qwen3-0.6B",target_model_name="Qwen/Qwen3-0.6B",le="0.5"} 192014
inference_objective_normalized_time_per_output_token_seconds_bucket{model_name="Qwen/Qwen3-0.6B",target_model_name="Qwen/Qwen3-0.6B",le="1"} 192014
inference_objective_normalized_time_per_output_token_seconds_bucket{model_name="Qwen/Qwen3-0.6B",target_model_name="Qwen/Qwen3-0.6B",le="2"} 192014
inference_objective_normalized_time_per_output_token_seconds_bucket{model_name="Qwen/Qwen3-0.6B",target_model_name="Qwen/Qwen3-0.6B",le="5"} 192014
inference_objective_normalized_time_per_output_token_seconds_bucket{model_name="Qwen/Qwen3-0.6B",target_model_name="Qwen/Qwen3-0.6B",le="10"} 192014
inference_objective_normalized_time_per_output_token_seconds_bucket{model_name="Qwen/Qwen3-0.6B",target_model_name="Qwen/Qwen3-0.6B",le="+Inf"} 192014
inference_objective_normalized_time_per_output_token_seconds_sum{model_name="Qwen/Qwen3-0.6B",target_model_name="Qwen/Qwen3-0.6B"} 3797.2647185190262
inference_objective_normalized_time_per_output_token_seconds_count{model_name="Qwen/Qwen3-0.6B",target_model_name="Qwen/Qwen3-0.6B"} 192014
# HELP inference_objective_output_tokens [ALPHA] [Deprecated: Use llm_d_epp_output_tokens] Inference objective output token count distribution for requests in each model.
# TYPE inference_objective_output_tokens histogram
inference_objective_output_tokens_bucket{model_name="Qwen/Qwen3-0.6B",target_model_name="Qwen/Qwen3-0.6B",le="1"} 5034
inference_objective_output_tokens_bucket{model_name="Qwen/Qwen3-0.6B",target_model_name="Qwen/Qwen3-0.6B",le="8"} 40214
inference_objective_output_tokens_bucket{model_name="Qwen/Qwen3-0.6B",target_model_name="Qwen/Qwen3-0.6B",le="16"} 80306
inference_objective_output_tokens_bucket{model_name="Qwen/Qwen3-0.6B",target_model_name="Qwen/Qwen3-0.6B",le="32"} 160129
inference_objective_output_tokens_bucket{model_name="Qwen/Qwen3-0.6B",target_model_name="Qwen/Qwen3-0.6B",le="64"} 318418
inference_objective_output_tokens_bucket{model_name="Qwen/Qwen3-0.6B",target_model_name="Qwen/Qwen3-0.6B",le="128"} 634161
inference_objective_output_tokens_bucket{model_name="Qwen/Qwen3-0.6B",target_model_name="Qwen/Qwen3-0.6B",le="256"} 1.272908e+06
inference_objective_output_tokens_bucket{model_name="Qwen/Qwen3-0.6B",target_model_name="Qwen/Qwen3-0.6B",le="512"} 2.520346e+06
inference_objective_output_tokens_bucket{model_name="Qwen/Qwen3-0.6B",target_model_name="Qwen/Qwen3-0.6B",le="1024"} 5.061874e+06
inference_objective_output_tokens_bucket{model_name="Qwen/Qwen3-0.6B",target_model_name="Qwen/Qwen3-0.6B",le="2048"} 5.061874e+06
inference_objective_output_tokens_bucket{model_name="Qwen/Qwen3-0.6B",target_model_name="Qwen/Qwen3-0.6B",le="4096"} 5.061874e+06
inference_objective_output_tokens_bucket{model_name="Qwen/Qwen3-0.6B",target_model_name="Qwen/Qwen3-0.6B",le="8192"} 5.061874e+06
inference_objective_output_tokens_bucket{model_name="Qwen/Qwen3-0.6B",target_model_name="Qwen/Qwen3-0.6B",le="+Inf"} 5.061874e+06
inference_objective_output_tokens_sum{model_name="Qwen/Qwen3-0.6B",target_model_name="Qwen/Qwen3-0.6B"} 2.608615034e+09
inference_objective_output_tokens_count{model_name="Qwen/Qwen3-0.6B",target_model_name="Qwen/Qwen3-0.6B"} 5.061874e+06
# HELP inference_objective_request_duration_seconds [ALPHA] [Deprecated: Use llm_d_epp_request_duration_seconds] Inference objective response latency distribution in seconds for each model and target model.
# TYPE inference_objective_request_duration_seconds histogram
inference_objective_request_duration_seconds_bucket{model_name="",target_model_name="",le="0.005"} 12
inference_objective_request_duration_seconds_bucket{model_name="",target_model_name="",le="0.025"} 12
inference_objective_request_duration_seconds_bucket{model_name="",target_model_name="",le="0.05"} 12
inference_objective_request_duration_seconds_bucket{model_name="",target_model_name="",le="0.1"} 12
inference_objective_request_duration_seconds_bucket{model_name="",target_model_name="",le="0.2"} 12
inference_objective_request_duration_seconds_bucket{model_name="",target_model_name="",le="0.4"} 12
inference_objective_request_duration_seconds_bucket{model_name="",target_model_name="",le="0.6"} 12
inference_objective_request_duration_seconds_bucket{model_name="",target_model_name="",le="0.8"} 12
inference_objective_request_duration_seconds_bucket{model_name="",target_model_name="",le="1"} 12
inference_objective_request_duration_seconds_bucket{model_name="",target_model_name="",le="1.25"} 12
inference_objective_request_duration_seconds_bucket{model_name="",target_model_name="",le="1.5"} 12
inference_objective_request_duration_seconds_bucket{model_name="",target_model_name="",le="2"} 12
inference_objective_request_duration_seconds_bucket{model_name="",target_model_name="",le="3"} 12
inference_objective_request_duration_seconds_bucket{model_name="",target_model_name="",le="4"} 12
inference_objective_request_duration_seconds_bucket{model_name="",target_model_name="",le="5"} 12
inference_objective_request_duration_seconds_bucket{model_name="",target_model_name="",le="6"} 12
inference_objective_request_duration_seconds_bucket{model_name="",target_model_name="",le="8"} 12
inference_objective_request_duration_seconds_bucket{model_name="",target_model_name="",le="10"} 12
inference_objective_request_duration_seconds_bucket{model_name="",target_model_name="",le="15"} 12
inference_objective_request_duration_seconds_bucket{model_name="",target_model_name="",le="20"} 12
inference_objective_request_duration_seconds_bucket{model_name="",target_model_name="",le="30"} 12
inference_objective_request_duration_seconds_bucket{model_name="",target_model_name="",le="45"} 12
inference_objective_request_duration_seconds_bucket{model_name="",target_model_name="",le="60"} 12
inference_objective_request_duration_seconds_bucket{model_name="",target_model_name="",le="120"} 12
inference_objective_request_duration_seconds_bucket{model_name="",target_model_name="",le="180"} 12
inference_objective_request_duration_seconds_bucket{model_name="",target_model_name="",le="240"} 12
inference_objective_request_duration_seconds_bucket{model_name="",target_model_name="",le="300"} 12
inference_objective_request_duration_seconds_bucket{model_name="",target_model_name="",le="360"} 12
inference_objective_request_duration_seconds_bucket{model_name="",target_model_name="",le="480"} 12
inference_objective_request_duration_seconds_bucket{model_name="",target_model_name="",le="600"} 12
inference_objective_request_duration_seconds_bucket{model_name="",target_model_name="",le="900"} 12
inference_objective_request_duration_seconds_bucket{model_name="",target_model_name="",le="1200"} 12
inference_objective_request_duration_seconds_bucket{model_name="",target_model_name="",le="1800"} 12
inference_objective_request_duration_seconds_bucket{model_name="",target_model_name="",le="2700"} 12
inference_objective_request_duration_seconds_bucket{model_name="",target_model_name="",le="3600"} 12
inference_objective_request_duration_seconds_bucket{model_name="",target_model_name="",le="+Inf"} 12
inference_objective_request_duration_seconds_sum{model_name="",target_model_name=""} 0.028854508
inference_objective_request_duration_seconds_count{model_name="",target_model_name=""} 12
inference_objective_request_duration_seconds_bucket{model_name="Qwen/Qwen3-0.6B",target_model_name="Qwen/Qwen3-0.6B",le="0.005"} 2
inference_objective_request_duration_seconds_bucket{model_name="Qwen/Qwen3-0.6B",target_model_name="Qwen/Qwen3-0.6B",le="0.025"} 4
inference_objective_request_duration_seconds_bucket{model_name="Qwen/Qwen3-0.6B",target_model_name="Qwen/Qwen3-0.6B",le="0.05"} 6
inference_objective_request_duration_seconds_bucket{model_name="Qwen/Qwen3-0.6B",target_model_name="Qwen/Qwen3-0.6B",le="0.1"} 6
inference_objective_request_duration_seconds_bucket{model_name="Qwen/Qwen3-0.6B",target_model_name="Qwen/Qwen3-0.6B",le="0.2"} 6
inference_objective_request_duration_seconds_bucket{model_name="Qwen/Qwen3-0.6B",target_model_name="Qwen/Qwen3-0.6B",le="0.4"} 7
inference_objective_request_duration_seconds_bucket{model_name="Qwen/Qwen3-0.6B",target_model_name="Qwen/Qwen3-0.6B",le="0.6"} 7
inference_objective_request_duration_seconds_bucket{model_name="Qwen/Qwen3-0.6B",target_model_name="Qwen/Qwen3-0.6B",le="0.8"} 7
inference_objective_request_duration_seconds_bucket{model_name="Qwen/Qwen3-0.6B",target_model_name="Qwen/Qwen3-0.6B",le="1"} 7
inference_objective_request_duration_seconds_bucket{model_name="Qwen/Qwen3-0.6B",target_model_name="Qwen/Qwen3-0.6B",le="1.25"} 7
inference_objective_request_duration_seconds_bucket{model_name="Qwen/Qwen3-0.6B",target_model_name="Qwen/Qwen3-0.6B",le="1.5"} 7
inference_objective_request_duration_seconds_bucket{model_name="Qwen/Qwen3-0.6B",target_model_name="Qwen/Qwen3-0.6B",le="2"} 7
inference_objective_request_duration_seconds_bucket{model_name="Qwen/Qwen3-0.6B",target_model_name="Qwen/Qwen3-0.6B",le="3"} 6354
inference_objective_request_duration_seconds_bucket{model_name="Qwen/Qwen3-0.6B",target_model_name="Qwen/Qwen3-0.6B",le="4"} 11768
inference_objective_request_duration_seconds_bucket{model_name="Qwen/Qwen3-0.6B",target_model_name="Qwen/Qwen3-0.6B",le="5"} 12011
inference_objective_request_duration_seconds_bucket{model_name="Qwen/Qwen3-0.6B",target_model_name="Qwen/Qwen3-0.6B",le="6"} 12012
inference_objective_request_duration_seconds_bucket{model_name="Qwen/Qwen3-0.6B",target_model_name="Qwen/Qwen3-0.6B",le="8"} 12019
inference_objective_request_duration_seconds_bucket{model_name="Qwen/Qwen3-0.6B",target_model_name="Qwen/Qwen3-0.6B",le="10"} 47895
inference_objective_request_duration_seconds_bucket{model_name="Qwen/Qwen3-0.6B",target_model_name="Qwen/Qwen3-0.6B",le="15"} 137172
inference_objective_request_duration_seconds_bucket{model_name="Qwen/Qwen3-0.6B",target_model_name="Qwen/Qwen3-0.6B",le="20"} 159736
inference_objective_request_duration_seconds_bucket{model_name="Qwen/Qwen3-0.6B",target_model_name="Qwen/Qwen3-0.6B",le="30"} 166838
inference_objective_request_duration_seconds_bucket{model_name="Qwen/Qwen3-0.6B",target_model_name="Qwen/Qwen3-0.6B",le="45"} 175163
inference_objective_request_duration_seconds_bucket{model_name="Qwen/Qwen3-0.6B",target_model_name="Qwen/Qwen3-0.6B",le="60"} 179437
inference_objective_request_duration_seconds_bucket{model_name="Qwen/Qwen3-0.6B",target_model_name="Qwen/Qwen3-0.6B",le="120"} 190343
inference_objective_request_duration_seconds_bucket{model_name="Qwen/Qwen3-0.6B",target_model_name="Qwen/Qwen3-0.6B",le="180"} 192021
inference_objective_request_duration_seconds_bucket{model_name="Qwen/Qwen3-0.6B",target_model_name="Qwen/Qwen3-0.6B",le="240"} 192021
inference_objective_request_duration_seconds_bucket{model_name="Qwen/Qwen3-0.6B",target_model_name="Qwen/Qwen3-0.6B",le="300"} 192021
inference_objective_request_duration_seconds_bucket{model_name="Qwen/Qwen3-0.6B",target_model_name="Qwen/Qwen3-0.6B",le="360"} 192021
inference_objective_request_duration_seconds_bucket{model_name="Qwen/Qwen3-0.6B",target_model_name="Qwen/Qwen3-0.6B",le="480"} 192021
inference_objective_request_duration_seconds_bucket{model_name="Qwen/Qwen3-0.6B",target_model_name="Qwen/Qwen3-0.6B",le="600"} 192021
inference_objective_request_duration_seconds_bucket{model_name="Qwen/Qwen3-0.6B",target_model_name="Qwen/Qwen3-0.6B",le="900"} 192021
inference_objective_request_duration_seconds_bucket{model_name="Qwen/Qwen3-0.6B",target_model_name="Qwen/Qwen3-0.6B",le="1200"} 192021
inference_objective_request_duration_seconds_bucket{model_name="Qwen/Qwen3-0.6B",target_model_name="Qwen/Qwen3-0.6B",le="1800"} 192021
inference_objective_request_duration_seconds_bucket{model_name="Qwen/Qwen3-0.6B",target_model_name="Qwen/Qwen3-0.6B",le="2700"} 192021
inference_objective_request_duration_seconds_bucket{model_name="Qwen/Qwen3-0.6B",target_model_name="Qwen/Qwen3-0.6B",le="3600"} 192021
inference_objective_request_duration_seconds_bucket{model_name="Qwen/Qwen3-0.6B",target_model_name="Qwen/Qwen3-0.6B",le="+Inf"} 192021
inference_objective_request_duration_seconds_sum{model_name="Qwen/Qwen3-0.6B",target_model_name="Qwen/Qwen3-0.6B"} 3.688381849130798e+06
inference_objective_request_duration_seconds_count{model_name="Qwen/Qwen3-0.6B",target_model_name="Qwen/Qwen3-0.6B"} 192021
# HELP inference_objective_request_error_total [ALPHA] [Deprecated: Use llm_d_epp_request_error_total] Counter of inference objective requests errors broken out for each model and target model.
# TYPE inference_objective_request_error_total counter
inference_objective_request_error_total{error_code="Internal",model_name="",target_model_name=""} 10
inference_objective_request_error_total{error_code="ServiceUnavailable",model_name="Qwen/Qwen3-0.6B",target_model_name="Qwen/Qwen3-0.6B"} 546
# HELP inference_objective_request_sizes [ALPHA] [Deprecated: Use llm_d_epp_request_sizes] Inference objective requests size distribution in bytes for each model and target model.
# TYPE inference_objective_request_sizes histogram
inference_objective_request_sizes_bucket{model_name="Qwen/Qwen3-0.6B",target_model_name="Qwen/Qwen3-0.6B",le="64"} 0
inference_objective_request_sizes_bucket{model_name="Qwen/Qwen3-0.6B",target_model_name="Qwen/Qwen3-0.6B",le="128"} 0
inference_objective_request_sizes_bucket{model_name="Qwen/Qwen3-0.6B",target_model_name="Qwen/Qwen3-0.6B",le="256"} 0
inference_objective_request_sizes_bucket{model_name="Qwen/Qwen3-0.6B",target_model_name="Qwen/Qwen3-0.6B",le="512"} 0
inference_objective_request_sizes_bucket{model_name="Qwen/Qwen3-0.6B",target_model_name="Qwen/Qwen3-0.6B",le="1024"} 0
inference_objective_request_sizes_bucket{model_name="Qwen/Qwen3-0.6B",target_model_name="Qwen/Qwen3-0.6B",le="2048"} 0
inference_objective_request_sizes_bucket{model_name="Qwen/Qwen3-0.6B",target_model_name="Qwen/Qwen3-0.6B",le="4096"} 0
inference_objective_request_sizes_bucket{model_name="Qwen/Qwen3-0.6B",target_model_name="Qwen/Qwen3-0.6B",le="8192"} 0
inference_objective_request_sizes_bucket{model_name="Qwen/Qwen3-0.6B",target_model_name="Qwen/Qwen3-0.6B",le="16384"} 0
inference_objective_request_sizes_bucket{model_name="Qwen/Qwen3-0.6B",target_model_name="Qwen/Qwen3-0.6B",le="32768"} 194141
inference_objective_request_sizes_bucket{model_name="Qwen/Qwen3-0.6B",target_model_name="Qwen/Qwen3-0.6B",le="65536"} 194141
inference_objective_request_sizes_bucket{model_name="Qwen/Qwen3-0.6B",target_model_name="Qwen/Qwen3-0.6B",le="131072"} 194141
inference_objective_request_sizes_bucket{model_name="Qwen/Qwen3-0.6B",target_model_name="Qwen/Qwen3-0.6B",le="262144"} 194141
inference_objective_request_sizes_bucket{model_name="Qwen/Qwen3-0.6B",target_model_name="Qwen/Qwen3-0.6B",le="524288"} 194141
inference_objective_request_sizes_bucket{model_name="Qwen/Qwen3-0.6B",target_model_name="Qwen/Qwen3-0.6B",le="1.048576e+06"} 194141
inference_objective_request_sizes_bucket{model_name="Qwen/Qwen3-0.6B",target_model_name="Qwen/Qwen3-0.6B",le="2.097152e+06"} 194141
inference_objective_request_sizes_bucket{model_name="Qwen/Qwen3-0.6B",target_model_name="Qwen/Qwen3-0.6B",le="4.194304e+06"} 194141
inference_objective_request_sizes_bucket{model_name="Qwen/Qwen3-0.6B",target_model_name="Qwen/Qwen3-0.6B",le="8.388608e+06"} 194141
inference_objective_request_sizes_bucket{model_name="Qwen/Qwen3-0.6B",target_model_name="Qwen/Qwen3-0.6B",le="1.6777216e+07"} 194141
inference_objective_request_sizes_bucket{model_name="Qwen/Qwen3-0.6B",target_model_name="Qwen/Qwen3-0.6B",le="3.3554432e+07"} 194141
inference_objective_request_sizes_bucket{model_name="Qwen/Qwen3-0.6B",target_model_name="Qwen/Qwen3-0.6B",le="6.7108864e+07"} 194141
inference_objective_request_sizes_bucket{model_name="Qwen/Qwen3-0.6B",target_model_name="Qwen/Qwen3-0.6B",le="1.34217728e+08"} 194141
inference_objective_request_sizes_bucket{model_name="Qwen/Qwen3-0.6B",target_model_name="Qwen/Qwen3-0.6B",le="2.68435456e+08"} 194141
inference_objective_request_sizes_bucket{model_name="Qwen/Qwen3-0.6B",target_model_name="Qwen/Qwen3-0.6B",le="5.36870912e+08"} 194141
inference_objective_request_sizes_bucket{model_name="Qwen/Qwen3-0.6B",target_model_name="Qwen/Qwen3-0.6B",le="1.073741824e+09"} 194141
inference_objective_request_sizes_bucket{model_name="Qwen/Qwen3-0.6B",target_model_name="Qwen/Qwen3-0.6B",le="+Inf"} 194141
inference_objective_request_sizes_sum{model_name="Qwen/Qwen3-0.6B",target_model_name="Qwen/Qwen3-0.6B"} 4.844837927e+09
inference_objective_request_sizes_count{model_name="Qwen/Qwen3-0.6B",target_model_name="Qwen/Qwen3-0.6B"} 194141
# HELP inference_objective_request_total [ALPHA] [Deprecated: Use llm_d_epp_request_total] Counter of inference objective requests broken out for each model and target model.
# TYPE inference_objective_request_total counter
inference_objective_request_total{model_name="Qwen/Qwen3-0.6B",priority="0",target_model_name="Qwen/Qwen3-0.6B"} 194141
# HELP inference_objective_response_sizes [ALPHA] [Deprecated: Use llm_d_epp_response_sizes] Inference objective responses size distribution in bytes for each model and target model.
# TYPE inference_objective_response_sizes histogram
inference_objective_response_sizes_bucket{model_name="",target_model_name="",le="1"} 0
inference_objective_response_sizes_bucket{model_name="",target_model_name="",le="8"} 0
inference_objective_response_sizes_bucket{model_name="",target_model_name="",le="16"} 0
inference_objective_response_sizes_bucket{model_name="",target_model_name="",le="32"} 0
inference_objective_response_sizes_bucket{model_name="",target_model_name="",le="64"} 0
inference_objective_response_sizes_bucket{model_name="",target_model_name="",le="128"} 0
inference_objective_response_sizes_bucket{model_name="",target_model_name="",le="256"} 0
inference_objective_response_sizes_bucket{model_name="",target_model_name="",le="512"} 12
inference_objective_response_sizes_bucket{model_name="",target_model_name="",le="1024"} 12
inference_objective_response_sizes_bucket{model_name="",target_model_name="",le="2048"} 12
inference_objective_response_sizes_bucket{model_name="",target_model_name="",le="4096"} 12
inference_objective_response_sizes_bucket{model_name="",target_model_name="",le="8192"} 12
inference_objective_response_sizes_bucket{model_name="",target_model_name="",le="16384"} 12
inference_objective_response_sizes_bucket{model_name="",target_model_name="",le="32778"} 12
inference_objective_response_sizes_bucket{model_name="",target_model_name="",le="65536"} 12
inference_objective_response_sizes_bucket{model_name="",target_model_name="",le="+Inf"} 12
inference_objective_response_sizes_sum{model_name="",target_model_name=""} 5808
inference_objective_response_sizes_count{model_name="",target_model_name=""} 12
inference_objective_response_sizes_bucket{model_name="Qwen/Qwen3-0.6B",target_model_name="Qwen/Qwen3-0.6B",le="1"} 0
inference_objective_response_sizes_bucket{model_name="Qwen/Qwen3-0.6B",target_model_name="Qwen/Qwen3-0.6B",le="8"} 0
inference_objective_response_sizes_bucket{model_name="Qwen/Qwen3-0.6B",target_model_name="Qwen/Qwen3-0.6B",le="16"} 0
inference_objective_response_sizes_bucket{model_name="Qwen/Qwen3-0.6B",target_model_name="Qwen/Qwen3-0.6B",le="32"} 0
inference_objective_response_sizes_bucket{model_name="Qwen/Qwen3-0.6B",target_model_name="Qwen/Qwen3-0.6B",le="64"} 0
inference_objective_response_sizes_bucket{model_name="Qwen/Qwen3-0.6B",target_model_name="Qwen/Qwen3-0.6B",le="128"} 1
inference_objective_response_sizes_bucket{model_name="Qwen/Qwen3-0.6B",target_model_name="Qwen/Qwen3-0.6B",le="256"} 7
inference_objective_response_sizes_bucket{model_name="Qwen/Qwen3-0.6B",target_model_name="Qwen/Qwen3-0.6B",le="512"} 7
inference_objective_response_sizes_bucket{model_name="Qwen/Qwen3-0.6B",target_model_name="Qwen/Qwen3-0.6B",le="1024"} 7
inference_objective_response_sizes_bucket{model_name="Qwen/Qwen3-0.6B",target_model_name="Qwen/Qwen3-0.6B",le="2048"} 7
inference_objective_response_sizes_bucket{model_name="Qwen/Qwen3-0.6B",target_model_name="Qwen/Qwen3-0.6B",le="4096"} 7
inference_objective_response_sizes_bucket{model_name="Qwen/Qwen3-0.6B",target_model_name="Qwen/Qwen3-0.6B",le="8192"} 7
inference_objective_response_sizes_bucket{model_name="Qwen/Qwen3-0.6B",target_model_name="Qwen/Qwen3-0.6B",le="16384"} 7
inference_objective_response_sizes_bucket{model_name="Qwen/Qwen3-0.6B",target_model_name="Qwen/Qwen3-0.6B",le="32778"} 7
inference_objective_response_sizes_bucket{model_name="Qwen/Qwen3-0.6B",target_model_name="Qwen/Qwen3-0.6B",le="65536"} 17
inference_objective_response_sizes_bucket{model_name="Qwen/Qwen3-0.6B",target_model_name="Qwen/Qwen3-0.6B",le="+Inf"} 192021
inference_objective_response_sizes_sum{model_name="Qwen/Qwen3-0.6B",target_model_name="Qwen/Qwen3-0.6B"} 4.9407367714e+10
inference_objective_response_sizes_count{model_name="Qwen/Qwen3-0.6B",target_model_name="Qwen/Qwen3-0.6B"} 192021
# HELP inference_objective_running_requests [ALPHA] [Deprecated: Use llm_d_epp_running_requests] Inference objective number of running requests in each model.
# TYPE inference_objective_running_requests gauge
inference_objective_running_requests{model_name="Qwen/Qwen3-0.6B"} 39
# HELP inference_pool_average_kv_cache_utilization [ALPHA] [Deprecated: Use llm_d_epp_average_kv_cache_utilization] The average kv cache utilization for an inference server pool.
# TYPE inference_pool_average_kv_cache_utilization gauge
inference_pool_average_kv_cache_utilization{name="qwen-qwe-3db867ce-en3-0-6b-router"} 0.07832211942809084
# HELP inference_pool_average_queue_size [ALPHA] [Deprecated: Use llm_d_epp_average_queue_size] The average number of requests pending in the model server queue.
# TYPE inference_pool_average_queue_size gauge
inference_pool_average_queue_size{name="qwen-qwe-3db867ce-en3-0-6b-router"} 0
# HELP inference_pool_average_running_requests [ALPHA] [Deprecated: Use llm_d_epp_average_running_requests] The average number of running requests across model servers in the pool.
# TYPE inference_pool_average_running_requests gauge
inference_pool_average_running_requests{name="qwen-qwe-3db867ce-en3-0-6b-router"} 10.5
# HELP inference_pool_per_pod_queue_size [ALPHA] The total number of requests pending in the model server queue for each underlying pod.
# TYPE inference_pool_per_pod_queue_size gauge
inference_pool_per_pod_queue_size{model_server_pod="qwen-qwe-3db867ce-en3-0-6b-decode-5c6d8d69bd-2hnk5-rank-0",name="qwen-qwe-3db867ce-en3-0-6b-router"} 0
inference_pool_per_pod_queue_size{model_server_pod="qwen-qwe-3db867ce-en3-0-6b-decode-5c6d8d69bd-4m65f-rank-0",name="qwen-qwe-3db867ce-en3-0-6b-router"} 0
inference_pool_per_pod_queue_size{model_server_pod="qwen-qwe-3db867ce-en3-0-6b-decode-5c6d8d69bd-9hvmc-rank-0",name="qwen-qwe-3db867ce-en3-0-6b-router"} 0
inference_pool_per_pod_queue_size{model_server_pod="qwen-qwe-3db867ce-en3-0-6b-decode-5c6d8d69bd-vvdct-rank-0",name="qwen-qwe-3db867ce-en3-0-6b-router"} 0
# HELP inference_pool_ready_pods [ALPHA] [Deprecated: Use llm_d_epp_ready_endpoints] The number of ready pods in the inference server pool.
# TYPE inference_pool_ready_pods gauge
inference_pool_ready_pods{name="qwen-qwe-3db867ce-en3-0-6b-router"} 4
# HELP llm_d_epp_average_kv_cache_utilization [ALPHA] The average kv cache utilization for an inference server pool.
# TYPE llm_d_epp_average_kv_cache_utilization gauge
llm_d_epp_average_kv_cache_utilization{name="qwen-qwe-3db867ce-en3-0-6b-router"} 0.07832211942809084
# HELP llm_d_epp_average_queue_size [ALPHA] The average number of requests pending in the model server queue.
# TYPE llm_d_epp_average_queue_size gauge
llm_d_epp_average_queue_size{name="qwen-qwe-3db867ce-en3-0-6b-router"} 0
# HELP llm_d_epp_average_running_requests [ALPHA] The average number of running requests across model servers in the pool.
# TYPE llm_d_epp_average_running_requests gauge
llm_d_epp_average_running_requests{name="qwen-qwe-3db867ce-en3-0-6b-router"} 10.5
# HELP llm_d_epp_datalayer_poll_errors_total [ALPHA] Data-source poll errors per source type.
# TYPE llm_d_epp_datalayer_poll_errors_total counter
llm_d_epp_datalayer_poll_errors_total{source_type="metrics-data-source"} 17
# HELP llm_d_epp_flow_control_dispatch_cycle_duration_seconds [ALPHA] Distribution of time taken for each internal dispatch cycle in the Flow Control layer.
# TYPE llm_d_epp_flow_control_dispatch_cycle_duration_seconds histogram
llm_d_epp_flow_control_dispatch_cycle_duration_seconds_bucket{le="0.0001"} 3.60537198e+08
llm_d_epp_flow_control_dispatch_cycle_duration_seconds_bucket{le="0.0002"} 3.60666406e+08
llm_d_epp_flow_control_dispatch_cycle_duration_seconds_bucket{le="0.0005"} 3.60738348e+08
llm_d_epp_flow_control_dispatch_cycle_duration_seconds_bucket{le="0.001"} 3.60752705e+08
llm_d_epp_flow_control_dispatch_cycle_duration_seconds_bucket{le="0.002"} 3.60758448e+08
llm_d_epp_flow_control_dispatch_cycle_duration_seconds_bucket{le="0.005"} 3.60762794e+08
llm_d_epp_flow_control_dispatch_cycle_duration_seconds_bucket{le="0.01"} 3.60763547e+08
llm_d_epp_flow_control_dispatch_cycle_duration_seconds_bucket{le="0.02"} 3.60763846e+08
llm_d_epp_flow_control_dispatch_cycle_duration_seconds_bucket{le="0.05"} 3.60763967e+08
llm_d_epp_flow_control_dispatch_cycle_duration_seconds_bucket{le="0.1"} 3.60763987e+08
llm_d_epp_flow_control_dispatch_cycle_duration_seconds_bucket{le="+Inf"} 3.60763992e+08
llm_d_epp_flow_control_dispatch_cycle_duration_seconds_sum 706.1952623668857
llm_d_epp_flow_control_dispatch_cycle_duration_seconds_count 3.60763992e+08
# HELP llm_d_epp_flow_control_pool_saturation [ALPHA] Current saturation level of the inference pool (0.0 = empty, 1.0 = fully saturated).
# TYPE llm_d_epp_flow_control_pool_saturation gauge
llm_d_epp_flow_control_pool_saturation{inference_pool="qwen-qwe-3db867ce-en3-0-6b-router"} 0.08830950378469302
# HELP llm_d_epp_flow_control_queue_bytes [ALPHA] Current total size in bytes of requests actively held in the Flow Control queue.
# TYPE llm_d_epp_flow_control_queue_bytes gauge
llm_d_epp_flow_control_queue_bytes{fairness_id="default-flow",inference_pool="qwen-qwe-3db867ce-en3-0-6b-router",model_name="Qwen/Qwen3-0.6B",priority="0",target_model_name="Qwen/Qwen3-0.6B"} 0
# HELP llm_d_epp_flow_control_queue_size [ALPHA] Current number of requests actively held in the Flow Control queue.
# TYPE llm_d_epp_flow_control_queue_size gauge
llm_d_epp_flow_control_queue_size{fairness_id="default-flow",inference_pool="qwen-qwe-3db867ce-en3-0-6b-router",model_name="Qwen/Qwen3-0.6B",priority="0",target_model_name="Qwen/Qwen3-0.6B"} 0
# HELP llm_d_epp_flow_control_request_enqueue_duration_seconds [ALPHA] Distribution of time taken to enqueue requests into the Flow Control layer.
# TYPE llm_d_epp_flow_control_request_enqueue_duration_seconds histogram
llm_d_epp_flow_control_request_enqueue_duration_seconds_bucket{fairness_id="default-flow",outcome="NotYetFinalized",priority="0",le="0.0001"} 194301
llm_d_epp_flow_control_request_enqueue_duration_seconds_bucket{fairness_id="default-flow",outcome="NotYetFinalized",priority="0",le="0.0002"} 194578
llm_d_epp_flow_control_request_enqueue_duration_seconds_bucket{fairness_id="default-flow",outcome="NotYetFinalized",priority="0",le="0.0005"} 194644
llm_d_epp_flow_control_request_enqueue_duration_seconds_bucket{fairness_id="default-flow",outcome="NotYetFinalized",priority="0",le="0.001"} 194658
llm_d_epp_flow_control_request_enqueue_duration_seconds_bucket{fairness_id="default-flow",outcome="NotYetFinalized",priority="0",le="0.002"} 194675
llm_d_epp_flow_control_request_enqueue_duration_seconds_bucket{fairness_id="default-flow",outcome="NotYetFinalized",priority="0",le="0.005"} 194686
llm_d_epp_flow_control_request_enqueue_duration_seconds_bucket{fairness_id="default-flow",outcome="NotYetFinalized",priority="0",le="0.01"} 194687
llm_d_epp_flow_control_request_enqueue_duration_seconds_bucket{fairness_id="default-flow",outcome="NotYetFinalized",priority="0",le="0.02"} 194687
llm_d_epp_flow_control_request_enqueue_duration_seconds_bucket{fairness_id="default-flow",outcome="NotYetFinalized",priority="0",le="0.05"} 194687
llm_d_epp_flow_control_request_enqueue_duration_seconds_bucket{fairness_id="default-flow",outcome="NotYetFinalized",priority="0",le="0.1"} 194687
llm_d_epp_flow_control_request_enqueue_duration_seconds_bucket{fairness_id="default-flow",outcome="NotYetFinalized",priority="0",le="+Inf"} 194687
llm_d_epp_flow_control_request_enqueue_duration_seconds_sum{fairness_id="default-flow",outcome="NotYetFinalized",priority="0"} 1.4325855940000092
llm_d_epp_flow_control_request_enqueue_duration_seconds_count{fairness_id="default-flow",outcome="NotYetFinalized",priority="0"} 194687
# HELP llm_d_epp_flow_control_request_queue_duration_seconds [ALPHA] Distribution of total time requests spend in the Flow Control layer (from enqueue to final outcome).
# TYPE llm_d_epp_flow_control_request_queue_duration_seconds histogram
llm_d_epp_flow_control_request_queue_duration_seconds_bucket{fairness_id="default-flow",inference_pool="qwen-qwe-3db867ce-en3-0-6b-router",model_name="Qwen/Qwen3-0.6B",outcome="Dispatched",priority="0",target_model_name="Qwen/Qwen3-0.6B",le="0.0001"} 160508
llm_d_epp_flow_control_request_queue_duration_seconds_bucket{fairness_id="default-flow",inference_pool="qwen-qwe-3db867ce-en3-0-6b-router",model_name="Qwen/Qwen3-0.6B",outcome="Dispatched",priority="0",target_model_name="Qwen/Qwen3-0.6B",le="0.0005"} 163033
llm_d_epp_flow_control_request_queue_duration_seconds_bucket{fairness_id="default-flow",inference_pool="qwen-qwe-3db867ce-en3-0-6b-router",model_name="Qwen/Qwen3-0.6B",outcome="Dispatched",priority="0",target_model_name="Qwen/Qwen3-0.6B",le="0.001"} 163288
llm_d_epp_flow_control_request_queue_duration_seconds_bucket{fairness_id="default-flow",inference_pool="qwen-qwe-3db867ce-en3-0-6b-router",model_name="Qwen/Qwen3-0.6B",outcome="Dispatched",priority="0",target_model_name="Qwen/Qwen3-0.6B",le="0.005"} 163500
llm_d_epp_flow_control_request_queue_duration_seconds_bucket{fairness_id="default-flow",inference_pool="qwen-qwe-3db867ce-en3-0-6b-router",model_name="Qwen/Qwen3-0.6B",outcome="Dispatched",priority="0",target_model_name="Qwen/Qwen3-0.6B",le="0.01"} 163529
llm_d_epp_flow_control_request_queue_duration_seconds_bucket{fairness_id="default-flow",inference_pool="qwen-qwe-3db867ce-en3-0-6b-router",model_name="Qwen/Qwen3-0.6B",outcome="Dispatched",priority="0",target_model_name="Qwen/Qwen3-0.6B",le="0.025"} 163566
llm_d_epp_flow_control_request_queue_duration_seconds_bucket{fairness_id="default-flow",inference_pool="qwen-qwe-3db867ce-en3-0-6b-router",model_name="Qwen/Qwen3-0.6B",outcome="Dispatched",priority="0",target_model_name="Qwen/Qwen3-0.6B",le="0.05"} 163634
llm_d_epp_flow_control_request_queue_duration_seconds_bucket{fairness_id="default-flow",inference_pool="qwen-qwe-3db867ce-en3-0-6b-router",model_name="Qwen/Qwen3-0.6B",outcome="Dispatched",priority="0",target_model_name="Qwen/Qwen3-0.6B",le="0.1"} 163785
llm_d_epp_flow_control_request_queue_duration_seconds_bucket{fairness_id="default-flow",inference_pool="qwen-qwe-3db867ce-en3-0-6b-router",model_name="Qwen/Qwen3-0.6B",outcome="Dispatched",priority="0",target_model_name="Qwen/Qwen3-0.6B",le="0.25"} 164155
llm_d_epp_flow_control_request_queue_duration_seconds_bucket{fairness_id="default-flow",inference_pool="qwen-qwe-3db867ce-en3-0-6b-router",model_name="Qwen/Qwen3-0.6B",outcome="Dispatched",priority="0",target_model_name="Qwen/Qwen3-0.6B",le="0.5"} 164648
llm_d_epp_flow_control_request_queue_duration_seconds_bucket{fairness_id="default-flow",inference_pool="qwen-qwe-3db867ce-en3-0-6b-router",model_name="Qwen/Qwen3-0.6B",outcome="Dispatched",priority="0",target_model_name="Qwen/Qwen3-0.6B",le="1"} 165493
llm_d_epp_flow_control_request_queue_duration_seconds_bucket{fairness_id="default-flow",inference_pool="qwen-qwe-3db867ce-en3-0-6b-router",model_name="Qwen/Qwen3-0.6B",outcome="Dispatched",priority="0",target_model_name="Qwen/Qwen3-0.6B",le="2.5"} 167487
llm_d_epp_flow_control_request_queue_duration_seconds_bucket{fairness_id="default-flow",inference_pool="qwen-qwe-3db867ce-en3-0-6b-router",model_name="Qwen/Qwen3-0.6B",outcome="Dispatched",priority="0",target_model_name="Qwen/Qwen3-0.6B",le="5"} 170401
llm_d_epp_flow_control_request_queue_duration_seconds_bucket{fairness_id="default-flow",inference_pool="qwen-qwe-3db867ce-en3-0-6b-router",model_name="Qwen/Qwen3-0.6B",outcome="Dispatched",priority="0",target_model_name="Qwen/Qwen3-0.6B",le="10"} 174477
llm_d_epp_flow_control_request_queue_duration_seconds_bucket{fairness_id="default-flow",inference_pool="qwen-qwe-3db867ce-en3-0-6b-router",model_name="Qwen/Qwen3-0.6B",outcome="Dispatched",priority="0",target_model_name="Qwen/Qwen3-0.6B",le="30"} 182482
llm_d_epp_flow_control_request_queue_duration_seconds_bucket{fairness_id="default-flow",inference_pool="qwen-qwe-3db867ce-en3-0-6b-router",model_name="Qwen/Qwen3-0.6B",outcome="Dispatched",priority="0",target_model_name="Qwen/Qwen3-0.6B",le="60"} 189101
llm_d_epp_flow_control_request_queue_duration_seconds_bucket{fairness_id="default-flow",inference_pool="qwen-qwe-3db867ce-en3-0-6b-router",model_name="Qwen/Qwen3-0.6B",outcome="Dispatched",priority="0",target_model_name="Qwen/Qwen3-0.6B",le="+Inf"} 194141
llm_d_epp_flow_control_request_queue_duration_seconds_sum{fairness_id="default-flow",inference_pool="qwen-qwe-3db867ce-en3-0-6b-router",model_name="Qwen/Qwen3-0.6B",outcome="Dispatched",priority="0",target_model_name="Qwen/Qwen3-0.6B"} 887081.520848407
llm_d_epp_flow_control_request_queue_duration_seconds_count{fairness_id="default-flow",inference_pool="qwen-qwe-3db867ce-en3-0-6b-router",model_name="Qwen/Qwen3-0.6B",outcome="Dispatched",priority="0",target_model_name="Qwen/Qwen3-0.6B"} 194141
llm_d_epp_flow_control_request_queue_duration_seconds_bucket{fairness_id="default-flow",inference_pool="qwen-qwe-3db867ce-en3-0-6b-router",model_name="Qwen/Qwen3-0.6B",outcome="EvictedContextCancelled",priority="0",target_model_name="Qwen/Qwen3-0.6B",le="0.0001"} 0
llm_d_epp_flow_control_request_queue_duration_seconds_bucket{fairness_id="default-flow",inference_pool="qwen-qwe-3db867ce-en3-0-6b-router",model_name="Qwen/Qwen3-0.6B",outcome="EvictedContextCancelled",priority="0",target_model_name="Qwen/Qwen3-0.6B",le="0.0005"} 0
llm_d_epp_flow_control_request_queue_duration_seconds_bucket{fairness_id="default-flow",inference_pool="qwen-qwe-3db867ce-en3-0-6b-router",model_name="Qwen/Qwen3-0.6B",outcome="EvictedContextCancelled",priority="0",target_model_name="Qwen/Qwen3-0.6B",le="0.001"} 0
llm_d_epp_flow_control_request_queue_duration_seconds_bucket{fairness_id="default-flow",inference_pool="qwen-qwe-3db867ce-en3-0-6b-router",model_name="Qwen/Qwen3-0.6B",outcome="EvictedContextCancelled",priority="0",target_model_name="Qwen/Qwen3-0.6B",le="0.005"} 0
llm_d_epp_flow_control_request_queue_duration_seconds_bucket{fairness_id="default-flow",inference_pool="qwen-qwe-3db867ce-en3-0-6b-router",model_name="Qwen/Qwen3-0.6B",outcome="EvictedContextCancelled",priority="0",target_model_name="Qwen/Qwen3-0.6B",le="0.01"} 0
llm_d_epp_flow_control_request_queue_duration_seconds_bucket{fairness_id="default-flow",inference_pool="qwen-qwe-3db867ce-en3-0-6b-router",model_name="Qwen/Qwen3-0.6B",outcome="EvictedContextCancelled",priority="0",target_model_name="Qwen/Qwen3-0.6B",le="0.025"} 0
llm_d_epp_flow_control_request_queue_duration_seconds_bucket{fairness_id="default-flow",inference_pool="qwen-qwe-3db867ce-en3-0-6b-router",model_name="Qwen/Qwen3-0.6B",outcome="EvictedContextCancelled",priority="0",target_model_name="Qwen/Qwen3-0.6B",le="0.05"} 0
llm_d_epp_flow_control_request_queue_duration_seconds_bucket{fairness_id="default-flow",inference_pool="qwen-qwe-3db867ce-en3-0-6b-router",model_name="Qwen/Qwen3-0.6B",outcome="EvictedContextCancelled",priority="0",target_model_name="Qwen/Qwen3-0.6B",le="0.1"} 0
llm_d_epp_flow_control_request_queue_duration_seconds_bucket{fairness_id="default-flow",inference_pool="qwen-qwe-3db867ce-en3-0-6b-router",model_name="Qwen/Qwen3-0.6B",outcome="EvictedContextCancelled",priority="0",target_model_name="Qwen/Qwen3-0.6B",le="0.25"} 1
llm_d_epp_flow_control_request_queue_duration_seconds_bucket{fairness_id="default-flow",inference_pool="qwen-qwe-3db867ce-en3-0-6b-router",model_name="Qwen/Qwen3-0.6B",outcome="EvictedContextCancelled",priority="0",target_model_name="Qwen/Qwen3-0.6B",le="0.5"} 5
llm_d_epp_flow_control_request_queue_duration_seconds_bucket{fairness_id="default-flow",inference_pool="qwen-qwe-3db867ce-en3-0-6b-router",model_name="Qwen/Qwen3-0.6B",outcome="EvictedContextCancelled",priority="0",target_model_name="Qwen/Qwen3-0.6B",le="1"} 13
llm_d_epp_flow_control_request_queue_duration_seconds_bucket{fairness_id="default-flow",inference_pool="qwen-qwe-3db867ce-en3-0-6b-router",model_name="Qwen/Qwen3-0.6B",outcome="EvictedContextCancelled",priority="0",target_model_name="Qwen/Qwen3-0.6B",le="2.5"} 30
llm_d_epp_flow_control_request_queue_duration_seconds_bucket{fairness_id="default-flow",inference_pool="qwen-qwe-3db867ce-en3-0-6b-router",model_name="Qwen/Qwen3-0.6B",outcome="EvictedContextCancelled",priority="0",target_model_name="Qwen/Qwen3-0.6B",le="5"} 57
llm_d_epp_flow_control_request_queue_duration_seconds_bucket{fairness_id="default-flow",inference_pool="qwen-qwe-3db867ce-en3-0-6b-router",model_name="Qwen/Qwen3-0.6B",outcome="EvictedContextCancelled",priority="0",target_model_name="Qwen/Qwen3-0.6B",le="10"} 86
llm_d_epp_flow_control_request_queue_duration_seconds_bucket{fairness_id="default-flow",inference_pool="qwen-qwe-3db867ce-en3-0-6b-router",model_name="Qwen/Qwen3-0.6B",outcome="EvictedContextCancelled",priority="0",target_model_name="Qwen/Qwen3-0.6B",le="30"} 241
llm_d_epp_flow_control_request_queue_duration_seconds_bucket{fairness_id="default-flow",inference_pool="qwen-qwe-3db867ce-en3-0-6b-router",model_name="Qwen/Qwen3-0.6B",outcome="EvictedContextCancelled",priority="0",target_model_name="Qwen/Qwen3-0.6B",le="60"} 546
llm_d_epp_flow_control_request_queue_duration_seconds_bucket{fairness_id="default-flow",inference_pool="qwen-qwe-3db867ce-en3-0-6b-router",model_name="Qwen/Qwen3-0.6B",outcome="EvictedContextCancelled",priority="0",target_model_name="Qwen/Qwen3-0.6B",le="+Inf"} 546
llm_d_epp_flow_control_request_queue_duration_seconds_sum{fairness_id="default-flow",inference_pool="qwen-qwe-3db867ce-en3-0-6b-router",model_name="Qwen/Qwen3-0.6B",outcome="EvictedContextCancelled",priority="0",target_model_name="Qwen/Qwen3-0.6B"} 17210.899324476995
llm_d_epp_flow_control_request_queue_duration_seconds_count{fairness_id="default-flow",inference_pool="qwen-qwe-3db867ce-en3-0-6b-router",model_name="Qwen/Qwen3-0.6B",outcome="EvictedContextCancelled",priority="0",target_model_name="Qwen/Qwen3-0.6B"} 546
# HELP llm_d_epp_info [ALPHA] General information of the current build of Inference Extension.
# TYPE llm_d_epp_info gauge
llm_d_epp_info{build_ref="v0.9.0",commit="5f4e762f341a5196393ce79f8a57c3e1900c4a6b"} 1
# HELP llm_d_epp_per_endpoint_queue_size [ALPHA] The total number of requests pending in the model server queue for each underlying endpoint.
# TYPE llm_d_epp_per_endpoint_queue_size gauge
llm_d_epp_per_endpoint_queue_size{model_server_endpoint="qwen-qwe-3db867ce-en3-0-6b-decode-5c6d8d69bd-2hnk5-rank-0",name="qwen-qwe-3db867ce-en3-0-6b-router"} 0
llm_d_epp_per_endpoint_queue_size{model_server_endpoint="qwen-qwe-3db867ce-en3-0-6b-decode-5c6d8d69bd-4m65f-rank-0",name="qwen-qwe-3db867ce-en3-0-6b-router"} 0
llm_d_epp_per_endpoint_queue_size{model_server_endpoint="qwen-qwe-3db867ce-en3-0-6b-decode-5c6d8d69bd-9hvmc-rank-0",name="qwen-qwe-3db867ce-en3-0-6b-router"} 0
llm_d_epp_per_endpoint_queue_size{model_server_endpoint="qwen-qwe-3db867ce-en3-0-6b-decode-5c6d8d69bd-vvdct-rank-0",name="qwen-qwe-3db867ce-en3-0-6b-router"} 0
# HELP llm_d_epp_plugin_duration_seconds [ALPHA] Plugin processing latency distribution in seconds for each extension point, plugin type and plugin name.
# TYPE llm_d_epp_plugin_duration_seconds histogram
llm_d_epp_plugin_duration_seconds_bucket{extension_point="DataProducer",plugin_name="approx-prefix-cache-producer",plugin_type="approx-prefix-cache-producer",le="0.0001"} 189231
llm_d_epp_plugin_duration_seconds_bucket{extension_point="DataProducer",plugin_name="approx-prefix-cache-producer",plugin_type="approx-prefix-cache-producer",le="0.0002"} 192229
llm_d_epp_plugin_duration_seconds_bucket{extension_point="DataProducer",plugin_name="approx-prefix-cache-producer",plugin_type="approx-prefix-cache-producer",le="0.0005"} 193398
llm_d_epp_plugin_duration_seconds_bucket{extension_point="DataProducer",plugin_name="approx-prefix-cache-producer",plugin_type="approx-prefix-cache-producer",le="0.001"} 193702
llm_d_epp_plugin_duration_seconds_bucket{extension_point="DataProducer",plugin_name="approx-prefix-cache-producer",plugin_type="approx-prefix-cache-producer",le="0.002"} 193903
llm_d_epp_plugin_duration_seconds_bucket{extension_point="DataProducer",plugin_name="approx-prefix-cache-producer",plugin_type="approx-prefix-cache-producer",le="0.005"} 194082
llm_d_epp_plugin_duration_seconds_bucket{extension_point="DataProducer",plugin_name="approx-prefix-cache-producer",plugin_type="approx-prefix-cache-producer",le="0.01"} 194129
llm_d_epp_plugin_duration_seconds_bucket{extension_point="DataProducer",plugin_name="approx-prefix-cache-producer",plugin_type="approx-prefix-cache-producer",le="0.02"} 194139
llm_d_epp_plugin_duration_seconds_bucket{extension_point="DataProducer",plugin_name="approx-prefix-cache-producer",plugin_type="approx-prefix-cache-producer",le="0.05"} 194141
llm_d_epp_plugin_duration_seconds_bucket{extension_point="DataProducer",plugin_name="approx-prefix-cache-producer",plugin_type="approx-prefix-cache-producer",le="0.1"} 194141
llm_d_epp_plugin_duration_seconds_bucket{extension_point="DataProducer",plugin_name="approx-prefix-cache-producer",plugin_type="approx-prefix-cache-producer",le="+Inf"} 194141
llm_d_epp_plugin_duration_seconds_sum{extension_point="DataProducer",plugin_name="approx-prefix-cache-producer",plugin_type="approx-prefix-cache-producer"} 6.691469991000021
llm_d_epp_plugin_duration_seconds_count{extension_point="DataProducer",plugin_name="approx-prefix-cache-producer",plugin_type="approx-prefix-cache-producer"} 194141
llm_d_epp_plugin_duration_seconds_bucket{extension_point="DataProducer",plugin_name="token-producer",plugin_type="token-producer",le="0.0001"} 191455
llm_d_epp_plugin_duration_seconds_bucket{extension_point="DataProducer",plugin_name="token-producer",plugin_type="token-producer",le="0.0002"} 192660
llm_d_epp_plugin_duration_seconds_bucket{extension_point="DataProducer",plugin_name="token-producer",plugin_type="token-producer",le="0.0005"} 193343
llm_d_epp_plugin_duration_seconds_bucket{extension_point="DataProducer",plugin_name="token-producer",plugin_type="token-producer",le="0.001"} 193561
llm_d_epp_plugin_duration_seconds_bucket{extension_point="DataProducer",plugin_name="token-producer",plugin_type="token-producer",le="0.002"} 193812
llm_d_epp_plugin_duration_seconds_bucket{extension_point="DataProducer",plugin_name="token-producer",plugin_type="token-producer",le="0.005"} 194060
llm_d_epp_plugin_duration_seconds_bucket{extension_point="DataProducer",plugin_name="token-producer",plugin_type="token-producer",le="0.01"} 194121
llm_d_epp_plugin_duration_seconds_bucket{extension_point="DataProducer",plugin_name="token-producer",plugin_type="token-producer",le="0.02"} 194138
llm_d_epp_plugin_duration_seconds_bucket{extension_point="DataProducer",plugin_name="token-producer",plugin_type="token-producer",le="0.05"} 194141
llm_d_epp_plugin_duration_seconds_bucket{extension_point="DataProducer",plugin_name="token-producer",plugin_type="token-producer",le="0.1"} 194141
llm_d_epp_plugin_duration_seconds_bucket{extension_point="DataProducer",plugin_name="token-producer",plugin_type="token-producer",le="+Inf"} 194141
llm_d_epp_plugin_duration_seconds_sum{extension_point="DataProducer",plugin_name="token-producer",plugin_type="token-producer"} 6.214666209000045
llm_d_epp_plugin_duration_seconds_count{extension_point="DataProducer",plugin_name="token-producer",plugin_type="token-producer"} 194141
llm_d_epp_plugin_duration_seconds_bucket{extension_point="Picker",plugin_name="max-score-picker",plugin_type="max-score-picker",le="0.0001"} 190658
llm_d_epp_plugin_duration_seconds_bucket{extension_point="Picker",plugin_name="max-score-picker",plugin_type="max-score-picker",le="0.0002"} 192757
llm_d_epp_plugin_duration_seconds_bucket{extension_point="Picker",plugin_name="max-score-picker",plugin_type="max-score-picker",le="0.0005"} 193485
llm_d_epp_plugin_duration_seconds_bucket{extension_point="Picker",plugin_name="max-score-picker",plugin_type="max-score-picker",le="0.001"} 193782
llm_d_epp_plugin_duration_seconds_bucket{extension_point="Picker",plugin_name="max-score-picker",plugin_type="max-score-picker",le="0.002"} 193943
llm_d_epp_plugin_duration_seconds_bucket{extension_point="Picker",plugin_name="max-score-picker",plugin_type="max-score-picker",le="0.005"} 194085
llm_d_epp_plugin_duration_seconds_bucket{extension_point="Picker",plugin_name="max-score-picker",plugin_type="max-score-picker",le="0.01"} 194120
llm_d_epp_plugin_duration_seconds_bucket{extension_point="Picker",plugin_name="max-score-picker",plugin_type="max-score-picker",le="0.02"} 194133
llm_d_epp_plugin_duration_seconds_bucket{extension_point="Picker",plugin_name="max-score-picker",plugin_type="max-score-picker",le="0.05"} 194141
llm_d_epp_plugin_duration_seconds_bucket{extension_point="Picker",plugin_name="max-score-picker",plugin_type="max-score-picker",le="0.1"} 194141
llm_d_epp_plugin_duration_seconds_bucket{extension_point="Picker",plugin_name="max-score-picker",plugin_type="max-score-picker",le="+Inf"} 194141
llm_d_epp_plugin_duration_seconds_sum{extension_point="Picker",plugin_name="max-score-picker",plugin_type="max-score-picker"} 6.728028994999932
llm_d_epp_plugin_duration_seconds_count{extension_point="Picker",plugin_name="max-score-picker",plugin_type="max-score-picker"} 194141
llm_d_epp_plugin_duration_seconds_bucket{extension_point="PreRequest",plugin_name="approx-prefix-cache-producer",plugin_type="approx-prefix-cache-producer",le="0.0001"} 193805
llm_d_epp_plugin_duration_seconds_bucket{extension_point="PreRequest",plugin_name="approx-prefix-cache-producer",plugin_type="approx-prefix-cache-producer",le="0.0002"} 194048
llm_d_epp_plugin_duration_seconds_bucket{extension_point="PreRequest",plugin_name="approx-prefix-cache-producer",plugin_type="approx-prefix-cache-producer",le="0.0005"} 194108
llm_d_epp_plugin_duration_seconds_bucket{extension_point="PreRequest",plugin_name="approx-prefix-cache-producer",plugin_type="approx-prefix-cache-producer",le="0.001"} 194119
llm_d_epp_plugin_duration_seconds_bucket{extension_point="PreRequest",plugin_name="approx-prefix-cache-producer",plugin_type="approx-prefix-cache-producer",le="0.002"} 194130
llm_d_epp_plugin_duration_seconds_bucket{extension_point="PreRequest",plugin_name="approx-prefix-cache-producer",plugin_type="approx-prefix-cache-producer",le="0.005"} 194141
llm_d_epp_plugin_duration_seconds_bucket{extension_point="PreRequest",plugin_name="approx-prefix-cache-producer",plugin_type="approx-prefix-cache-producer",le="0.01"} 194141
llm_d_epp_plugin_duration_seconds_bucket{extension_point="PreRequest",plugin_name="approx-prefix-cache-producer",plugin_type="approx-prefix-cache-producer",le="0.02"} 194141
llm_d_epp_plugin_duration_seconds_bucket{extension_point="PreRequest",plugin_name="approx-prefix-cache-producer",plugin_type="approx-prefix-cache-producer",le="0.05"} 194141
llm_d_epp_plugin_duration_seconds_bucket{extension_point="PreRequest",plugin_name="approx-prefix-cache-producer",plugin_type="approx-prefix-cache-producer",le="0.1"} 194141
llm_d_epp_plugin_duration_seconds_bucket{extension_point="PreRequest",plugin_name="approx-prefix-cache-producer",plugin_type="approx-prefix-cache-producer",le="+Inf"} 194141
llm_d_epp_plugin_duration_seconds_sum{extension_point="PreRequest",plugin_name="approx-prefix-cache-producer",plugin_type="approx-prefix-cache-producer"} 1.909269694000013
llm_d_epp_plugin_duration_seconds_count{extension_point="PreRequest",plugin_name="approx-prefix-cache-producer",plugin_type="approx-prefix-cache-producer"} 194141
llm_d_epp_plugin_duration_seconds_bucket{extension_point="ProcessProfilesResults",plugin_name="single-profile-handler",plugin_type="single-profile-handler",le="0.0001"} 194137
llm_d_epp_plugin_duration_seconds_bucket{extension_point="ProcessProfilesResults",plugin_name="single-profile-handler",plugin_type="single-profile-handler",le="0.0002"} 194137
llm_d_epp_plugin_duration_seconds_bucket{extension_point="ProcessProfilesResults",plugin_name="single-profile-handler",plugin_type="single-profile-handler",le="0.0005"} 194139
llm_d_epp_plugin_duration_seconds_bucket{extension_point="ProcessProfilesResults",plugin_name="single-profile-handler",plugin_type="single-profile-handler",le="0.001"} 194141
llm_d_epp_plugin_duration_seconds_bucket{extension_point="ProcessProfilesResults",plugin_name="single-profile-handler",plugin_type="single-profile-handler",le="0.002"} 194141
llm_d_epp_plugin_duration_seconds_bucket{extension_point="ProcessProfilesResults",plugin_name="single-profile-handler",plugin_type="single-profile-handler",le="0.005"} 194141
llm_d_epp_plugin_duration_seconds_bucket{extension_point="ProcessProfilesResults",plugin_name="single-profile-handler",plugin_type="single-profile-handler",le="0.01"} 194141
llm_d_epp_plugin_duration_seconds_bucket{extension_point="ProcessProfilesResults",plugin_name="single-profile-handler",plugin_type="single-profile-handler",le="0.02"} 194141
llm_d_epp_plugin_duration_seconds_bucket{extension_point="ProcessProfilesResults",plugin_name="single-profile-handler",plugin_type="single-profile-handler",le="0.05"} 194141
llm_d_epp_plugin_duration_seconds_bucket{extension_point="ProcessProfilesResults",plugin_name="single-profile-handler",plugin_type="single-profile-handler",le="0.1"} 194141
llm_d_epp_plugin_duration_seconds_bucket{extension_point="ProcessProfilesResults",plugin_name="single-profile-handler",plugin_type="single-profile-handler",le="+Inf"} 194141
llm_d_epp_plugin_duration_seconds_sum{extension_point="ProcessProfilesResults",plugin_name="single-profile-handler",plugin_type="single-profile-handler"} 0.09237302400000104
llm_d_epp_plugin_duration_seconds_count{extension_point="ProcessProfilesResults",plugin_name="single-profile-handler",plugin_type="single-profile-handler"} 194141
llm_d_epp_plugin_duration_seconds_bucket{extension_point="ProfilePicker",plugin_name="single-profile-handler",plugin_type="single-profile-handler",le="0.0001"} 388275
llm_d_epp_plugin_duration_seconds_bucket{extension_point="ProfilePicker",plugin_name="single-profile-handler",plugin_type="single-profile-handler",le="0.0002"} 388277
llm_d_epp_plugin_duration_seconds_bucket{extension_point="ProfilePicker",plugin_name="single-profile-handler",plugin_type="single-profile-handler",le="0.0005"} 388279
llm_d_epp_plugin_duration_seconds_bucket{extension_point="ProfilePicker",plugin_name="single-profile-handler",plugin_type="single-profile-handler",le="0.001"} 388280
llm_d_epp_plugin_duration_seconds_bucket{extension_point="ProfilePicker",plugin_name="single-profile-handler",plugin_type="single-profile-handler",le="0.002"} 388281
llm_d_epp_plugin_duration_seconds_bucket{extension_point="ProfilePicker",plugin_name="single-profile-handler",plugin_type="single-profile-handler",le="0.005"} 388282
llm_d_epp_plugin_duration_seconds_bucket{extension_point="ProfilePicker",plugin_name="single-profile-handler",plugin_type="single-profile-handler",le="0.01"} 388282
llm_d_epp_plugin_duration_seconds_bucket{extension_point="ProfilePicker",plugin_name="single-profile-handler",plugin_type="single-profile-handler",le="0.02"} 388282
llm_d_epp_plugin_duration_seconds_bucket{extension_point="ProfilePicker",plugin_name="single-profile-handler",plugin_type="single-profile-handler",le="0.05"} 388282
llm_d_epp_plugin_duration_seconds_bucket{extension_point="ProfilePicker",plugin_name="single-profile-handler",plugin_type="single-profile-handler",le="0.1"} 388282
llm_d_epp_plugin_duration_seconds_bucket{extension_point="ProfilePicker",plugin_name="single-profile-handler",plugin_type="single-profile-handler",le="+Inf"} 388282
llm_d_epp_plugin_duration_seconds_sum{extension_point="ProfilePicker",plugin_name="single-profile-handler",plugin_type="single-profile-handler"} 0.0960867799999608
llm_d_epp_plugin_duration_seconds_count{extension_point="ProfilePicker",plugin_name="single-profile-handler",plugin_type="single-profile-handler"} 388282
llm_d_epp_plugin_duration_seconds_bucket{extension_point="RequestParsing",plugin_name="openai-parser",plugin_type="openai-parser",le="0.0001"} 0
llm_d_epp_plugin_duration_seconds_bucket{extension_point="RequestParsing",plugin_name="openai-parser",plugin_type="openai-parser",le="0.0002"} 0
llm_d_epp_plugin_duration_seconds_bucket{extension_point="RequestParsing",plugin_name="openai-parser",plugin_type="openai-parser",le="0.0005"} 5189
llm_d_epp_plugin_duration_seconds_bucket{extension_point="RequestParsing",plugin_name="openai-parser",plugin_type="openai-parser",le="0.001"} 175226
llm_d_epp_plugin_duration_seconds_bucket{extension_point="RequestParsing",plugin_name="openai-parser",plugin_type="openai-parser",le="0.002"} 190252
llm_d_epp_plugin_duration_seconds_bucket{extension_point="RequestParsing",plugin_name="openai-parser",plugin_type="openai-parser",le="0.005"} 194177
llm_d_epp_plugin_duration_seconds_bucket{extension_point="RequestParsing",plugin_name="openai-parser",plugin_type="openai-parser",le="0.01"} 194619
llm_d_epp_plugin_duration_seconds_bucket{extension_point="RequestParsing",plugin_name="openai-parser",plugin_type="openai-parser",le="0.02"} 194683
llm_d_epp_plugin_duration_seconds_bucket{extension_point="RequestParsing",plugin_name="openai-parser",plugin_type="openai-parser",le="0.05"} 194687
llm_d_epp_plugin_duration_seconds_bucket{extension_point="RequestParsing",plugin_name="openai-parser",plugin_type="openai-parser",le="0.1"} 194687
llm_d_epp_plugin_duration_seconds_bucket{extension_point="RequestParsing",plugin_name="openai-parser",plugin_type="openai-parser",le="+Inf"} 194687
llm_d_epp_plugin_duration_seconds_sum{extension_point="RequestParsing",plugin_name="openai-parser",plugin_type="openai-parser"} 191.159727246999
llm_d_epp_plugin_duration_seconds_count{extension_point="RequestParsing",plugin_name="openai-parser",plugin_type="openai-parser"} 194687
llm_d_epp_plugin_duration_seconds_bucket{extension_point="ResponseParsing",plugin_name="openai-parser",plugin_type="openai-parser",le="0.0001"} 1.84036676e+08
llm_d_epp_plugin_duration_seconds_bucket{extension_point="ResponseParsing",plugin_name="openai-parser",plugin_type="openai-parser",le="0.0002"} 1.84063767e+08
llm_d_epp_plugin_duration_seconds_bucket{extension_point="ResponseParsing",plugin_name="openai-parser",plugin_type="openai-parser",le="0.0005"} 1.84080703e+08
llm_d_epp_plugin_duration_seconds_bucket{extension_point="ResponseParsing",plugin_name="openai-parser",plugin_type="openai-parser",le="0.001"} 1.84089479e+08
llm_d_epp_plugin_duration_seconds_bucket{extension_point="ResponseParsing",plugin_name="openai-parser",plugin_type="openai-parser",le="0.002"} 1.8409782e+08
llm_d_epp_plugin_duration_seconds_bucket{extension_point="ResponseParsing",plugin_name="openai-parser",plugin_type="openai-parser",le="0.005"} 1.8411219e+08
llm_d_epp_plugin_duration_seconds_bucket{extension_point="ResponseParsing",plugin_name="openai-parser",plugin_type="openai-parser",le="0.01"} 1.84116159e+08
llm_d_epp_plugin_duration_seconds_bucket{extension_point="ResponseParsing",plugin_name="openai-parser",plugin_type="openai-parser",le="0.02"} 1.84117306e+08
llm_d_epp_plugin_duration_seconds_bucket{extension_point="ResponseParsing",plugin_name="openai-parser",plugin_type="openai-parser",le="0.05"} 1.84117751e+08
llm_d_epp_plugin_duration_seconds_bucket{extension_point="ResponseParsing",plugin_name="openai-parser",plugin_type="openai-parser",le="0.1"} 1.84117763e+08
llm_d_epp_plugin_duration_seconds_bucket{extension_point="ResponseParsing",plugin_name="openai-parser",plugin_type="openai-parser",le="+Inf"} 1.84117763e+08
llm_d_epp_plugin_duration_seconds_sum{extension_point="ResponseParsing",plugin_name="openai-parser",plugin_type="openai-parser"} 474.43598299874776
llm_d_epp_plugin_duration_seconds_count{extension_point="ResponseParsing",plugin_name="openai-parser",plugin_type="openai-parser"} 1.84117763e+08
llm_d_epp_plugin_duration_seconds_bucket{extension_point="Scorer",plugin_name="kv-cache-utilization-scorer",plugin_type="kv-cache-utilization-scorer",le="0.0001"} 194116
llm_d_epp_plugin_duration_seconds_bucket{extension_point="Scorer",plugin_name="kv-cache-utilization-scorer",plugin_type="kv-cache-utilization-scorer",le="0.0002"} 194126
llm_d_epp_plugin_duration_seconds_bucket{extension_point="Scorer",plugin_name="kv-cache-utilization-scorer",plugin_type="kv-cache-utilization-scorer",le="0.0005"} 194133
llm_d_epp_plugin_duration_seconds_bucket{extension_point="Scorer",plugin_name="kv-cache-utilization-scorer",plugin_type="kv-cache-utilization-scorer",le="0.001"} 194136
llm_d_epp_plugin_duration_seconds_bucket{extension_point="Scorer",plugin_name="kv-cache-utilization-scorer",plugin_type="kv-cache-utilization-scorer",le="0.002"} 194138
llm_d_epp_plugin_duration_seconds_bucket{extension_point="Scorer",plugin_name="kv-cache-utilization-scorer",plugin_type="kv-cache-utilization-scorer",le="0.005"} 194141
llm_d_epp_plugin_duration_seconds_bucket{extension_point="Scorer",plugin_name="kv-cache-utilization-scorer",plugin_type="kv-cache-utilization-scorer",le="0.01"} 194141
llm_d_epp_plugin_duration_seconds_bucket{extension_point="Scorer",plugin_name="kv-cache-utilization-scorer",plugin_type="kv-cache-utilization-scorer",le="0.02"} 194141
llm_d_epp_plugin_duration_seconds_bucket{extension_point="Scorer",plugin_name="kv-cache-utilization-scorer",plugin_type="kv-cache-utilization-scorer",le="0.05"} 194141
llm_d_epp_plugin_duration_seconds_bucket{extension_point="Scorer",plugin_name="kv-cache-utilization-scorer",plugin_type="kv-cache-utilization-scorer",le="0.1"} 194141
llm_d_epp_plugin_duration_seconds_bucket{extension_point="Scorer",plugin_name="kv-cache-utilization-scorer",plugin_type="kv-cache-utilization-scorer",le="+Inf"} 194141
llm_d_epp_plugin_duration_seconds_sum{extension_point="Scorer",plugin_name="kv-cache-utilization-scorer",plugin_type="kv-cache-utilization-scorer"} 0.17165153699999663
llm_d_epp_plugin_duration_seconds_count{extension_point="Scorer",plugin_name="kv-cache-utilization-scorer",plugin_type="kv-cache-utilization-scorer"} 194141
llm_d_epp_plugin_duration_seconds_bucket{extension_point="Scorer",plugin_name="prefix-cache-scorer",plugin_type="prefix-cache-scorer",le="0.0001"} 193690
llm_d_epp_plugin_duration_seconds_bucket{extension_point="Scorer",plugin_name="prefix-cache-scorer",plugin_type="prefix-cache-scorer",le="0.0002"} 193970
llm_d_epp_plugin_duration_seconds_bucket{extension_point="Scorer",plugin_name="prefix-cache-scorer",plugin_type="prefix-cache-scorer",le="0.0005"} 194078
llm_d_epp_plugin_duration_seconds_bucket{extension_point="Scorer",plugin_name="prefix-cache-scorer",plugin_type="prefix-cache-scorer",le="0.001"} 194109
llm_d_epp_plugin_duration_seconds_bucket{extension_point="Scorer",plugin_name="prefix-cache-scorer",plugin_type="prefix-cache-scorer",le="0.002"} 194120
llm_d_epp_plugin_duration_seconds_bucket{extension_point="Scorer",plugin_name="prefix-cache-scorer",plugin_type="prefix-cache-scorer",le="0.005"} 194134
llm_d_epp_plugin_duration_seconds_bucket{extension_point="Scorer",plugin_name="prefix-cache-scorer",plugin_type="prefix-cache-scorer",le="0.01"} 194140
llm_d_epp_plugin_duration_seconds_bucket{extension_point="Scorer",plugin_name="prefix-cache-scorer",plugin_type="prefix-cache-scorer",le="0.02"} 194141
llm_d_epp_plugin_duration_seconds_bucket{extension_point="Scorer",plugin_name="prefix-cache-scorer",plugin_type="prefix-cache-scorer",le="0.05"} 194141
llm_d_epp_plugin_duration_seconds_bucket{extension_point="Scorer",plugin_name="prefix-cache-scorer",plugin_type="prefix-cache-scorer",le="0.1"} 194141
llm_d_epp_plugin_duration_seconds_bucket{extension_point="Scorer",plugin_name="prefix-cache-scorer",plugin_type="prefix-cache-scorer",le="+Inf"} 194141
llm_d_epp_plugin_duration_seconds_sum{extension_point="Scorer",plugin_name="prefix-cache-scorer",plugin_type="prefix-cache-scorer"} 0.9410956129999919
llm_d_epp_plugin_duration_seconds_count{extension_point="Scorer",plugin_name="prefix-cache-scorer",plugin_type="prefix-cache-scorer"} 194141
llm_d_epp_plugin_duration_seconds_bucket{extension_point="Scorer",plugin_name="queue-scorer",plugin_type="queue-scorer",le="0.0001"} 194104
llm_d_epp_plugin_duration_seconds_bucket{extension_point="Scorer",plugin_name="queue-scorer",plugin_type="queue-scorer",le="0.0002"} 194127
llm_d_epp_plugin_duration_seconds_bucket{extension_point="Scorer",plugin_name="queue-scorer",plugin_type="queue-scorer",le="0.0005"} 194135
llm_d_epp_plugin_duration_seconds_bucket{extension_point="Scorer",plugin_name="queue-scorer",plugin_type="queue-scorer",le="0.001"} 194138
llm_d_epp_plugin_duration_seconds_bucket{extension_point="Scorer",plugin_name="queue-scorer",plugin_type="queue-scorer",le="0.002"} 194141
llm_d_epp_plugin_duration_seconds_bucket{extension_point="Scorer",plugin_name="queue-scorer",plugin_type="queue-scorer",le="0.005"} 194141
llm_d_epp_plugin_duration_seconds_bucket{extension_point="Scorer",plugin_name="queue-scorer",plugin_type="queue-scorer",le="0.01"} 194141
llm_d_epp_plugin_duration_seconds_bucket{extension_point="Scorer",plugin_name="queue-scorer",plugin_type="queue-scorer",le="0.02"} 194141
llm_d_epp_plugin_duration_seconds_bucket{extension_point="Scorer",plugin_name="queue-scorer",plugin_type="queue-scorer",le="0.05"} 194141
llm_d_epp_plugin_duration_seconds_bucket{extension_point="Scorer",plugin_name="queue-scorer",plugin_type="queue-scorer",le="0.1"} 194141
llm_d_epp_plugin_duration_seconds_bucket{extension_point="Scorer",plugin_name="queue-scorer",plugin_type="queue-scorer",le="+Inf"} 194141
llm_d_epp_plugin_duration_seconds_sum{extension_point="Scorer",plugin_name="queue-scorer",plugin_type="queue-scorer"} 0.18252570199999982
llm_d_epp_plugin_duration_seconds_count{extension_point="Scorer",plugin_name="queue-scorer",plugin_type="queue-scorer"} 194141
# HELP llm_d_epp_prefix_indexer_hit_bytes [ALPHA] Length of the prefix match in number of bytes in the cache lookup.
# TYPE llm_d_epp_prefix_indexer_hit_bytes histogram
llm_d_epp_prefix_indexer_hit_bytes_bucket{plugin_name="approx-prefix-cache-producer",plugin_type="approx-prefix-cache-producer",le="0"} 194141
llm_d_epp_prefix_indexer_hit_bytes_bucket{plugin_name="approx-prefix-cache-producer",plugin_type="approx-prefix-cache-producer",le="16"} 194141
llm_d_epp_prefix_indexer_hit_bytes_bucket{plugin_name="approx-prefix-cache-producer",plugin_type="approx-prefix-cache-producer",le="32"} 194141
llm_d_epp_prefix_indexer_hit_bytes_bucket{plugin_name="approx-prefix-cache-producer",plugin_type="approx-prefix-cache-producer",le="64"} 194141
llm_d_epp_prefix_indexer_hit_bytes_bucket{plugin_name="approx-prefix-cache-producer",plugin_type="approx-prefix-cache-producer",le="128"} 194141
llm_d_epp_prefix_indexer_hit_bytes_bucket{plugin_name="approx-prefix-cache-producer",plugin_type="approx-prefix-cache-producer",le="256"} 194141
llm_d_epp_prefix_indexer_hit_bytes_bucket{plugin_name="approx-prefix-cache-producer",plugin_type="approx-prefix-cache-producer",le="512"} 194141
llm_d_epp_prefix_indexer_hit_bytes_bucket{plugin_name="approx-prefix-cache-producer",plugin_type="approx-prefix-cache-producer",le="1024"} 194141
llm_d_epp_prefix_indexer_hit_bytes_bucket{plugin_name="approx-prefix-cache-producer",plugin_type="approx-prefix-cache-producer",le="2048"} 194141
llm_d_epp_prefix_indexer_hit_bytes_bucket{plugin_name="approx-prefix-cache-producer",plugin_type="approx-prefix-cache-producer",le="4096"} 194141
llm_d_epp_prefix_indexer_hit_bytes_bucket{plugin_name="approx-prefix-cache-producer",plugin_type="approx-prefix-cache-producer",le="8192"} 194141
llm_d_epp_prefix_indexer_hit_bytes_bucket{plugin_name="approx-prefix-cache-producer",plugin_type="approx-prefix-cache-producer",le="16384"} 194141
llm_d_epp_prefix_indexer_hit_bytes_bucket{plugin_name="approx-prefix-cache-producer",plugin_type="approx-prefix-cache-producer",le="32768"} 194141
llm_d_epp_prefix_indexer_hit_bytes_bucket{plugin_name="approx-prefix-cache-producer",plugin_type="approx-prefix-cache-producer",le="65536"} 194141
llm_d_epp_prefix_indexer_hit_bytes_bucket{plugin_name="approx-prefix-cache-producer",plugin_type="approx-prefix-cache-producer",le="+Inf"} 194141
llm_d_epp_prefix_indexer_hit_bytes_sum{plugin_name="approx-prefix-cache-producer",plugin_type="approx-prefix-cache-producer"} 0
llm_d_epp_prefix_indexer_hit_bytes_count{plugin_name="approx-prefix-cache-producer",plugin_type="approx-prefix-cache-producer"} 194141
# HELP llm_d_epp_prefix_indexer_hit_ratio [ALPHA] Ratio of prefix length matched to total prefix length in the cache lookup.
# TYPE llm_d_epp_prefix_indexer_hit_ratio histogram
llm_d_epp_prefix_indexer_hit_ratio_bucket{plugin_name="approx-prefix-cache-producer",plugin_type="approx-prefix-cache-producer",le="0"} 194141
llm_d_epp_prefix_indexer_hit_ratio_bucket{plugin_name="approx-prefix-cache-producer",plugin_type="approx-prefix-cache-producer",le="0.1"} 194141
llm_d_epp_prefix_indexer_hit_ratio_bucket{plugin_name="approx-prefix-cache-producer",plugin_type="approx-prefix-cache-producer",le="0.2"} 194141
llm_d_epp_prefix_indexer_hit_ratio_bucket{plugin_name="approx-prefix-cache-producer",plugin_type="approx-prefix-cache-producer",le="0.3"} 194141
llm_d_epp_prefix_indexer_hit_ratio_bucket{plugin_name="approx-prefix-cache-producer",plugin_type="approx-prefix-cache-producer",le="0.4"} 194141
llm_d_epp_prefix_indexer_hit_ratio_bucket{plugin_name="approx-prefix-cache-producer",plugin_type="approx-prefix-cache-producer",le="0.5"} 194141
llm_d_epp_prefix_indexer_hit_ratio_bucket{plugin_name="approx-prefix-cache-producer",plugin_type="approx-prefix-cache-producer",le="0.6"} 194141
llm_d_epp_prefix_indexer_hit_ratio_bucket{plugin_name="approx-prefix-cache-producer",plugin_type="approx-prefix-cache-producer",le="0.7"} 194141
llm_d_epp_prefix_indexer_hit_ratio_bucket{plugin_name="approx-prefix-cache-producer",plugin_type="approx-prefix-cache-producer",le="0.8"} 194141
llm_d_epp_prefix_indexer_hit_ratio_bucket{plugin_name="approx-prefix-cache-producer",plugin_type="approx-prefix-cache-producer",le="0.9"} 194141
llm_d_epp_prefix_indexer_hit_ratio_bucket{plugin_name="approx-prefix-cache-producer",plugin_type="approx-prefix-cache-producer",le="1"} 194141
llm_d_epp_prefix_indexer_hit_ratio_bucket{plugin_name="approx-prefix-cache-producer",plugin_type="approx-prefix-cache-producer",le="+Inf"} 194141
llm_d_epp_prefix_indexer_hit_ratio_sum{plugin_name="approx-prefix-cache-producer",plugin_type="approx-prefix-cache-producer"} 0
llm_d_epp_prefix_indexer_hit_ratio_count{plugin_name="approx-prefix-cache-producer",plugin_type="approx-prefix-cache-producer"} 194141
# HELP llm_d_epp_prefix_indexer_size [ALPHA] Size of the prefix indexer.
# TYPE llm_d_epp_prefix_indexer_size gauge
llm_d_epp_prefix_indexer_size{plugin_name="approx-prefix-cache-producer",plugin_type="approx-prefix-cache-producer"} 81526
# HELP llm_d_epp_ready_endpoints [ALPHA] The number of ready endpoints in the inference server pool.
# TYPE llm_d_epp_ready_endpoints gauge
llm_d_epp_ready_endpoints{name="qwen-qwe-3db867ce-en3-0-6b-router"} 4
# HELP llm_d_epp_request_duration_seconds [ALPHA] End-to-end request latency distribution in seconds.
# TYPE llm_d_epp_request_duration_seconds histogram
llm_d_epp_request_duration_seconds_bucket{fairness_id="default-flow",model_name="",priority="0",target_model_name="",le="0.005"} 12
llm_d_epp_request_duration_seconds_bucket{fairness_id="default-flow",model_name="",priority="0",target_model_name="",le="0.025"} 12
llm_d_epp_request_duration_seconds_bucket{fairness_id="default-flow",model_name="",priority="0",target_model_name="",le="0.05"} 12
llm_d_epp_request_duration_seconds_bucket{fairness_id="default-flow",model_name="",priority="0",target_model_name="",le="0.1"} 12
llm_d_epp_request_duration_seconds_bucket{fairness_id="default-flow",model_name="",priority="0",target_model_name="",le="0.2"} 12
llm_d_epp_request_duration_seconds_bucket{fairness_id="default-flow",model_name="",priority="0",target_model_name="",le="0.4"} 12
llm_d_epp_request_duration_seconds_bucket{fairness_id="default-flow",model_name="",priority="0",target_model_name="",le="0.6"} 12
llm_d_epp_request_duration_seconds_bucket{fairness_id="default-flow",model_name="",priority="0",target_model_name="",le="0.8"} 12
llm_d_epp_request_duration_seconds_bucket{fairness_id="default-flow",model_name="",priority="0",target_model_name="",le="1"} 12
llm_d_epp_request_duration_seconds_bucket{fairness_id="default-flow",model_name="",priority="0",target_model_name="",le="1.25"} 12
llm_d_epp_request_duration_seconds_bucket{fairness_id="default-flow",model_name="",priority="0",target_model_name="",le="1.5"} 12
llm_d_epp_request_duration_seconds_bucket{fairness_id="default-flow",model_name="",priority="0",target_model_name="",le="2"} 12
llm_d_epp_request_duration_seconds_bucket{fairness_id="default-flow",model_name="",priority="0",target_model_name="",le="3"} 12
llm_d_epp_request_duration_seconds_bucket{fairness_id="default-flow",model_name="",priority="0",target_model_name="",le="4"} 12
llm_d_epp_request_duration_seconds_bucket{fairness_id="default-flow",model_name="",priority="0",target_model_name="",le="5"} 12
llm_d_epp_request_duration_seconds_bucket{fairness_id="default-flow",model_name="",priority="0",target_model_name="",le="6"} 12
llm_d_epp_request_duration_seconds_bucket{fairness_id="default-flow",model_name="",priority="0",target_model_name="",le="8"} 12
llm_d_epp_request_duration_seconds_bucket{fairness_id="default-flow",model_name="",priority="0",target_model_name="",le="10"} 12
llm_d_epp_request_duration_seconds_bucket{fairness_id="default-flow",model_name="",priority="0",target_model_name="",le="15"} 12
llm_d_epp_request_duration_seconds_bucket{fairness_id="default-flow",model_name="",priority="0",target_model_name="",le="20"} 12
llm_d_epp_request_duration_seconds_bucket{fairness_id="default-flow",model_name="",priority="0",target_model_name="",le="30"} 12
llm_d_epp_request_duration_seconds_bucket{fairness_id="default-flow",model_name="",priority="0",target_model_name="",le="45"} 12
llm_d_epp_request_duration_seconds_bucket{fairness_id="default-flow",model_name="",priority="0",target_model_name="",le="60"} 12
llm_d_epp_request_duration_seconds_bucket{fairness_id="default-flow",model_name="",priority="0",target_model_name="",le="120"} 12
llm_d_epp_request_duration_seconds_bucket{fairness_id="default-flow",model_name="",priority="0",target_model_name="",le="180"} 12
llm_d_epp_request_duration_seconds_bucket{fairness_id="default-flow",model_name="",priority="0",target_model_name="",le="240"} 12
llm_d_epp_request_duration_seconds_bucket{fairness_id="default-flow",model_name="",priority="0",target_model_name="",le="300"} 12
llm_d_epp_request_duration_seconds_bucket{fairness_id="default-flow",model_name="",priority="0",target_model_name="",le="360"} 12
llm_d_epp_request_duration_seconds_bucket{fairness_id="default-flow",model_name="",priority="0",target_model_name="",le="480"} 12
llm_d_epp_request_duration_seconds_bucket{fairness_id="default-flow",model_name="",priority="0",target_model_name="",le="600"} 12
llm_d_epp_request_duration_seconds_bucket{fairness_id="default-flow",model_name="",priority="0",target_model_name="",le="900"} 12
llm_d_epp_request_duration_seconds_bucket{fairness_id="default-flow",model_name="",priority="0",target_model_name="",le="1200"} 12
llm_d_epp_request_duration_seconds_bucket{fairness_id="default-flow",model_name="",priority="0",target_model_name="",le="1800"} 12
llm_d_epp_request_duration_seconds_bucket{fairness_id="default-flow",model_name="",priority="0",target_model_name="",le="2700"} 12
llm_d_epp_request_duration_seconds_bucket{fairness_id="default-flow",model_name="",priority="0",target_model_name="",le="3600"} 12
llm_d_epp_request_duration_seconds_bucket{fairness_id="default-flow",model_name="",priority="0",target_model_name="",le="+Inf"} 12
llm_d_epp_request_duration_seconds_sum{fairness_id="default-flow",model_name="",priority="0",target_model_name=""} 0.028854508
llm_d_epp_request_duration_seconds_count{fairness_id="default-flow",model_name="",priority="0",target_model_name=""} 12
llm_d_epp_request_duration_seconds_bucket{fairness_id="default-flow",model_name="Qwen/Qwen3-0.6B",priority="0",target_model_name="Qwen/Qwen3-0.6B",le="0.005"} 2
llm_d_epp_request_duration_seconds_bucket{fairness_id="default-flow",model_name="Qwen/Qwen3-0.6B",priority="0",target_model_name="Qwen/Qwen3-0.6B",le="0.025"} 4
llm_d_epp_request_duration_seconds_bucket{fairness_id="default-flow",model_name="Qwen/Qwen3-0.6B",priority="0",target_model_name="Qwen/Qwen3-0.6B",le="0.05"} 6
llm_d_epp_request_duration_seconds_bucket{fairness_id="default-flow",model_name="Qwen/Qwen3-0.6B",priority="0",target_model_name="Qwen/Qwen3-0.6B",le="0.1"} 6
llm_d_epp_request_duration_seconds_bucket{fairness_id="default-flow",model_name="Qwen/Qwen3-0.6B",priority="0",target_model_name="Qwen/Qwen3-0.6B",le="0.2"} 6
llm_d_epp_request_duration_seconds_bucket{fairness_id="default-flow",model_name="Qwen/Qwen3-0.6B",priority="0",target_model_name="Qwen/Qwen3-0.6B",le="0.4"} 7
llm_d_epp_request_duration_seconds_bucket{fairness_id="default-flow",model_name="Qwen/Qwen3-0.6B",priority="0",target_model_name="Qwen/Qwen3-0.6B",le="0.6"} 7
llm_d_epp_request_duration_seconds_bucket{fairness_id="default-flow",model_name="Qwen/Qwen3-0.6B",priority="0",target_model_name="Qwen/Qwen3-0.6B",le="0.8"} 7
llm_d_epp_request_duration_seconds_bucket{fairness_id="default-flow",model_name="Qwen/Qwen3-0.6B",priority="0",target_model_name="Qwen/Qwen3-0.6B",le="1"} 7
llm_d_epp_request_duration_seconds_bucket{fairness_id="default-flow",model_name="Qwen/Qwen3-0.6B",priority="0",target_model_name="Qwen/Qwen3-0.6B",le="1.25"} 7
llm_d_epp_request_duration_seconds_bucket{fairness_id="default-flow",model_name="Qwen/Qwen3-0.6B",priority="0",target_model_name="Qwen/Qwen3-0.6B",le="1.5"} 7
llm_d_epp_request_duration_seconds_bucket{fairness_id="default-flow",model_name="Qwen/Qwen3-0.6B",priority="0",target_model_name="Qwen/Qwen3-0.6B",le="2"} 7
llm_d_epp_request_duration_seconds_bucket{fairness_id="default-flow",model_name="Qwen/Qwen3-0.6B",priority="0",target_model_name="Qwen/Qwen3-0.6B",le="3"} 6354
llm_d_epp_request_duration_seconds_bucket{fairness_id="default-flow",model_name="Qwen/Qwen3-0.6B",priority="0",target_model_name="Qwen/Qwen3-0.6B",le="4"} 11768
llm_d_epp_request_duration_seconds_bucket{fairness_id="default-flow",model_name="Qwen/Qwen3-0.6B",priority="0",target_model_name="Qwen/Qwen3-0.6B",le="5"} 12011
llm_d_epp_request_duration_seconds_bucket{fairness_id="default-flow",model_name="Qwen/Qwen3-0.6B",priority="0",target_model_name="Qwen/Qwen3-0.6B",le="6"} 12012
llm_d_epp_request_duration_seconds_bucket{fairness_id="default-flow",model_name="Qwen/Qwen3-0.6B",priority="0",target_model_name="Qwen/Qwen3-0.6B",le="8"} 12019
llm_d_epp_request_duration_seconds_bucket{fairness_id="default-flow",model_name="Qwen/Qwen3-0.6B",priority="0",target_model_name="Qwen/Qwen3-0.6B",le="10"} 47895
llm_d_epp_request_duration_seconds_bucket{fairness_id="default-flow",model_name="Qwen/Qwen3-0.6B",priority="0",target_model_name="Qwen/Qwen3-0.6B",le="15"} 137172
llm_d_epp_request_duration_seconds_bucket{fairness_id="default-flow",model_name="Qwen/Qwen3-0.6B",priority="0",target_model_name="Qwen/Qwen3-0.6B",le="20"} 159736
llm_d_epp_request_duration_seconds_bucket{fairness_id="default-flow",model_name="Qwen/Qwen3-0.6B",priority="0",target_model_name="Qwen/Qwen3-0.6B",le="30"} 166838
llm_d_epp_request_duration_seconds_bucket{fairness_id="default-flow",model_name="Qwen/Qwen3-0.6B",priority="0",target_model_name="Qwen/Qwen3-0.6B",le="45"} 175163
llm_d_epp_request_duration_seconds_bucket{fairness_id="default-flow",model_name="Qwen/Qwen3-0.6B",priority="0",target_model_name="Qwen/Qwen3-0.6B",le="60"} 179437
llm_d_epp_request_duration_seconds_bucket{fairness_id="default-flow",model_name="Qwen/Qwen3-0.6B",priority="0",target_model_name="Qwen/Qwen3-0.6B",le="120"} 190343
llm_d_epp_request_duration_seconds_bucket{fairness_id="default-flow",model_name="Qwen/Qwen3-0.6B",priority="0",target_model_name="Qwen/Qwen3-0.6B",le="180"} 192021
llm_d_epp_request_duration_seconds_bucket{fairness_id="default-flow",model_name="Qwen/Qwen3-0.6B",priority="0",target_model_name="Qwen/Qwen3-0.6B",le="240"} 192021
llm_d_epp_request_duration_seconds_bucket{fairness_id="default-flow",model_name="Qwen/Qwen3-0.6B",priority="0",target_model_name="Qwen/Qwen3-0.6B",le="300"} 192021
llm_d_epp_request_duration_seconds_bucket{fairness_id="default-flow",model_name="Qwen/Qwen3-0.6B",priority="0",target_model_name="Qwen/Qwen3-0.6B",le="360"} 192021
llm_d_epp_request_duration_seconds_bucket{fairness_id="default-flow",model_name="Qwen/Qwen3-0.6B",priority="0",target_model_name="Qwen/Qwen3-0.6B",le="480"} 192021
llm_d_epp_request_duration_seconds_bucket{fairness_id="default-flow",model_name="Qwen/Qwen3-0.6B",priority="0",target_model_name="Qwen/Qwen3-0.6B",le="600"} 192021
llm_d_epp_request_duration_seconds_bucket{fairness_id="default-flow",model_name="Qwen/Qwen3-0.6B",priority="0",target_model_name="Qwen/Qwen3-0.6B",le="900"} 192021
llm_d_epp_request_duration_seconds_bucket{fairness_id="default-flow",model_name="Qwen/Qwen3-0.6B",priority="0",target_model_name="Qwen/Qwen3-0.6B",le="1200"} 192021
llm_d_epp_request_duration_seconds_bucket{fairness_id="default-flow",model_name="Qwen/Qwen3-0.6B",priority="0",target_model_name="Qwen/Qwen3-0.6B",le="1800"} 192021
llm_d_epp_request_duration_seconds_bucket{fairness_id="default-flow",model_name="Qwen/Qwen3-0.6B",priority="0",target_model_name="Qwen/Qwen3-0.6B",le="2700"} 192021
llm_d_epp_request_duration_seconds_bucket{fairness_id="default-flow",model_name="Qwen/Qwen3-0.6B",priority="0",target_model_name="Qwen/Qwen3-0.6B",le="3600"} 192021
llm_d_epp_request_duration_seconds_bucket{fairness_id="default-flow",model_name="Qwen/Qwen3-0.6B",priority="0",target_model_name="Qwen/Qwen3-0.6B",le="+Inf"} 192021
llm_d_epp_request_duration_seconds_sum{fairness_id="default-flow",model_name="Qwen/Qwen3-0.6B",priority="0",target_model_name="Qwen/Qwen3-0.6B"} 3.688381849130798e+06
llm_d_epp_request_duration_seconds_count{fairness_id="default-flow",model_name="Qwen/Qwen3-0.6B",priority="0",target_model_name="Qwen/Qwen3-0.6B"} 192021
# HELP llm_d_epp_request_error_total [ALPHA] Total number of request errors.
# TYPE llm_d_epp_request_error_total counter
llm_d_epp_request_error_total{error_code="Internal",fairness_id="default-flow",model_name="",priority="0",target_model_name=""} 10
llm_d_epp_request_error_total{error_code="ServiceUnavailable",fairness_id="default-flow",model_name="Qwen/Qwen3-0.6B",priority="0",target_model_name="Qwen/Qwen3-0.6B"} 546
# HELP llm_d_epp_request_input_tokens [ALPHA] Input token count distribution per request.
# TYPE llm_d_epp_request_input_tokens histogram
llm_d_epp_request_input_tokens_bucket{fairness_id="default-flow",model_name="Qwen/Qwen3-0.6B",priority="0",target_model_name="Qwen/Qwen3-0.6B",le="1"} 0
llm_d_epp_request_input_tokens_bucket{fairness_id="default-flow",model_name="Qwen/Qwen3-0.6B",priority="0",target_model_name="Qwen/Qwen3-0.6B",le="8"} 0
llm_d_epp_request_input_tokens_bucket{fairness_id="default-flow",model_name="Qwen/Qwen3-0.6B",priority="0",target_model_name="Qwen/Qwen3-0.6B",le="16"} 0
llm_d_epp_request_input_tokens_bucket{fairness_id="default-flow",model_name="Qwen/Qwen3-0.6B",priority="0",target_model_name="Qwen/Qwen3-0.6B",le="32"} 0
llm_d_epp_request_input_tokens_bucket{fairness_id="default-flow",model_name="Qwen/Qwen3-0.6B",priority="0",target_model_name="Qwen/Qwen3-0.6B",le="64"} 0
llm_d_epp_request_input_tokens_bucket{fairness_id="default-flow",model_name="Qwen/Qwen3-0.6B",priority="0",target_model_name="Qwen/Qwen3-0.6B",le="128"} 0
llm_d_epp_request_input_tokens_bucket{fairness_id="default-flow",model_name="Qwen/Qwen3-0.6B",priority="0",target_model_name="Qwen/Qwen3-0.6B",le="256"} 0
llm_d_epp_request_input_tokens_bucket{fairness_id="default-flow",model_name="Qwen/Qwen3-0.6B",priority="0",target_model_name="Qwen/Qwen3-0.6B",le="512"} 0
llm_d_epp_request_input_tokens_bucket{fairness_id="default-flow",model_name="Qwen/Qwen3-0.6B",priority="0",target_model_name="Qwen/Qwen3-0.6B",le="1024"} 0
llm_d_epp_request_input_tokens_bucket{fairness_id="default-flow",model_name="Qwen/Qwen3-0.6B",priority="0",target_model_name="Qwen/Qwen3-0.6B",le="2048"} 0
llm_d_epp_request_input_tokens_bucket{fairness_id="default-flow",model_name="Qwen/Qwen3-0.6B",priority="0",target_model_name="Qwen/Qwen3-0.6B",le="4096"} 5.061874e+06
llm_d_epp_request_input_tokens_bucket{fairness_id="default-flow",model_name="Qwen/Qwen3-0.6B",priority="0",target_model_name="Qwen/Qwen3-0.6B",le="8192"} 5.061874e+06
llm_d_epp_request_input_tokens_bucket{fairness_id="default-flow",model_name="Qwen/Qwen3-0.6B",priority="0",target_model_name="Qwen/Qwen3-0.6B",le="16384"} 5.061874e+06
llm_d_epp_request_input_tokens_bucket{fairness_id="default-flow",model_name="Qwen/Qwen3-0.6B",priority="0",target_model_name="Qwen/Qwen3-0.6B",le="32778"} 5.061874e+06
llm_d_epp_request_input_tokens_bucket{fairness_id="default-flow",model_name="Qwen/Qwen3-0.6B",priority="0",target_model_name="Qwen/Qwen3-0.6B",le="65536"} 5.061874e+06
llm_d_epp_request_input_tokens_bucket{fairness_id="default-flow",model_name="Qwen/Qwen3-0.6B",priority="0",target_model_name="Qwen/Qwen3-0.6B",le="131072"} 5.061874e+06
llm_d_epp_request_input_tokens_bucket{fairness_id="default-flow",model_name="Qwen/Qwen3-0.6B",priority="0",target_model_name="Qwen/Qwen3-0.6B",le="262144"} 5.061874e+06
llm_d_epp_request_input_tokens_bucket{fairness_id="default-flow",model_name="Qwen/Qwen3-0.6B",priority="0",target_model_name="Qwen/Qwen3-0.6B",le="524288"} 5.061874e+06
llm_d_epp_request_input_tokens_bucket{fairness_id="default-flow",model_name="Qwen/Qwen3-0.6B",priority="0",target_model_name="Qwen/Qwen3-0.6B",le="1.048576e+06"} 5.061874e+06
llm_d_epp_request_input_tokens_bucket{fairness_id="default-flow",model_name="Qwen/Qwen3-0.6B",priority="0",target_model_name="Qwen/Qwen3-0.6B",le="+Inf"} 5.061874e+06
llm_d_epp_request_input_tokens_sum{fairness_id="default-flow",model_name="Qwen/Qwen3-0.6B",priority="0",target_model_name="Qwen/Qwen3-0.6B"} 2.0252370663e+10
llm_d_epp_request_input_tokens_count{fairness_id="default-flow",model_name="Qwen/Qwen3-0.6B",priority="0",target_model_name="Qwen/Qwen3-0.6B"} 5.061874e+06
# HELP llm_d_epp_request_ntpot_seconds [ALPHA] Normalized time per output token in seconds (end-to-end latency divided by output token count).
# TYPE llm_d_epp_request_ntpot_seconds histogram
llm_d_epp_request_ntpot_seconds_bucket{fairness_id="default-flow",model_name="Qwen/Qwen3-0.6B",priority="0",target_model_name="Qwen/Qwen3-0.6B",le="0.001"} 0
llm_d_epp_request_ntpot_seconds_bucket{fairness_id="default-flow",model_name="Qwen/Qwen3-0.6B",priority="0",target_model_name="Qwen/Qwen3-0.6B",le="0.002"} 0
llm_d_epp_request_ntpot_seconds_bucket{fairness_id="default-flow",model_name="Qwen/Qwen3-0.6B",priority="0",target_model_name="Qwen/Qwen3-0.6B",le="0.005"} 0
llm_d_epp_request_ntpot_seconds_bucket{fairness_id="default-flow",model_name="Qwen/Qwen3-0.6B",priority="0",target_model_name="Qwen/Qwen3-0.6B",le="0.01"} 35888
llm_d_epp_request_ntpot_seconds_bucket{fairness_id="default-flow",model_name="Qwen/Qwen3-0.6B",priority="0",target_model_name="Qwen/Qwen3-0.6B",le="0.02"} 159729
llm_d_epp_request_ntpot_seconds_bucket{fairness_id="default-flow",model_name="Qwen/Qwen3-0.6B",priority="0",target_model_name="Qwen/Qwen3-0.6B",le="0.05"} 176599
llm_d_epp_request_ntpot_seconds_bucket{fairness_id="default-flow",model_name="Qwen/Qwen3-0.6B",priority="0",target_model_name="Qwen/Qwen3-0.6B",le="0.1"} 186556
llm_d_epp_request_ntpot_seconds_bucket{fairness_id="default-flow",model_name="Qwen/Qwen3-0.6B",priority="0",target_model_name="Qwen/Qwen3-0.6B",le="0.2"} 192014
llm_d_epp_request_ntpot_seconds_bucket{fairness_id="default-flow",model_name="Qwen/Qwen3-0.6B",priority="0",target_model_name="Qwen/Qwen3-0.6B",le="0.5"} 192014
llm_d_epp_request_ntpot_seconds_bucket{fairness_id="default-flow",model_name="Qwen/Qwen3-0.6B",priority="0",target_model_name="Qwen/Qwen3-0.6B",le="1"} 192014
llm_d_epp_request_ntpot_seconds_bucket{fairness_id="default-flow",model_name="Qwen/Qwen3-0.6B",priority="0",target_model_name="Qwen/Qwen3-0.6B",le="2"} 192014
llm_d_epp_request_ntpot_seconds_bucket{fairness_id="default-flow",model_name="Qwen/Qwen3-0.6B",priority="0",target_model_name="Qwen/Qwen3-0.6B",le="5"} 192014
llm_d_epp_request_ntpot_seconds_bucket{fairness_id="default-flow",model_name="Qwen/Qwen3-0.6B",priority="0",target_model_name="Qwen/Qwen3-0.6B",le="10"} 192014
llm_d_epp_request_ntpot_seconds_bucket{fairness_id="default-flow",model_name="Qwen/Qwen3-0.6B",priority="0",target_model_name="Qwen/Qwen3-0.6B",le="+Inf"} 192014
llm_d_epp_request_ntpot_seconds_sum{fairness_id="default-flow",model_name="Qwen/Qwen3-0.6B",priority="0",target_model_name="Qwen/Qwen3-0.6B"} 3797.2647185190262
llm_d_epp_request_ntpot_seconds_count{fairness_id="default-flow",model_name="Qwen/Qwen3-0.6B",priority="0",target_model_name="Qwen/Qwen3-0.6B"} 192014
# HELP llm_d_epp_request_output_tokens [ALPHA] Output token count distribution per request.
# TYPE llm_d_epp_request_output_tokens histogram
llm_d_epp_request_output_tokens_bucket{fairness_id="default-flow",model_name="Qwen/Qwen3-0.6B",priority="0",target_model_name="Qwen/Qwen3-0.6B",le="1"} 5034
llm_d_epp_request_output_tokens_bucket{fairness_id="default-flow",model_name="Qwen/Qwen3-0.6B",priority="0",target_model_name="Qwen/Qwen3-0.6B",le="8"} 40214
llm_d_epp_request_output_tokens_bucket{fairness_id="default-flow",model_name="Qwen/Qwen3-0.6B",priority="0",target_model_name="Qwen/Qwen3-0.6B",le="16"} 80306
llm_d_epp_request_output_tokens_bucket{fairness_id="default-flow",model_name="Qwen/Qwen3-0.6B",priority="0",target_model_name="Qwen/Qwen3-0.6B",le="32"} 160129
llm_d_epp_request_output_tokens_bucket{fairness_id="default-flow",model_name="Qwen/Qwen3-0.6B",priority="0",target_model_name="Qwen/Qwen3-0.6B",le="64"} 318418
llm_d_epp_request_output_tokens_bucket{fairness_id="default-flow",model_name="Qwen/Qwen3-0.6B",priority="0",target_model_name="Qwen/Qwen3-0.6B",le="128"} 634161
llm_d_epp_request_output_tokens_bucket{fairness_id="default-flow",model_name="Qwen/Qwen3-0.6B",priority="0",target_model_name="Qwen/Qwen3-0.6B",le="256"} 1.272908e+06
llm_d_epp_request_output_tokens_bucket{fairness_id="default-flow",model_name="Qwen/Qwen3-0.6B",priority="0",target_model_name="Qwen/Qwen3-0.6B",le="512"} 2.520346e+06
llm_d_epp_request_output_tokens_bucket{fairness_id="default-flow",model_name="Qwen/Qwen3-0.6B",priority="0",target_model_name="Qwen/Qwen3-0.6B",le="1024"} 5.061874e+06
llm_d_epp_request_output_tokens_bucket{fairness_id="default-flow",model_name="Qwen/Qwen3-0.6B",priority="0",target_model_name="Qwen/Qwen3-0.6B",le="2048"} 5.061874e+06
llm_d_epp_request_output_tokens_bucket{fairness_id="default-flow",model_name="Qwen/Qwen3-0.6B",priority="0",target_model_name="Qwen/Qwen3-0.6B",le="4096"} 5.061874e+06
llm_d_epp_request_output_tokens_bucket{fairness_id="default-flow",model_name="Qwen/Qwen3-0.6B",priority="0",target_model_name="Qwen/Qwen3-0.6B",le="8192"} 5.061874e+06
llm_d_epp_request_output_tokens_bucket{fairness_id="default-flow",model_name="Qwen/Qwen3-0.6B",priority="0",target_model_name="Qwen/Qwen3-0.6B",le="+Inf"} 5.061874e+06
llm_d_epp_request_output_tokens_sum{fairness_id="default-flow",model_name="Qwen/Qwen3-0.6B",priority="0",target_model_name="Qwen/Qwen3-0.6B"} 2.608615034e+09
llm_d_epp_request_output_tokens_count{fairness_id="default-flow",model_name="Qwen/Qwen3-0.6B",priority="0",target_model_name="Qwen/Qwen3-0.6B"} 5.061874e+06
# HELP llm_d_epp_request_running [ALPHA] Current number of active running requests.
# TYPE llm_d_epp_request_running gauge
llm_d_epp_request_running{fairness_id="default-flow",model_name="Qwen/Qwen3-0.6B",priority="0",target_model_name="Qwen/Qwen3-0.6B"} 39
# HELP llm_d_epp_request_size_bytes [ALPHA] Incoming request body size distribution in bytes.
# TYPE llm_d_epp_request_size_bytes histogram
llm_d_epp_request_size_bytes_bucket{fairness_id="default-flow",model_name="Qwen/Qwen3-0.6B",priority="0",target_model_name="Qwen/Qwen3-0.6B",le="64"} 0
llm_d_epp_request_size_bytes_bucket{fairness_id="default-flow",model_name="Qwen/Qwen3-0.6B",priority="0",target_model_name="Qwen/Qwen3-0.6B",le="128"} 0
llm_d_epp_request_size_bytes_bucket{fairness_id="default-flow",model_name="Qwen/Qwen3-0.6B",priority="0",target_model_name="Qwen/Qwen3-0.6B",le="256"} 0
llm_d_epp_request_size_bytes_bucket{fairness_id="default-flow",model_name="Qwen/Qwen3-0.6B",priority="0",target_model_name="Qwen/Qwen3-0.6B",le="512"} 0
llm_d_epp_request_size_bytes_bucket{fairness_id="default-flow",model_name="Qwen/Qwen3-0.6B",priority="0",target_model_name="Qwen/Qwen3-0.6B",le="1024"} 0
llm_d_epp_request_size_bytes_bucket{fairness_id="default-flow",model_name="Qwen/Qwen3-0.6B",priority="0",target_model_name="Qwen/Qwen3-0.6B",le="2048"} 0
llm_d_epp_request_size_bytes_bucket{fairness_id="default-flow",model_name="Qwen/Qwen3-0.6B",priority="0",target_model_name="Qwen/Qwen3-0.6B",le="4096"} 0
llm_d_epp_request_size_bytes_bucket{fairness_id="default-flow",model_name="Qwen/Qwen3-0.6B",priority="0",target_model_name="Qwen/Qwen3-0.6B",le="8192"} 0
llm_d_epp_request_size_bytes_bucket{fairness_id="default-flow",model_name="Qwen/Qwen3-0.6B",priority="0",target_model_name="Qwen/Qwen3-0.6B",le="16384"} 0
llm_d_epp_request_size_bytes_bucket{fairness_id="default-flow",model_name="Qwen/Qwen3-0.6B",priority="0",target_model_name="Qwen/Qwen3-0.6B",le="32768"} 194141
llm_d_epp_request_size_bytes_bucket{fairness_id="default-flow",model_name="Qwen/Qwen3-0.6B",priority="0",target_model_name="Qwen/Qwen3-0.6B",le="65536"} 194141
llm_d_epp_request_size_bytes_bucket{fairness_id="default-flow",model_name="Qwen/Qwen3-0.6B",priority="0",target_model_name="Qwen/Qwen3-0.6B",le="131072"} 194141
llm_d_epp_request_size_bytes_bucket{fairness_id="default-flow",model_name="Qwen/Qwen3-0.6B",priority="0",target_model_name="Qwen/Qwen3-0.6B",le="262144"} 194141
llm_d_epp_request_size_bytes_bucket{fairness_id="default-flow",model_name="Qwen/Qwen3-0.6B",priority="0",target_model_name="Qwen/Qwen3-0.6B",le="524288"} 194141
llm_d_epp_request_size_bytes_bucket{fairness_id="default-flow",model_name="Qwen/Qwen3-0.6B",priority="0",target_model_name="Qwen/Qwen3-0.6B",le="1.048576e+06"} 194141
llm_d_epp_request_size_bytes_bucket{fairness_id="default-flow",model_name="Qwen/Qwen3-0.6B",priority="0",target_model_name="Qwen/Qwen3-0.6B",le="2.097152e+06"} 194141
llm_d_epp_request_size_bytes_bucket{fairness_id="default-flow",model_name="Qwen/Qwen3-0.6B",priority="0",target_model_name="Qwen/Qwen3-0.6B",le="4.194304e+06"} 194141
llm_d_epp_request_size_bytes_bucket{fairness_id="default-flow",model_name="Qwen/Qwen3-0.6B",priority="0",target_model_name="Qwen/Qwen3-0.6B",le="8.388608e+06"} 194141
llm_d_epp_request_size_bytes_bucket{fairness_id="default-flow",model_name="Qwen/Qwen3-0.6B",priority="0",target_model_name="Qwen/Qwen3-0.6B",le="1.6777216e+07"} 194141
llm_d_epp_request_size_bytes_bucket{fairness_id="default-flow",model_name="Qwen/Qwen3-0.6B",priority="0",target_model_name="Qwen/Qwen3-0.6B",le="3.3554432e+07"} 194141
llm_d_epp_request_size_bytes_bucket{fairness_id="default-flow",model_name="Qwen/Qwen3-0.6B",priority="0",target_model_name="Qwen/Qwen3-0.6B",le="6.7108864e+07"} 194141
llm_d_epp_request_size_bytes_bucket{fairness_id="default-flow",model_name="Qwen/Qwen3-0.6B",priority="0",target_model_name="Qwen/Qwen3-0.6B",le="1.34217728e+08"} 194141
llm_d_epp_request_size_bytes_bucket{fairness_id="default-flow",model_name="Qwen/Qwen3-0.6B",priority="0",target_model_name="Qwen/Qwen3-0.6B",le="2.68435456e+08"} 194141
llm_d_epp_request_size_bytes_bucket{fairness_id="default-flow",model_name="Qwen/Qwen3-0.6B",priority="0",target_model_name="Qwen/Qwen3-0.6B",le="5.36870912e+08"} 194141
llm_d_epp_request_size_bytes_bucket{fairness_id="default-flow",model_name="Qwen/Qwen3-0.6B",priority="0",target_model_name="Qwen/Qwen3-0.6B",le="1.073741824e+09"} 194141
llm_d_epp_request_size_bytes_bucket{fairness_id="default-flow",model_name="Qwen/Qwen3-0.6B",priority="0",target_model_name="Qwen/Qwen3-0.6B",le="+Inf"} 194141
llm_d_epp_request_size_bytes_sum{fairness_id="default-flow",model_name="Qwen/Qwen3-0.6B",priority="0",target_model_name="Qwen/Qwen3-0.6B"} 4.844837927e+09
llm_d_epp_request_size_bytes_count{fairness_id="default-flow",model_name="Qwen/Qwen3-0.6B",priority="0",target_model_name="Qwen/Qwen3-0.6B"} 194141
# HELP llm_d_epp_request_streaming_itl_seconds [ALPHA] Inter-token latency in seconds for streaming requests, measured as the time between consecutive response body chunks.
# TYPE llm_d_epp_request_streaming_itl_seconds histogram
llm_d_epp_request_streaming_itl_seconds_bucket{fairness_id="default-flow",model_name="Qwen/Qwen3-0.6B",priority="0",target_model_name="Qwen/Qwen3-0.6B",le="0.001"} 364519
llm_d_epp_request_streaming_itl_seconds_bucket{fairness_id="default-flow",model_name="Qwen/Qwen3-0.6B",priority="0",target_model_name="Qwen/Qwen3-0.6B",le="0.005"} 794386
llm_d_epp_request_streaming_itl_seconds_bucket{fairness_id="default-flow",model_name="Qwen/Qwen3-0.6B",priority="0",target_model_name="Qwen/Qwen3-0.6B",le="0.01"} 4.5077363e+07
llm_d_epp_request_streaming_itl_seconds_bucket{fairness_id="default-flow",model_name="Qwen/Qwen3-0.6B",priority="0",target_model_name="Qwen/Qwen3-0.6B",le="0.02"} 1.57510741e+08
llm_d_epp_request_streaming_itl_seconds_bucket{fairness_id="default-flow",model_name="Qwen/Qwen3-0.6B",priority="0",target_model_name="Qwen/Qwen3-0.6B",le="0.04"} 1.82013054e+08
llm_d_epp_request_streaming_itl_seconds_bucket{fairness_id="default-flow",model_name="Qwen/Qwen3-0.6B",priority="0",target_model_name="Qwen/Qwen3-0.6B",le="0.06"} 1.83581588e+08
llm_d_epp_request_streaming_itl_seconds_bucket{fairness_id="default-flow",model_name="Qwen/Qwen3-0.6B",priority="0",target_model_name="Qwen/Qwen3-0.6B",le="0.08"} 1.83671752e+08
llm_d_epp_request_streaming_itl_seconds_bucket{fairness_id="default-flow",model_name="Qwen/Qwen3-0.6B",priority="0",target_model_name="Qwen/Qwen3-0.6B",le="0.1"} 1.83713036e+08
llm_d_epp_request_streaming_itl_seconds_bucket{fairness_id="default-flow",model_name="Qwen/Qwen3-0.6B",priority="0",target_model_name="Qwen/Qwen3-0.6B",le="0.15"} 1.83726799e+08
llm_d_epp_request_streaming_itl_seconds_bucket{fairness_id="default-flow",model_name="Qwen/Qwen3-0.6B",priority="0",target_model_name="Qwen/Qwen3-0.6B",le="0.2"} 1.83728087e+08
llm_d_epp_request_streaming_itl_seconds_bucket{fairness_id="default-flow",model_name="Qwen/Qwen3-0.6B",priority="0",target_model_name="Qwen/Qwen3-0.6B",le="0.3"} 1.83728298e+08
llm_d_epp_request_streaming_itl_seconds_bucket{fairness_id="default-flow",model_name="Qwen/Qwen3-0.6B",priority="0",target_model_name="Qwen/Qwen3-0.6B",le="0.5"} 1.83728579e+08
llm_d_epp_request_streaming_itl_seconds_bucket{fairness_id="default-flow",model_name="Qwen/Qwen3-0.6B",priority="0",target_model_name="Qwen/Qwen3-0.6B",le="0.75"} 1.83729142e+08
llm_d_epp_request_streaming_itl_seconds_bucket{fairness_id="default-flow",model_name="Qwen/Qwen3-0.6B",priority="0",target_model_name="Qwen/Qwen3-0.6B",le="1"} 1.83729421e+08
llm_d_epp_request_streaming_itl_seconds_bucket{fairness_id="default-flow",model_name="Qwen/Qwen3-0.6B",priority="0",target_model_name="Qwen/Qwen3-0.6B",le="2"} 1.83729714e+08
llm_d_epp_request_streaming_itl_seconds_bucket{fairness_id="default-flow",model_name="Qwen/Qwen3-0.6B",priority="0",target_model_name="Qwen/Qwen3-0.6B",le="+Inf"} 1.83731822e+08
llm_d_epp_request_streaming_itl_seconds_sum{fairness_id="default-flow",model_name="Qwen/Qwen3-0.6B",priority="0",target_model_name="Qwen/Qwen3-0.6B"} 2.5347771034392603e+06
llm_d_epp_request_streaming_itl_seconds_count{fairness_id="default-flow",model_name="Qwen/Qwen3-0.6B",priority="0",target_model_name="Qwen/Qwen3-0.6B"} 1.83731822e+08
# HELP llm_d_epp_request_streaming_tpot_seconds [ALPHA] Average time per output token in seconds for streaming requests, computed as (e2e - TTFT) / (output_tokens - 1).
# TYPE llm_d_epp_request_streaming_tpot_seconds histogram
llm_d_epp_request_streaming_tpot_seconds_bucket{fairness_id="default-flow",model_name="Qwen/Qwen3-0.6B",priority="0",target_model_name="Qwen/Qwen3-0.6B",le="0.0005"} 0
llm_d_epp_request_streaming_tpot_seconds_bucket{fairness_id="default-flow",model_name="Qwen/Qwen3-0.6B",priority="0",target_model_name="Qwen/Qwen3-0.6B",le="0.00205"} 0
llm_d_epp_request_streaming_tpot_seconds_bucket{fairness_id="default-flow",model_name="Qwen/Qwen3-0.6B",priority="0",target_model_name="Qwen/Qwen3-0.6B",le="0.005"} 0
llm_d_epp_request_streaming_tpot_seconds_bucket{fairness_id="default-flow",model_name="Qwen/Qwen3-0.6B",priority="0",target_model_name="Qwen/Qwen3-0.6B",le="0.01"} 38028
llm_d_epp_request_streaming_tpot_seconds_bucket{fairness_id="default-flow",model_name="Qwen/Qwen3-0.6B",priority="0",target_model_name="Qwen/Qwen3-0.6B",le="0.02"} 167078
llm_d_epp_request_streaming_tpot_seconds_bucket{fairness_id="default-flow",model_name="Qwen/Qwen3-0.6B",priority="0",target_model_name="Qwen/Qwen3-0.6B",le="0.04"} 191710
llm_d_epp_request_streaming_tpot_seconds_bucket{fairness_id="default-flow",model_name="Qwen/Qwen3-0.6B",priority="0",target_model_name="Qwen/Qwen3-0.6B",le="0.06"} 192014
llm_d_epp_request_streaming_tpot_seconds_bucket{fairness_id="default-flow",model_name="Qwen/Qwen3-0.6B",priority="0",target_model_name="Qwen/Qwen3-0.6B",le="0.08"} 192014
llm_d_epp_request_streaming_tpot_seconds_bucket{fairness_id="default-flow",model_name="Qwen/Qwen3-0.6B",priority="0",target_model_name="Qwen/Qwen3-0.6B",le="0.1"} 192014
llm_d_epp_request_streaming_tpot_seconds_bucket{fairness_id="default-flow",model_name="Qwen/Qwen3-0.6B",priority="0",target_model_name="Qwen/Qwen3-0.6B",le="0.125"} 192014
llm_d_epp_request_streaming_tpot_seconds_bucket{fairness_id="default-flow",model_name="Qwen/Qwen3-0.6B",priority="0",target_model_name="Qwen/Qwen3-0.6B",le="0.15"} 192014
llm_d_epp_request_streaming_tpot_seconds_bucket{fairness_id="default-flow",model_name="Qwen/Qwen3-0.6B",priority="0",target_model_name="Qwen/Qwen3-0.6B",le="0.2"} 192014
llm_d_epp_request_streaming_tpot_seconds_bucket{fairness_id="default-flow",model_name="Qwen/Qwen3-0.6B",priority="0",target_model_name="Qwen/Qwen3-0.6B",le="0.3"} 192014
llm_d_epp_request_streaming_tpot_seconds_bucket{fairness_id="default-flow",model_name="Qwen/Qwen3-0.6B",priority="0",target_model_name="Qwen/Qwen3-0.6B",le="0.4"} 192014
llm_d_epp_request_streaming_tpot_seconds_bucket{fairness_id="default-flow",model_name="Qwen/Qwen3-0.6B",priority="0",target_model_name="Qwen/Qwen3-0.6B",le="0.5"} 192014
llm_d_epp_request_streaming_tpot_seconds_bucket{fairness_id="default-flow",model_name="Qwen/Qwen3-0.6B",priority="0",target_model_name="Qwen/Qwen3-0.6B",le="0.6"} 192014
llm_d_epp_request_streaming_tpot_seconds_bucket{fairness_id="default-flow",model_name="Qwen/Qwen3-0.6B",priority="0",target_model_name="Qwen/Qwen3-0.6B",le="0.8"} 192014
llm_d_epp_request_streaming_tpot_seconds_bucket{fairness_id="default-flow",model_name="Qwen/Qwen3-0.6B",priority="0",target_model_name="Qwen/Qwen3-0.6B",le="1"} 192014
llm_d_epp_request_streaming_tpot_seconds_bucket{fairness_id="default-flow",model_name="Qwen/Qwen3-0.6B",priority="0",target_model_name="Qwen/Qwen3-0.6B",le="2"} 192014
llm_d_epp_request_streaming_tpot_seconds_bucket{fairness_id="default-flow",model_name="Qwen/Qwen3-0.6B",priority="0",target_model_name="Qwen/Qwen3-0.6B",le="+Inf"} 192014
llm_d_epp_request_streaming_tpot_seconds_sum{fairness_id="default-flow",model_name="Qwen/Qwen3-0.6B",priority="0",target_model_name="Qwen/Qwen3-0.6B"} 2633.132205212151
llm_d_epp_request_streaming_tpot_seconds_count{fairness_id="default-flow",model_name="Qwen/Qwen3-0.6B",priority="0",target_model_name="Qwen/Qwen3-0.6B"} 192014
# HELP llm_d_epp_request_total [ALPHA] Total number of processed requests.
# TYPE llm_d_epp_request_total counter
llm_d_epp_request_total{fairness_id="default-flow",model_name="Qwen/Qwen3-0.6B",priority="0",target_model_name="Qwen/Qwen3-0.6B"} 194141
# HELP llm_d_epp_request_ttft_seconds [ALPHA] Time to first token in seconds, measured from request received to first response byte. For non-streaming requests, this equals total request duration.
# TYPE llm_d_epp_request_ttft_seconds histogram
llm_d_epp_request_ttft_seconds_bucket{fairness_id="default-flow",model_name="",priority="0",streaming="false",target_model_name="",le="0.005"} 12
llm_d_epp_request_ttft_seconds_bucket{fairness_id="default-flow",model_name="",priority="0",streaming="false",target_model_name="",le="0.025"} 12
llm_d_epp_request_ttft_seconds_bucket{fairness_id="default-flow",model_name="",priority="0",streaming="false",target_model_name="",le="0.05"} 12
llm_d_epp_request_ttft_seconds_bucket{fairness_id="default-flow",model_name="",priority="0",streaming="false",target_model_name="",le="0.1"} 12
llm_d_epp_request_ttft_seconds_bucket{fairness_id="default-flow",model_name="",priority="0",streaming="false",target_model_name="",le="0.2"} 12
llm_d_epp_request_ttft_seconds_bucket{fairness_id="default-flow",model_name="",priority="0",streaming="false",target_model_name="",le="0.4"} 12
llm_d_epp_request_ttft_seconds_bucket{fairness_id="default-flow",model_name="",priority="0",streaming="false",target_model_name="",le="0.6"} 12
llm_d_epp_request_ttft_seconds_bucket{fairness_id="default-flow",model_name="",priority="0",streaming="false",target_model_name="",le="0.8"} 12
llm_d_epp_request_ttft_seconds_bucket{fairness_id="default-flow",model_name="",priority="0",streaming="false",target_model_name="",le="1"} 12
llm_d_epp_request_ttft_seconds_bucket{fairness_id="default-flow",model_name="",priority="0",streaming="false",target_model_name="",le="1.25"} 12
llm_d_epp_request_ttft_seconds_bucket{fairness_id="default-flow",model_name="",priority="0",streaming="false",target_model_name="",le="1.5"} 12
llm_d_epp_request_ttft_seconds_bucket{fairness_id="default-flow",model_name="",priority="0",streaming="false",target_model_name="",le="2"} 12
llm_d_epp_request_ttft_seconds_bucket{fairness_id="default-flow",model_name="",priority="0",streaming="false",target_model_name="",le="3"} 12
llm_d_epp_request_ttft_seconds_bucket{fairness_id="default-flow",model_name="",priority="0",streaming="false",target_model_name="",le="4"} 12
llm_d_epp_request_ttft_seconds_bucket{fairness_id="default-flow",model_name="",priority="0",streaming="false",target_model_name="",le="5"} 12
llm_d_epp_request_ttft_seconds_bucket{fairness_id="default-flow",model_name="",priority="0",streaming="false",target_model_name="",le="6"} 12
llm_d_epp_request_ttft_seconds_bucket{fairness_id="default-flow",model_name="",priority="0",streaming="false",target_model_name="",le="8"} 12
llm_d_epp_request_ttft_seconds_bucket{fairness_id="default-flow",model_name="",priority="0",streaming="false",target_model_name="",le="10"} 12
llm_d_epp_request_ttft_seconds_bucket{fairness_id="default-flow",model_name="",priority="0",streaming="false",target_model_name="",le="15"} 12
llm_d_epp_request_ttft_seconds_bucket{fairness_id="default-flow",model_name="",priority="0",streaming="false",target_model_name="",le="20"} 12
llm_d_epp_request_ttft_seconds_bucket{fairness_id="default-flow",model_name="",priority="0",streaming="false",target_model_name="",le="30"} 12
llm_d_epp_request_ttft_seconds_bucket{fairness_id="default-flow",model_name="",priority="0",streaming="false",target_model_name="",le="45"} 12
llm_d_epp_request_ttft_seconds_bucket{fairness_id="default-flow",model_name="",priority="0",streaming="false",target_model_name="",le="60"} 12
llm_d_epp_request_ttft_seconds_bucket{fairness_id="default-flow",model_name="",priority="0",streaming="false",target_model_name="",le="120"} 12
llm_d_epp_request_ttft_seconds_bucket{fairness_id="default-flow",model_name="",priority="0",streaming="false",target_model_name="",le="+Inf"} 12
llm_d_epp_request_ttft_seconds_sum{fairness_id="default-flow",model_name="",priority="0",streaming="false",target_model_name=""} 0.029286076
llm_d_epp_request_ttft_seconds_count{fairness_id="default-flow",model_name="",priority="0",streaming="false",target_model_name=""} 12
llm_d_epp_request_ttft_seconds_bucket{fairness_id="default-flow",model_name="Qwen/Qwen3-0.6B",priority="0",streaming="true",target_model_name="Qwen/Qwen3-0.6B",le="0.005"} 2
llm_d_epp_request_ttft_seconds_bucket{fairness_id="default-flow",model_name="Qwen/Qwen3-0.6B",priority="0",streaming="true",target_model_name="Qwen/Qwen3-0.6B",le="0.025"} 4
llm_d_epp_request_ttft_seconds_bucket{fairness_id="default-flow",model_name="Qwen/Qwen3-0.6B",priority="0",streaming="true",target_model_name="Qwen/Qwen3-0.6B",le="0.05"} 30657
llm_d_epp_request_ttft_seconds_bucket{fairness_id="default-flow",model_name="Qwen/Qwen3-0.6B",priority="0",streaming="true",target_model_name="Qwen/Qwen3-0.6B",le="0.1"} 149881
llm_d_epp_request_ttft_seconds_bucket{fairness_id="default-flow",model_name="Qwen/Qwen3-0.6B",priority="0",streaming="true",target_model_name="Qwen/Qwen3-0.6B",le="0.2"} 161134
llm_d_epp_request_ttft_seconds_bucket{fairness_id="default-flow",model_name="Qwen/Qwen3-0.6B",priority="0",streaming="true",target_model_name="Qwen/Qwen3-0.6B",le="0.4"} 161643
llm_d_epp_request_ttft_seconds_bucket{fairness_id="default-flow",model_name="Qwen/Qwen3-0.6B",priority="0",streaming="true",target_model_name="Qwen/Qwen3-0.6B",le="0.6"} 161868
llm_d_epp_request_ttft_seconds_bucket{fairness_id="default-flow",model_name="Qwen/Qwen3-0.6B",priority="0",streaming="true",target_model_name="Qwen/Qwen3-0.6B",le="0.8"} 162048
llm_d_epp_request_ttft_seconds_bucket{fairness_id="default-flow",model_name="Qwen/Qwen3-0.6B",priority="0",streaming="true",target_model_name="Qwen/Qwen3-0.6B",le="1"} 162246
llm_d_epp_request_ttft_seconds_bucket{fairness_id="default-flow",model_name="Qwen/Qwen3-0.6B",priority="0",streaming="true",target_model_name="Qwen/Qwen3-0.6B",le="1.25"} 162457
llm_d_epp_request_ttft_seconds_bucket{fairness_id="default-flow",model_name="Qwen/Qwen3-0.6B",priority="0",streaming="true",target_model_name="Qwen/Qwen3-0.6B",le="1.5"} 162692
llm_d_epp_request_ttft_seconds_bucket{fairness_id="default-flow",model_name="Qwen/Qwen3-0.6B",priority="0",streaming="true",target_model_name="Qwen/Qwen3-0.6B",le="2"} 163062
llm_d_epp_request_ttft_seconds_bucket{fairness_id="default-flow",model_name="Qwen/Qwen3-0.6B",priority="0",streaming="true",target_model_name="Qwen/Qwen3-0.6B",le="3"} 163800
llm_d_epp_request_ttft_seconds_bucket{fairness_id="default-flow",model_name="Qwen/Qwen3-0.6B",priority="0",streaming="true",target_model_name="Qwen/Qwen3-0.6B",le="4"} 164534
llm_d_epp_request_ttft_seconds_bucket{fairness_id="default-flow",model_name="Qwen/Qwen3-0.6B",priority="0",streaming="true",target_model_name="Qwen/Qwen3-0.6B",le="5"} 165338
llm_d_epp_request_ttft_seconds_bucket{fairness_id="default-flow",model_name="Qwen/Qwen3-0.6B",priority="0",streaming="true",target_model_name="Qwen/Qwen3-0.6B",le="6"} 166133
llm_d_epp_request_ttft_seconds_bucket{fairness_id="default-flow",model_name="Qwen/Qwen3-0.6B",priority="0",streaming="true",target_model_name="Qwen/Qwen3-0.6B",le="8"} 167706
llm_d_epp_request_ttft_seconds_bucket{fairness_id="default-flow",model_name="Qwen/Qwen3-0.6B",priority="0",streaming="true",target_model_name="Qwen/Qwen3-0.6B",le="10"} 169166
llm_d_epp_request_ttft_seconds_bucket{fairness_id="default-flow",model_name="Qwen/Qwen3-0.6B",priority="0",streaming="true",target_model_name="Qwen/Qwen3-0.6B",le="15"} 172309
llm_d_epp_request_ttft_seconds_bucket{fairness_id="default-flow",model_name="Qwen/Qwen3-0.6B",priority="0",streaming="true",target_model_name="Qwen/Qwen3-0.6B",le="20"} 174161
llm_d_epp_request_ttft_seconds_bucket{fairness_id="default-flow",model_name="Qwen/Qwen3-0.6B",priority="0",streaming="true",target_model_name="Qwen/Qwen3-0.6B",le="30"} 177244
llm_d_epp_request_ttft_seconds_bucket{fairness_id="default-flow",model_name="Qwen/Qwen3-0.6B",priority="0",streaming="true",target_model_name="Qwen/Qwen3-0.6B",le="45"} 181204
llm_d_epp_request_ttft_seconds_bucket{fairness_id="default-flow",model_name="Qwen/Qwen3-0.6B",priority="0",streaming="true",target_model_name="Qwen/Qwen3-0.6B",le="60"} 184449
llm_d_epp_request_ttft_seconds_bucket{fairness_id="default-flow",model_name="Qwen/Qwen3-0.6B",priority="0",streaming="true",target_model_name="Qwen/Qwen3-0.6B",le="120"} 191977
llm_d_epp_request_ttft_seconds_bucket{fairness_id="default-flow",model_name="Qwen/Qwen3-0.6B",priority="0",streaming="true",target_model_name="Qwen/Qwen3-0.6B",le="+Inf"} 192021
llm_d_epp_request_ttft_seconds_sum{fairness_id="default-flow",model_name="Qwen/Qwen3-0.6B",priority="0",streaming="true",target_model_name="Qwen/Qwen3-0.6B"} 1.1649264874392047e+06
llm_d_epp_request_ttft_seconds_count{fairness_id="default-flow",model_name="Qwen/Qwen3-0.6B",priority="0",streaming="true",target_model_name="Qwen/Qwen3-0.6B"} 192021
# HELP llm_d_epp_response_size_bytes [ALPHA] Outgoing response body size distribution in bytes.
# TYPE llm_d_epp_response_size_bytes histogram
llm_d_epp_response_size_bytes_bucket{fairness_id="default-flow",model_name="",priority="0",target_model_name="",le="1"} 0
llm_d_epp_response_size_bytes_bucket{fairness_id="default-flow",model_name="",priority="0",target_model_name="",le="8"} 0
llm_d_epp_response_size_bytes_bucket{fairness_id="default-flow",model_name="",priority="0",target_model_name="",le="16"} 0
llm_d_epp_response_size_bytes_bucket{fairness_id="default-flow",model_name="",priority="0",target_model_name="",le="32"} 0
llm_d_epp_response_size_bytes_bucket{fairness_id="default-flow",model_name="",priority="0",target_model_name="",le="64"} 0
llm_d_epp_response_size_bytes_bucket{fairness_id="default-flow",model_name="",priority="0",target_model_name="",le="128"} 0
llm_d_epp_response_size_bytes_bucket{fairness_id="default-flow",model_name="",priority="0",target_model_name="",le="256"} 0
llm_d_epp_response_size_bytes_bucket{fairness_id="default-flow",model_name="",priority="0",target_model_name="",le="512"} 12
llm_d_epp_response_size_bytes_bucket{fairness_id="default-flow",model_name="",priority="0",target_model_name="",le="1024"} 12
llm_d_epp_response_size_bytes_bucket{fairness_id="default-flow",model_name="",priority="0",target_model_name="",le="2048"} 12
llm_d_epp_response_size_bytes_bucket{fairness_id="default-flow",model_name="",priority="0",target_model_name="",le="4096"} 12
llm_d_epp_response_size_bytes_bucket{fairness_id="default-flow",model_name="",priority="0",target_model_name="",le="8192"} 12
llm_d_epp_response_size_bytes_bucket{fairness_id="default-flow",model_name="",priority="0",target_model_name="",le="16384"} 12
llm_d_epp_response_size_bytes_bucket{fairness_id="default-flow",model_name="",priority="0",target_model_name="",le="32778"} 12
llm_d_epp_response_size_bytes_bucket{fairness_id="default-flow",model_name="",priority="0",target_model_name="",le="65536"} 12
llm_d_epp_response_size_bytes_bucket{fairness_id="default-flow",model_name="",priority="0",target_model_name="",le="+Inf"} 12
llm_d_epp_response_size_bytes_sum{fairness_id="default-flow",model_name="",priority="0",target_model_name=""} 5808
llm_d_epp_response_size_bytes_count{fairness_id="default-flow",model_name="",priority="0",target_model_name=""} 12
llm_d_epp_response_size_bytes_bucket{fairness_id="default-flow",model_name="Qwen/Qwen3-0.6B",priority="0",target_model_name="Qwen/Qwen3-0.6B",le="1"} 0
llm_d_epp_response_size_bytes_bucket{fairness_id="default-flow",model_name="Qwen/Qwen3-0.6B",priority="0",target_model_name="Qwen/Qwen3-0.6B",le="8"} 0
llm_d_epp_response_size_bytes_bucket{fairness_id="default-flow",model_name="Qwen/Qwen3-0.6B",priority="0",target_model_name="Qwen/Qwen3-0.6B",le="16"} 0
llm_d_epp_response_size_bytes_bucket{fairness_id="default-flow",model_name="Qwen/Qwen3-0.6B",priority="0",target_model_name="Qwen/Qwen3-0.6B",le="32"} 0
llm_d_epp_response_size_bytes_bucket{fairness_id="default-flow",model_name="Qwen/Qwen3-0.6B",priority="0",target_model_name="Qwen/Qwen3-0.6B",le="64"} 0
llm_d_epp_response_size_bytes_bucket{fairness_id="default-flow",model_name="Qwen/Qwen3-0.6B",priority="0",target_model_name="Qwen/Qwen3-0.6B",le="128"} 1
llm_d_epp_response_size_bytes_bucket{fairness_id="default-flow",model_name="Qwen/Qwen3-0.6B",priority="0",target_model_name="Qwen/Qwen3-0.6B",le="256"} 7
llm_d_epp_response_size_bytes_bucket{fairness_id="default-flow",model_name="Qwen/Qwen3-0.6B",priority="0",target_model_name="Qwen/Qwen3-0.6B",le="512"} 7
llm_d_epp_response_size_bytes_bucket{fairness_id="default-flow",model_name="Qwen/Qwen3-0.6B",priority="0",target_model_name="Qwen/Qwen3-0.6B",le="1024"} 7
llm_d_epp_response_size_bytes_bucket{fairness_id="default-flow",model_name="Qwen/Qwen3-0.6B",priority="0",target_model_name="Qwen/Qwen3-0.6B",le="2048"} 7
llm_d_epp_response_size_bytes_bucket{fairness_id="default-flow",model_name="Qwen/Qwen3-0.6B",priority="0",target_model_name="Qwen/Qwen3-0.6B",le="4096"} 7
llm_d_epp_response_size_bytes_bucket{fairness_id="default-flow",model_name="Qwen/Qwen3-0.6B",priority="0",target_model_name="Qwen/Qwen3-0.6B",le="8192"} 7
llm_d_epp_response_size_bytes_bucket{fairness_id="default-flow",model_name="Qwen/Qwen3-0.6B",priority="0",target_model_name="Qwen/Qwen3-0.6B",le="16384"} 7
llm_d_epp_response_size_bytes_bucket{fairness_id="default-flow",model_name="Qwen/Qwen3-0.6B",priority="0",target_model_name="Qwen/Qwen3-0.6B",le="32778"} 7
llm_d_epp_response_size_bytes_bucket{fairness_id="default-flow",model_name="Qwen/Qwen3-0.6B",priority="0",target_model_name="Qwen/Qwen3-0.6B",le="65536"} 17
llm_d_epp_response_size_bytes_bucket{fairness_id="default-flow",model_name="Qwen/Qwen3-0.6B",priority="0",target_model_name="Qwen/Qwen3-0.6B",le="+Inf"} 192021
llm_d_epp_response_size_bytes_sum{fairness_id="default-flow",model_name="Qwen/Qwen3-0.6B",priority="0",target_model_name="Qwen/Qwen3-0.6B"} 4.9407367714e+10
llm_d_epp_response_size_bytes_count{fairness_id="default-flow",model_name="Qwen/Qwen3-0.6B",priority="0",target_model_name="Qwen/Qwen3-0.6B"} 192021
# HELP llm_d_epp_scheduler_attempts_total [ALPHA] Total number of scheduling attempts.
# TYPE llm_d_epp_scheduler_attempts_total counter
llm_d_epp_scheduler_attempts_total{endpoint_name="qwen-qwe-3db867ce-en3-0-6b-decode-5c6d8d69bd-27xrt",namespace="biran",port="8000",status="success",target_model_name="Qwen/Qwen3-0.6B"} 792
llm_d_epp_scheduler_attempts_total{endpoint_name="qwen-qwe-3db867ce-en3-0-6b-decode-5c6d8d69bd-2hnk5",namespace="biran",port="8000",status="success",target_model_name="Qwen/Qwen3-0.6B"} 816
llm_d_epp_scheduler_attempts_total{endpoint_name="qwen-qwe-3db867ce-en3-0-6b-decode-5c6d8d69bd-2phtk",namespace="biran",port="8000",status="success",target_model_name="Qwen/Qwen3-0.6B"} 786
llm_d_epp_scheduler_attempts_total{endpoint_name="qwen-qwe-3db867ce-en3-0-6b-decode-5c6d8d69bd-2qdst",namespace="biran",port="8000",status="success",target_model_name="Qwen/Qwen3-0.6B"} 644
llm_d_epp_scheduler_attempts_total{endpoint_name="qwen-qwe-3db867ce-en3-0-6b-decode-5c6d8d69bd-2tzm4",namespace="biran",port="8000",status="success",target_model_name="Qwen/Qwen3-0.6B"} 248
llm_d_epp_scheduler_attempts_total{endpoint_name="qwen-qwe-3db867ce-en3-0-6b-decode-5c6d8d69bd-44qmz",namespace="biran",port="8000",status="success",target_model_name="Qwen/Qwen3-0.6B"} 3362
llm_d_epp_scheduler_attempts_total{endpoint_name="qwen-qwe-3db867ce-en3-0-6b-decode-5c6d8d69bd-49tcr",namespace="biran",port="8000",status="success",target_model_name="Qwen/Qwen3-0.6B"} 354
llm_d_epp_scheduler_attempts_total{endpoint_name="qwen-qwe-3db867ce-en3-0-6b-decode-5c6d8d69bd-4d8n7",namespace="biran",port="8000",status="success",target_model_name="Qwen/Qwen3-0.6B"} 524
llm_d_epp_scheduler_attempts_total{endpoint_name="qwen-qwe-3db867ce-en3-0-6b-decode-5c6d8d69bd-4khcb",namespace="biran",port="8000",status="success",target_model_name="Qwen/Qwen3-0.6B"} 3519
llm_d_epp_scheduler_attempts_total{endpoint_name="qwen-qwe-3db867ce-en3-0-6b-decode-5c6d8d69bd-4m65f",namespace="biran",port="8000",status="success",target_model_name="Qwen/Qwen3-0.6B"} 3035
llm_d_epp_scheduler_attempts_total{endpoint_name="qwen-qwe-3db867ce-en3-0-6b-decode-5c6d8d69bd-4vr76",namespace="biran",port="8000",status="success",target_model_name="Qwen/Qwen3-0.6B"} 1576
llm_d_epp_scheduler_attempts_total{endpoint_name="qwen-qwe-3db867ce-en3-0-6b-decode-5c6d8d69bd-5hxrj",namespace="biran",port="8000",status="success",target_model_name="Qwen/Qwen3-0.6B"} 2074
llm_d_epp_scheduler_attempts_total{endpoint_name="qwen-qwe-3db867ce-en3-0-6b-decode-5c6d8d69bd-5k9lj",namespace="biran",port="8000",status="success",target_model_name="Qwen/Qwen3-0.6B"} 3306
llm_d_epp_scheduler_attempts_total{endpoint_name="qwen-qwe-3db867ce-en3-0-6b-decode-5c6d8d69bd-5msl9",namespace="biran",port="8000",status="success",target_model_name="Qwen/Qwen3-0.6B"} 668
llm_d_epp_scheduler_attempts_total{endpoint_name="qwen-qwe-3db867ce-en3-0-6b-decode-5c6d8d69bd-5qlxq",namespace="biran",port="8000",status="success",target_model_name="Qwen/Qwen3-0.6B"} 12000
llm_d_epp_scheduler_attempts_total{endpoint_name="qwen-qwe-3db867ce-en3-0-6b-decode-5c6d8d69bd-647sv",namespace="biran",port="8000",status="success",target_model_name="Qwen/Qwen3-0.6B"} 4133
llm_d_epp_scheduler_attempts_total{endpoint_name="qwen-qwe-3db867ce-en3-0-6b-decode-5c6d8d69bd-6zvqj",namespace="biran",port="8000",status="success",target_model_name="Qwen/Qwen3-0.6B"} 578
llm_d_epp_scheduler_attempts_total{endpoint_name="qwen-qwe-3db867ce-en3-0-6b-decode-5c6d8d69bd-75vzn",namespace="biran",port="8000",status="success",target_model_name="Qwen/Qwen3-0.6B"} 825
llm_d_epp_scheduler_attempts_total{endpoint_name="qwen-qwe-3db867ce-en3-0-6b-decode-5c6d8d69bd-775vd",namespace="biran",port="8000",status="success",target_model_name="Qwen/Qwen3-0.6B"} 826
llm_d_epp_scheduler_attempts_total{endpoint_name="qwen-qwe-3db867ce-en3-0-6b-decode-5c6d8d69bd-77n7x",namespace="biran",port="8000",status="success",target_model_name="Qwen/Qwen3-0.6B"} 734
llm_d_epp_scheduler_attempts_total{endpoint_name="qwen-qwe-3db867ce-en3-0-6b-decode-5c6d8d69bd-7f7gz",namespace="biran",port="8000",status="success",target_model_name="Qwen/Qwen3-0.6B"} 585
llm_d_epp_scheduler_attempts_total{endpoint_name="qwen-qwe-3db867ce-en3-0-6b-decode-5c6d8d69bd-7gwtp",namespace="biran",port="8000",status="success",target_model_name="Qwen/Qwen3-0.6B"} 7502
llm_d_epp_scheduler_attempts_total{endpoint_name="qwen-qwe-3db867ce-en3-0-6b-decode-5c6d8d69bd-7j2jl",namespace="biran",port="8000",status="success",target_model_name="Qwen/Qwen3-0.6B"} 747
llm_d_epp_scheduler_attempts_total{endpoint_name="qwen-qwe-3db867ce-en3-0-6b-decode-5c6d8d69bd-7q977",namespace="biran",port="8000",status="success",target_model_name="Qwen/Qwen3-0.6B"} 123
llm_d_epp_scheduler_attempts_total{endpoint_name="qwen-qwe-3db867ce-en3-0-6b-decode-5c6d8d69bd-7z5v6",namespace="biran",port="8000",status="success",target_model_name="Qwen/Qwen3-0.6B"} 664
llm_d_epp_scheduler_attempts_total{endpoint_name="qwen-qwe-3db867ce-en3-0-6b-decode-5c6d8d69bd-9hvmc",namespace="biran",port="8000",status="success",target_model_name="Qwen/Qwen3-0.6B"} 3021
llm_d_epp_scheduler_attempts_total{endpoint_name="qwen-qwe-3db867ce-en3-0-6b-decode-5c6d8d69bd-9vmbs",namespace="biran",port="8000",status="success",target_model_name="Qwen/Qwen3-0.6B"} 1081
llm_d_epp_scheduler_attempts_total{endpoint_name="qwen-qwe-3db867ce-en3-0-6b-decode-5c6d8d69bd-b59dz",namespace="biran",port="8000",status="success",target_model_name="Qwen/Qwen3-0.6B"} 699
llm_d_epp_scheduler_attempts_total{endpoint_name="qwen-qwe-3db867ce-en3-0-6b-decode-5c6d8d69bd-bbxkj",namespace="biran",port="8000",status="success",target_model_name="Qwen/Qwen3-0.6B"} 16015
llm_d_epp_scheduler_attempts_total{endpoint_name="qwen-qwe-3db867ce-en3-0-6b-decode-5c6d8d69bd-blp78",namespace="biran",port="8000",status="success",target_model_name="Qwen/Qwen3-0.6B"} 816
llm_d_epp_scheduler_attempts_total{endpoint_name="qwen-qwe-3db867ce-en3-0-6b-decode-5c6d8d69bd-blqr9",namespace="biran",port="8000",status="success",target_model_name="Qwen/Qwen3-0.6B"} 800
llm_d_epp_scheduler_attempts_total{endpoint_name="qwen-qwe-3db867ce-en3-0-6b-decode-5c6d8d69bd-btcwt",namespace="biran",port="8000",status="success",target_model_name="Qwen/Qwen3-0.6B"} 4749
llm_d_epp_scheduler_attempts_total{endpoint_name="qwen-qwe-3db867ce-en3-0-6b-decode-5c6d8d69bd-btj62",namespace="biran",port="8000",status="success",target_model_name="Qwen/Qwen3-0.6B"} 651
llm_d_epp_scheduler_attempts_total{endpoint_name="qwen-qwe-3db867ce-en3-0-6b-decode-5c6d8d69bd-bz8tm",namespace="biran",port="8000",status="success",target_model_name="Qwen/Qwen3-0.6B"} 707
llm_d_epp_scheduler_attempts_total{endpoint_name="qwen-qwe-3db867ce-en3-0-6b-decode-5c6d8d69bd-cbpg9",namespace="biran",port="8000",status="success",target_model_name="Qwen/Qwen3-0.6B"} 541
llm_d_epp_scheduler_attempts_total{endpoint_name="qwen-qwe-3db867ce-en3-0-6b-decode-5c6d8d69bd-cf7bb",namespace="biran",port="8000",status="success",target_model_name="Qwen/Qwen3-0.6B"} 565
llm_d_epp_scheduler_attempts_total{endpoint_name="qwen-qwe-3db867ce-en3-0-6b-decode-5c6d8d69bd-dcfkw",namespace="biran",port="8000",status="success",target_model_name="Qwen/Qwen3-0.6B"} 3273
llm_d_epp_scheduler_attempts_total{endpoint_name="qwen-qwe-3db867ce-en3-0-6b-decode-5c6d8d69bd-dczh7",namespace="biran",port="8000",status="success",target_model_name="Qwen/Qwen3-0.6B"} 189
llm_d_epp_scheduler_attempts_total{endpoint_name="qwen-qwe-3db867ce-en3-0-6b-decode-5c6d8d69bd-dj7nk",namespace="biran",port="8000",status="success",target_model_name="Qwen/Qwen3-0.6B"} 705
llm_d_epp_scheduler_attempts_total{endpoint_name="qwen-qwe-3db867ce-en3-0-6b-decode-5c6d8d69bd-dkssl",namespace="biran",port="8000",status="success",target_model_name="Qwen/Qwen3-0.6B"} 2101
llm_d_epp_scheduler_attempts_total{endpoint_name="qwen-qwe-3db867ce-en3-0-6b-decode-5c6d8d69bd-dln8s",namespace="biran",port="8000",status="success",target_model_name="Qwen/Qwen3-0.6B"} 3778
llm_d_epp_scheduler_attempts_total{endpoint_name="qwen-qwe-3db867ce-en3-0-6b-decode-5c6d8d69bd-dw8gn",namespace="biran",port="8000",status="success",target_model_name="Qwen/Qwen3-0.6B"} 899
llm_d_epp_scheduler_attempts_total{endpoint_name="qwen-qwe-3db867ce-en3-0-6b-decode-5c6d8d69bd-f4xc7",namespace="biran",port="8000",status="success",target_model_name="Qwen/Qwen3-0.6B"} 376
llm_d_epp_scheduler_attempts_total{endpoint_name="qwen-qwe-3db867ce-en3-0-6b-decode-5c6d8d69bd-f9wwh",namespace="biran",port="8000",status="success",target_model_name="Qwen/Qwen3-0.6B"} 677
llm_d_epp_scheduler_attempts_total{endpoint_name="qwen-qwe-3db867ce-en3-0-6b-decode-5c6d8d69bd-fzdnn",namespace="biran",port="8000",status="success",target_model_name="Qwen/Qwen3-0.6B"} 673
llm_d_epp_scheduler_attempts_total{endpoint_name="qwen-qwe-3db867ce-en3-0-6b-decode-5c6d8d69bd-g9jvb",namespace="biran",port="8000",status="success",target_model_name="Qwen/Qwen3-0.6B"} 499
llm_d_epp_scheduler_attempts_total{endpoint_name="qwen-qwe-3db867ce-en3-0-6b-decode-5c6d8d69bd-gtp4c",namespace="biran",port="8000",status="success",target_model_name="Qwen/Qwen3-0.6B"} 882
llm_d_epp_scheduler_attempts_total{endpoint_name="qwen-qwe-3db867ce-en3-0-6b-decode-5c6d8d69bd-gvbdm",namespace="biran",port="8000",status="success",target_model_name="Qwen/Qwen3-0.6B"} 1538
llm_d_epp_scheduler_attempts_total{endpoint_name="qwen-qwe-3db867ce-en3-0-6b-decode-5c6d8d69bd-h7xqz",namespace="biran",port="8000",status="success",target_model_name="Qwen/Qwen3-0.6B"} 733
llm_d_epp_scheduler_attempts_total{endpoint_name="qwen-qwe-3db867ce-en3-0-6b-decode-5c6d8d69bd-hfk85",namespace="biran",port="8000",status="success",target_model_name="Qwen/Qwen3-0.6B"} 771
llm_d_epp_scheduler_attempts_total{endpoint_name="qwen-qwe-3db867ce-en3-0-6b-decode-5c6d8d69bd-htksg",namespace="biran",port="8000",status="success",target_model_name="Qwen/Qwen3-0.6B"} 915
llm_d_epp_scheduler_attempts_total{endpoint_name="qwen-qwe-3db867ce-en3-0-6b-decode-5c6d8d69bd-j29kc",namespace="biran",port="8000",status="success",target_model_name="Qwen/Qwen3-0.6B"} 831
llm_d_epp_scheduler_attempts_total{endpoint_name="qwen-qwe-3db867ce-en3-0-6b-decode-5c6d8d69bd-jcls5",namespace="biran",port="8000",status="success",target_model_name="Qwen/Qwen3-0.6B"} 912
llm_d_epp_scheduler_attempts_total{endpoint_name="qwen-qwe-3db867ce-en3-0-6b-decode-5c6d8d69bd-kqrsx",namespace="biran",port="8000",status="success",target_model_name="Qwen/Qwen3-0.6B"} 663
llm_d_epp_scheduler_attempts_total{endpoint_name="qwen-qwe-3db867ce-en3-0-6b-decode-5c6d8d69bd-l6xvh",namespace="biran",port="8000",status="success",target_model_name="Qwen/Qwen3-0.6B"} 603
llm_d_epp_scheduler_attempts_total{endpoint_name="qwen-qwe-3db867ce-en3-0-6b-decode-5c6d8d69bd-l8shb",namespace="biran",port="8000",status="success",target_model_name="Qwen/Qwen3-0.6B"} 598
llm_d_epp_scheduler_attempts_total{endpoint_name="qwen-qwe-3db867ce-en3-0-6b-decode-5c6d8d69bd-llbvc",namespace="biran",port="8000",status="success",target_model_name="Qwen/Qwen3-0.6B"} 3535
llm_d_epp_scheduler_attempts_total{endpoint_name="qwen-qwe-3db867ce-en3-0-6b-decode-5c6d8d69bd-mfmqd",namespace="biran",port="8000",status="success",target_model_name="Qwen/Qwen3-0.6B"} 3466
llm_d_epp_scheduler_attempts_total{endpoint_name="qwen-qwe-3db867ce-en3-0-6b-decode-5c6d8d69bd-mkzh5",namespace="biran",port="8000",status="success",target_model_name="Qwen/Qwen3-0.6B"} 1088
llm_d_epp_scheduler_attempts_total{endpoint_name="qwen-qwe-3db867ce-en3-0-6b-decode-5c6d8d69bd-mqr7w",namespace="biran",port="8000",status="success",target_model_name="Qwen/Qwen3-0.6B"} 2638
llm_d_epp_scheduler_attempts_total{endpoint_name="qwen-qwe-3db867ce-en3-0-6b-decode-5c6d8d69bd-nf48v",namespace="biran",port="8000",status="success",target_model_name="Qwen/Qwen3-0.6B"} 826
llm_d_epp_scheduler_attempts_total{endpoint_name="qwen-qwe-3db867ce-en3-0-6b-decode-5c6d8d69bd-nlb2q",namespace="biran",port="8000",status="success",target_model_name="Qwen/Qwen3-0.6B"} 780
llm_d_epp_scheduler_attempts_total{endpoint_name="qwen-qwe-3db867ce-en3-0-6b-decode-5c6d8d69bd-nr2t4",namespace="biran",port="8000",status="success",target_model_name="Qwen/Qwen3-0.6B"} 790
llm_d_epp_scheduler_attempts_total{endpoint_name="qwen-qwe-3db867ce-en3-0-6b-decode-5c6d8d69bd-p8nmg",namespace="biran",port="8000",status="success",target_model_name="Qwen/Qwen3-0.6B"} 4624
llm_d_epp_scheduler_attempts_total{endpoint_name="qwen-qwe-3db867ce-en3-0-6b-decode-5c6d8d69bd-p9ccj",namespace="biran",port="8000",status="success",target_model_name="Qwen/Qwen3-0.6B"} 903
llm_d_epp_scheduler_attempts_total{endpoint_name="qwen-qwe-3db867ce-en3-0-6b-decode-5c6d8d69bd-pnnk5",namespace="biran",port="8000",status="success",target_model_name="Qwen/Qwen3-0.6B"} 730
llm_d_epp_scheduler_attempts_total{endpoint_name="qwen-qwe-3db867ce-en3-0-6b-decode-5c6d8d69bd-prlr6",namespace="biran",port="8000",status="success",target_model_name="Qwen/Qwen3-0.6B"} 353
llm_d_epp_scheduler_attempts_total{endpoint_name="qwen-qwe-3db867ce-en3-0-6b-decode-5c6d8d69bd-q2l98",namespace="biran",port="8000",status="success",target_model_name="Qwen/Qwen3-0.6B"} 826
llm_d_epp_scheduler_attempts_total{endpoint_name="qwen-qwe-3db867ce-en3-0-6b-decode-5c6d8d69bd-q6tbr",namespace="biran",port="8000",status="success",target_model_name="Qwen/Qwen3-0.6B"} 1201
llm_d_epp_scheduler_attempts_total{endpoint_name="qwen-qwe-3db867ce-en3-0-6b-decode-5c6d8d69bd-qwlkg",namespace="biran",port="8000",status="success",target_model_name="Qwen/Qwen3-0.6B"} 622
llm_d_epp_scheduler_attempts_total{endpoint_name="qwen-qwe-3db867ce-en3-0-6b-decode-5c6d8d69bd-r6mrd",namespace="biran",port="8000",status="success",target_model_name="Qwen/Qwen3-0.6B"} 736
llm_d_epp_scheduler_attempts_total{endpoint_name="qwen-qwe-3db867ce-en3-0-6b-decode-5c6d8d69bd-r7qsn",namespace="biran",port="8000",status="success",target_model_name="Qwen/Qwen3-0.6B"} 482
llm_d_epp_scheduler_attempts_total{endpoint_name="qwen-qwe-3db867ce-en3-0-6b-decode-5c6d8d69bd-r998q",namespace="biran",port="8000",status="success",target_model_name="Qwen/Qwen3-0.6B"} 8326
llm_d_epp_scheduler_attempts_total{endpoint_name="qwen-qwe-3db867ce-en3-0-6b-decode-5c6d8d69bd-r9v9t",namespace="biran",port="8000",status="success",target_model_name="Qwen/Qwen3-0.6B"} 2113
llm_d_epp_scheduler_attempts_total{endpoint_name="qwen-qwe-3db867ce-en3-0-6b-decode-5c6d8d69bd-rfbx4",namespace="biran",port="8000",status="success",target_model_name="Qwen/Qwen3-0.6B"} 789
llm_d_epp_scheduler_attempts_total{endpoint_name="qwen-qwe-3db867ce-en3-0-6b-decode-5c6d8d69bd-rsg4l",namespace="biran",port="8000",status="success",target_model_name="Qwen/Qwen3-0.6B"} 885
llm_d_epp_scheduler_attempts_total{endpoint_name="qwen-qwe-3db867ce-en3-0-6b-decode-5c6d8d69bd-rt2km",namespace="biran",port="8000",status="success",target_model_name="Qwen/Qwen3-0.6B"} 403
llm_d_epp_scheduler_attempts_total{endpoint_name="qwen-qwe-3db867ce-en3-0-6b-decode-5c6d8d69bd-rxm4q",namespace="biran",port="8000",status="success",target_model_name="Qwen/Qwen3-0.6B"} 3850
llm_d_epp_scheduler_attempts_total{endpoint_name="qwen-qwe-3db867ce-en3-0-6b-decode-5c6d8d69bd-s48xc",namespace="biran",port="8000",status="success",target_model_name="Qwen/Qwen3-0.6B"} 543
llm_d_epp_scheduler_attempts_total{endpoint_name="qwen-qwe-3db867ce-en3-0-6b-decode-5c6d8d69bd-sxskf",namespace="biran",port="8000",status="success",target_model_name="Qwen/Qwen3-0.6B"} 4360
llm_d_epp_scheduler_attempts_total{endpoint_name="qwen-qwe-3db867ce-en3-0-6b-decode-5c6d8d69bd-t6hgv",namespace="biran",port="8000",status="success",target_model_name="Qwen/Qwen3-0.6B"} 595
llm_d_epp_scheduler_attempts_total{endpoint_name="qwen-qwe-3db867ce-en3-0-6b-decode-5c6d8d69bd-tvd2x",namespace="biran",port="8000",status="success",target_model_name="Qwen/Qwen3-0.6B"} 733
llm_d_epp_scheduler_attempts_total{endpoint_name="qwen-qwe-3db867ce-en3-0-6b-decode-5c6d8d69bd-v2xdv",namespace="biran",port="8000",status="success",target_model_name="Qwen/Qwen3-0.6B"} 418
llm_d_epp_scheduler_attempts_total{endpoint_name="qwen-qwe-3db867ce-en3-0-6b-decode-5c6d8d69bd-vcf66",namespace="biran",port="8000",status="success",target_model_name="Qwen/Qwen3-0.6B"} 3473
llm_d_epp_scheduler_attempts_total{endpoint_name="qwen-qwe-3db867ce-en3-0-6b-decode-5c6d8d69bd-vj2mr",namespace="biran",port="8000",status="success",target_model_name="Qwen/Qwen3-0.6B"} 567
llm_d_epp_scheduler_attempts_total{endpoint_name="qwen-qwe-3db867ce-en3-0-6b-decode-5c6d8d69bd-vjvcv",namespace="biran",port="8000",status="success",target_model_name="Qwen/Qwen3-0.6B"} 665
llm_d_epp_scheduler_attempts_total{endpoint_name="qwen-qwe-3db867ce-en3-0-6b-decode-5c6d8d69bd-vvdct",namespace="biran",port="8000",status="success",target_model_name="Qwen/Qwen3-0.6B"} 10011
llm_d_epp_scheduler_attempts_total{endpoint_name="qwen-qwe-3db867ce-en3-0-6b-decode-5c6d8d69bd-vwnvd",namespace="biran",port="8000",status="success",target_model_name="Qwen/Qwen3-0.6B"} 16513
llm_d_epp_scheduler_attempts_total{endpoint_name="qwen-qwe-3db867ce-en3-0-6b-decode-5c6d8d69bd-w4cdh",namespace="biran",port="8000",status="success",target_model_name="Qwen/Qwen3-0.6B"} 367
llm_d_epp_scheduler_attempts_total{endpoint_name="qwen-qwe-3db867ce-en3-0-6b-decode-5c6d8d69bd-w8lfc",namespace="biran",port="8000",status="success",target_model_name="Qwen/Qwen3-0.6B"} 3689
llm_d_epp_scheduler_attempts_total{endpoint_name="qwen-qwe-3db867ce-en3-0-6b-decode-5c6d8d69bd-w8w7j",namespace="biran",port="8000",status="success",target_model_name="Qwen/Qwen3-0.6B"} 4909
llm_d_epp_scheduler_attempts_total{endpoint_name="qwen-qwe-3db867ce-en3-0-6b-decode-5c6d8d69bd-wjf67",namespace="biran",port="8000",status="success",target_model_name="Qwen/Qwen3-0.6B"} 412
llm_d_epp_scheduler_attempts_total{endpoint_name="qwen-qwe-3db867ce-en3-0-6b-decode-5c6d8d69bd-wkgrw",namespace="biran",port="8000",status="success",target_model_name="Qwen/Qwen3-0.6B"} 763
llm_d_epp_scheduler_attempts_total{endpoint_name="qwen-qwe-3db867ce-en3-0-6b-decode-5c6d8d69bd-wkqqc",namespace="biran",port="8000",status="success",target_model_name="Qwen/Qwen3-0.6B"} 815
llm_d_epp_scheduler_attempts_total{endpoint_name="qwen-qwe-3db867ce-en3-0-6b-decode-5c6d8d69bd-wttkw",namespace="biran",port="8000",status="success",target_model_name="Qwen/Qwen3-0.6B"} 801
llm_d_epp_scheduler_attempts_total{endpoint_name="qwen-qwe-3db867ce-en3-0-6b-decode-5c6d8d69bd-x2sc4",namespace="biran",port="8000",status="success",target_model_name="Qwen/Qwen3-0.6B"} 629
llm_d_epp_scheduler_attempts_total{endpoint_name="qwen-qwe-3db867ce-en3-0-6b-decode-5c6d8d69bd-xxtxm",namespace="biran",port="8000",status="success",target_model_name="Qwen/Qwen3-0.6B"} 406
llm_d_epp_scheduler_attempts_total{endpoint_name="qwen-qwe-3db867ce-en3-0-6b-decode-5c6d8d69bd-z6pp7",namespace="biran",port="8000",status="success",target_model_name="Qwen/Qwen3-0.6B"} 397
llm_d_epp_scheduler_attempts_total{endpoint_name="qwen-qwe-3db867ce-en3-0-6b-decode-5c6d8d69bd-zh5rf",namespace="biran",port="8000",status="success",target_model_name="Qwen/Qwen3-0.6B"} 559
llm_d_epp_scheduler_attempts_total{endpoint_name="qwen-qwe-3db867ce-en3-0-6b-decode-5c6d8d69bd-zkbfj",namespace="biran",port="8000",status="success",target_model_name="Qwen/Qwen3-0.6B"} 868
# HELP llm_d_epp_scheduler_e2e_duration_seconds [ALPHA] End-to-end scheduling latency distribution in seconds.
# TYPE llm_d_epp_scheduler_e2e_duration_seconds histogram
llm_d_epp_scheduler_e2e_duration_seconds_bucket{le="0.0001"} 3
llm_d_epp_scheduler_e2e_duration_seconds_bucket{le="0.0002"} 34754
llm_d_epp_scheduler_e2e_duration_seconds_bucket{le="0.0005"} 166254
llm_d_epp_scheduler_e2e_duration_seconds_bucket{le="0.001"} 185630
llm_d_epp_scheduler_e2e_duration_seconds_bucket{le="0.002"} 189257
llm_d_epp_scheduler_e2e_duration_seconds_bucket{le="0.005"} 191492
llm_d_epp_scheduler_e2e_duration_seconds_bucket{le="0.01"} 192620
llm_d_epp_scheduler_e2e_duration_seconds_bucket{le="0.02"} 193462
llm_d_epp_scheduler_e2e_duration_seconds_bucket{le="0.05"} 194098
llm_d_epp_scheduler_e2e_duration_seconds_bucket{le="0.1"} 194139
llm_d_epp_scheduler_e2e_duration_seconds_bucket{le="+Inf"} 194141
llm_d_epp_scheduler_e2e_duration_seconds_sum 111.20793429299923
llm_d_epp_scheduler_e2e_duration_seconds_count 194141
# HELP llm_d_inference_scheduler_datalayer_poll_errors_total [ALPHA] [Deprecated: Use llm_d_epp_datalayer_poll_errors_total] Data-source poll errors per source type.
# TYPE llm_d_inference_scheduler_datalayer_poll_errors_total counter
llm_d_inference_scheduler_datalayer_poll_errors_total{source_type="metrics-data-source"} 17
# HELP process_cpu_seconds_total Total user and system CPU time spent in seconds.
# TYPE process_cpu_seconds_total counter
process_cpu_seconds_total 127977.69
# HELP process_max_fds Maximum number of open file descriptors.
# TYPE process_max_fds gauge
process_max_fds 1.048576e+06
# HELP process_network_receive_bytes_total Number of bytes received by the process over the network.
# TYPE process_network_receive_bytes_total counter
process_network_receive_bytes_total 8.05590878526e+11
# HELP process_network_transmit_bytes_total Number of bytes sent by the process over the network.
# TYPE process_network_transmit_bytes_total counter
process_network_transmit_bytes_total 2.65482152529e+11
# HELP process_open_fds Number of open file descriptors.
# TYPE process_open_fds gauge
process_open_fds 243
# HELP process_resident_memory_bytes Resident memory size in bytes.
# TYPE process_resident_memory_bytes gauge
process_resident_memory_bytes 2.94207488e+08
# HELP process_start_time_seconds Start time of the process since unix epoch in seconds.
# TYPE process_start_time_seconds gauge
process_start_time_seconds 1.78697040283e+09
# HELP process_virtual_memory_bytes Virtual memory size in bytes.
# TYPE process_virtual_memory_bytes gauge
process_virtual_memory_bytes 2.2689792e+09
# HELP process_virtual_memory_max_bytes Maximum amount of virtual memory available in bytes.
# TYPE process_virtual_memory_max_bytes gauge
process_virtual_memory_max_bytes 1.8446744073709552e+19
# HELP rest_client_requests_total Number of HTTP requests, partitioned by status code, method, and host.
# TYPE rest_client_requests_total counter
rest_client_requests_total{code="200",host="172.30.0.1:443",method="GET"} 3481
rest_client_requests_total{code="201",host="172.30.0.1:443",method="POST"} 13127
rest_client_requests_total{code="429",host="172.30.0.1:443",method="GET"} 1
# HELP workqueue_adds_total Total number of adds handled by workqueue
# TYPE workqueue_adds_total counter
workqueue_adds_total{controller="inferencemodelrewrite",name="inferencemodelrewrite"} 0
workqueue_adds_total{controller="inferenceobjective",name="inferenceobjective"} 0
workqueue_adds_total{controller="inferencepool",name="inferencepool"} 11
workqueue_adds_total{controller="pod",name="pod"} 2725
# HELP workqueue_depth Current depth of workqueue by workqueue and priority
# TYPE workqueue_depth gauge
workqueue_depth{controller="inferencepool",name="inferencepool",priority="-100"} 0
workqueue_depth{controller="pod",name="pod",priority="-100"} 0
workqueue_depth{controller="pod",name="pod",priority="0"} 0
# HELP workqueue_longest_running_processor_seconds How many seconds has the longest running processor for workqueue been running.
# TYPE workqueue_longest_running_processor_seconds gauge
workqueue_longest_running_processor_seconds{controller="inferencemodelrewrite",name="inferencemodelrewrite"} 0
workqueue_longest_running_processor_seconds{controller="inferenceobjective",name="inferenceobjective"} 0
workqueue_longest_running_processor_seconds{controller="inferencepool",name="inferencepool"} 0
workqueue_longest_running_processor_seconds{controller="pod",name="pod"} 0
# HELP workqueue_queue_duration_seconds How long in seconds an item stays in workqueue before being requested
# TYPE workqueue_queue_duration_seconds histogram
workqueue_queue_duration_seconds_bucket{controller="inferencemodelrewrite",name="inferencemodelrewrite",le="1e-08"} 0
workqueue_queue_duration_seconds_bucket{controller="inferencemodelrewrite",name="inferencemodelrewrite",le="1e-07"} 0
workqueue_queue_duration_seconds_bucket{controller="inferencemodelrewrite",name="inferencemodelrewrite",le="1e-06"} 0
workqueue_queue_duration_seconds_bucket{controller="inferencemodelrewrite",name="inferencemodelrewrite",le="9.999999999999999e-06"} 0
workqueue_queue_duration_seconds_bucket{controller="inferencemodelrewrite",name="inferencemodelrewrite",le="9.999999999999999e-05"} 0
workqueue_queue_duration_seconds_bucket{controller="inferencemodelrewrite",name="inferencemodelrewrite",le="0.001"} 0
workqueue_queue_duration_seconds_bucket{controller="inferencemodelrewrite",name="inferencemodelrewrite",le="0.01"} 0
workqueue_queue_duration_seconds_bucket{controller="inferencemodelrewrite",name="inferencemodelrewrite",le="0.1"} 0
workqueue_queue_duration_seconds_bucket{controller="inferencemodelrewrite",name="inferencemodelrewrite",le="1"} 0
workqueue_queue_duration_seconds_bucket{controller="inferencemodelrewrite",name="inferencemodelrewrite",le="10"} 0
workqueue_queue_duration_seconds_bucket{controller="inferencemodelrewrite",name="inferencemodelrewrite",le="100"} 0
workqueue_queue_duration_seconds_bucket{controller="inferencemodelrewrite",name="inferencemodelrewrite",le="1000"} 0
workqueue_queue_duration_seconds_bucket{controller="inferencemodelrewrite",name="inferencemodelrewrite",le="+Inf"} 0
workqueue_queue_duration_seconds_sum{controller="inferencemodelrewrite",name="inferencemodelrewrite"} 0
workqueue_queue_duration_seconds_count{controller="inferencemodelrewrite",name="inferencemodelrewrite"} 0
workqueue_queue_duration_seconds_bucket{controller="inferenceobjective",name="inferenceobjective",le="1e-08"} 0
workqueue_queue_duration_seconds_bucket{controller="inferenceobjective",name="inferenceobjective",le="1e-07"} 0
workqueue_queue_duration_seconds_bucket{controller="inferenceobjective",name="inferenceobjective",le="1e-06"} 0
workqueue_queue_duration_seconds_bucket{controller="inferenceobjective",name="inferenceobjective",le="9.999999999999999e-06"} 0
workqueue_queue_duration_seconds_bucket{controller="inferenceobjective",name="inferenceobjective",le="9.999999999999999e-05"} 0
workqueue_queue_duration_seconds_bucket{controller="inferenceobjective",name="inferenceobjective",le="0.001"} 0
workqueue_queue_duration_seconds_bucket{controller="inferenceobjective",name="inferenceobjective",le="0.01"} 0
workqueue_queue_duration_seconds_bucket{controller="inferenceobjective",name="inferenceobjective",le="0.1"} 0
workqueue_queue_duration_seconds_bucket{controller="inferenceobjective",name="inferenceobjective",le="1"} 0
workqueue_queue_duration_seconds_bucket{controller="inferenceobjective",name="inferenceobjective",le="10"} 0
workqueue_queue_duration_seconds_bucket{controller="inferenceobjective",name="inferenceobjective",le="100"} 0
workqueue_queue_duration_seconds_bucket{controller="inferenceobjective",name="inferenceobjective",le="1000"} 0
workqueue_queue_duration_seconds_bucket{controller="inferenceobjective",name="inferenceobjective",le="+Inf"} 0
workqueue_queue_duration_seconds_sum{controller="inferenceobjective",name="inferenceobjective"} 0
workqueue_queue_duration_seconds_count{controller="inferenceobjective",name="inferenceobjective"} 0
workqueue_queue_duration_seconds_bucket{controller="inferencepool",name="inferencepool",le="1e-08"} 0
workqueue_queue_duration_seconds_bucket{controller="inferencepool",name="inferencepool",le="1e-07"} 0
workqueue_queue_duration_seconds_bucket{controller="inferencepool",name="inferencepool",le="1e-06"} 0
workqueue_queue_duration_seconds_bucket{controller="inferencepool",name="inferencepool",le="9.999999999999999e-06"} 9
workqueue_queue_duration_seconds_bucket{controller="inferencepool",name="inferencepool",le="9.999999999999999e-05"} 10
workqueue_queue_duration_seconds_bucket{controller="inferencepool",name="inferencepool",le="0.001"} 10
workqueue_queue_duration_seconds_bucket{controller="inferencepool",name="inferencepool",le="0.01"} 10
workqueue_queue_duration_seconds_bucket{controller="inferencepool",name="inferencepool",le="0.1"} 10
workqueue_queue_duration_seconds_bucket{controller="inferencepool",name="inferencepool",le="1"} 11
workqueue_queue_duration_seconds_bucket{controller="inferencepool",name="inferencepool",le="10"} 11
workqueue_queue_duration_seconds_bucket{controller="inferencepool",name="inferencepool",le="100"} 11
workqueue_queue_duration_seconds_bucket{controller="inferencepool",name="inferencepool",le="1000"} 11
workqueue_queue_duration_seconds_bucket{controller="inferencepool",name="inferencepool",le="+Inf"} 11
workqueue_queue_duration_seconds_sum{controller="inferencepool",name="inferencepool"} 0.100958429
workqueue_queue_duration_seconds_count{controller="inferencepool",name="inferencepool"} 11
workqueue_queue_duration_seconds_bucket{controller="pod",name="pod",le="1e-08"} 0
workqueue_queue_duration_seconds_bucket{controller="pod",name="pod",le="1e-07"} 0
workqueue_queue_duration_seconds_bucket{controller="pod",name="pod",le="1e-06"} 0
workqueue_queue_duration_seconds_bucket{controller="pod",name="pod",le="9.999999999999999e-06"} 2546
workqueue_queue_duration_seconds_bucket{controller="pod",name="pod",le="9.999999999999999e-05"} 2708
workqueue_queue_duration_seconds_bucket{controller="pod",name="pod",le="0.001"} 2724
workqueue_queue_duration_seconds_bucket{controller="pod",name="pod",le="0.01"} 2725
workqueue_queue_duration_seconds_bucket{controller="pod",name="pod",le="0.1"} 2725
workqueue_queue_duration_seconds_bucket{controller="pod",name="pod",le="1"} 2725
workqueue_queue_duration_seconds_bucket{controller="pod",name="pod",le="10"} 2725
workqueue_queue_duration_seconds_bucket{controller="pod",name="pod",le="100"} 2725
workqueue_queue_duration_seconds_bucket{controller="pod",name="pod",le="1000"} 2725
workqueue_queue_duration_seconds_bucket{controller="pod",name="pod",le="+Inf"} 2725
workqueue_queue_duration_seconds_sum{controller="pod",name="pod"} 0.024706946999999986
workqueue_queue_duration_seconds_count{controller="pod",name="pod"} 2725
# HELP workqueue_retries_total Total number of retries handled by workqueue
# TYPE workqueue_retries_total counter
workqueue_retries_total{controller="inferencemodelrewrite",name="inferencemodelrewrite"} 0
workqueue_retries_total{controller="inferenceobjective",name="inferenceobjective"} 0
workqueue_retries_total{controller="inferencepool",name="inferencepool"} 0
workqueue_retries_total{controller="pod",name="pod"} 0
# HELP workqueue_unfinished_work_seconds How many seconds of work has been done that is in progress and hasn't been observed by work_duration. Large values indicate stuck threads. One can deduce the number of stuck threads by observing the rate at which this increases.
# TYPE workqueue_unfinished_work_seconds gauge
workqueue_unfinished_work_seconds{controller="inferencemodelrewrite",name="inferencemodelrewrite"} 0
workqueue_unfinished_work_seconds{controller="inferenceobjective",name="inferenceobjective"} 0
workqueue_unfinished_work_seconds{controller="inferencepool",name="inferencepool"} 0
workqueue_unfinished_work_seconds{controller="pod",name="pod"} 0
# HELP workqueue_work_duration_seconds How long in seconds processing an item from workqueue takes.
# TYPE workqueue_work_duration_seconds histogram
workqueue_work_duration_seconds_bucket{controller="inferencemodelrewrite",name="inferencemodelrewrite",le="1e-08"} 0
workqueue_work_duration_seconds_bucket{controller="inferencemodelrewrite",name="inferencemodelrewrite",le="1e-07"} 0
workqueue_work_duration_seconds_bucket{controller="inferencemodelrewrite",name="inferencemodelrewrite",le="1e-06"} 0
workqueue_work_duration_seconds_bucket{controller="inferencemodelrewrite",name="inferencemodelrewrite",le="9.999999999999999e-06"} 0
workqueue_work_duration_seconds_bucket{controller="inferencemodelrewrite",name="inferencemodelrewrite",le="9.999999999999999e-05"} 0
workqueue_work_duration_seconds_bucket{controller="inferencemodelrewrite",name="inferencemodelrewrite",le="0.001"} 0
workqueue_work_duration_seconds_bucket{controller="inferencemodelrewrite",name="inferencemodelrewrite",le="0.01"} 0
workqueue_work_duration_seconds_bucket{controller="inferencemodelrewrite",name="inferencemodelrewrite",le="0.1"} 0
workqueue_work_duration_seconds_bucket{controller="inferencemodelrewrite",name="inferencemodelrewrite",le="1"} 0
workqueue_work_duration_seconds_bucket{controller="inferencemodelrewrite",name="inferencemodelrewrite",le="10"} 0
workqueue_work_duration_seconds_bucket{controller="inferencemodelrewrite",name="inferencemodelrewrite",le="100"} 0
workqueue_work_duration_seconds_bucket{controller="inferencemodelrewrite",name="inferencemodelrewrite",le="1000"} 0
workqueue_work_duration_seconds_bucket{controller="inferencemodelrewrite",name="inferencemodelrewrite",le="+Inf"} 0
workqueue_work_duration_seconds_sum{controller="inferencemodelrewrite",name="inferencemodelrewrite"} 0
workqueue_work_duration_seconds_count{controller="inferencemodelrewrite",name="inferencemodelrewrite"} 0
workqueue_work_duration_seconds_bucket{controller="inferenceobjective",name="inferenceobjective",le="1e-08"} 0
workqueue_work_duration_seconds_bucket{controller="inferenceobjective",name="inferenceobjective",le="1e-07"} 0
workqueue_work_duration_seconds_bucket{controller="inferenceobjective",name="inferenceobjective",le="1e-06"} 0
workqueue_work_duration_seconds_bucket{controller="inferenceobjective",name="inferenceobjective",le="9.999999999999999e-06"} 0
workqueue_work_duration_seconds_bucket{controller="inferenceobjective",name="inferenceobjective",le="9.999999999999999e-05"} 0
workqueue_work_duration_seconds_bucket{controller="inferenceobjective",name="inferenceobjective",le="0.001"} 0
workqueue_work_duration_seconds_bucket{controller="inferenceobjective",name="inferenceobjective",le="0.01"} 0
workqueue_work_duration_seconds_bucket{controller="inferenceobjective",name="inferenceobjective",le="0.1"} 0
workqueue_work_duration_seconds_bucket{controller="inferenceobjective",name="inferenceobjective",le="1"} 0
workqueue_work_duration_seconds_bucket{controller="inferenceobjective",name="inferenceobjective",le="10"} 0
workqueue_work_duration_seconds_bucket{controller="inferenceobjective",name="inferenceobjective",le="100"} 0
workqueue_work_duration_seconds_bucket{controller="inferenceobjective",name="inferenceobjective",le="1000"} 0
workqueue_work_duration_seconds_bucket{controller="inferenceobjective",name="inferenceobjective",le="+Inf"} 0
workqueue_work_duration_seconds_sum{controller="inferenceobjective",name="inferenceobjective"} 0
workqueue_work_duration_seconds_count{controller="inferenceobjective",name="inferenceobjective"} 0
workqueue_work_duration_seconds_bucket{controller="inferencepool",name="inferencepool",le="1e-08"} 0
workqueue_work_duration_seconds_bucket{controller="inferencepool",name="inferencepool",le="1e-07"} 0
workqueue_work_duration_seconds_bucket{controller="inferencepool",name="inferencepool",le="1e-06"} 0
workqueue_work_duration_seconds_bucket{controller="inferencepool",name="inferencepool",le="9.999999999999999e-06"} 0
workqueue_work_duration_seconds_bucket{controller="inferencepool",name="inferencepool",le="9.999999999999999e-05"} 0
workqueue_work_duration_seconds_bucket{controller="inferencepool",name="inferencepool",le="0.001"} 11
workqueue_work_duration_seconds_bucket{controller="inferencepool",name="inferencepool",le="0.01"} 11
workqueue_work_duration_seconds_bucket{controller="inferencepool",name="inferencepool",le="0.1"} 11
workqueue_work_duration_seconds_bucket{controller="inferencepool",name="inferencepool",le="1"} 11
workqueue_work_duration_seconds_bucket{controller="inferencepool",name="inferencepool",le="10"} 11
workqueue_work_duration_seconds_bucket{controller="inferencepool",name="inferencepool",le="100"} 11
workqueue_work_duration_seconds_bucket{controller="inferencepool",name="inferencepool",le="1000"} 11
workqueue_work_duration_seconds_bucket{controller="inferencepool",name="inferencepool",le="+Inf"} 11
workqueue_work_duration_seconds_sum{controller="inferencepool",name="inferencepool"} 0.002630639
workqueue_work_duration_seconds_count{controller="inferencepool",name="inferencepool"} 11
workqueue_work_duration_seconds_bucket{controller="pod",name="pod",le="1e-08"} 0
workqueue_work_duration_seconds_bucket{controller="pod",name="pod",le="1e-07"} 0
workqueue_work_duration_seconds_bucket{controller="pod",name="pod",le="1e-06"} 0
workqueue_work_duration_seconds_bucket{controller="pod",name="pod",le="9.999999999999999e-06"} 0
workqueue_work_duration_seconds_bucket{controller="pod",name="pod",le="9.999999999999999e-05"} 25
workqueue_work_duration_seconds_bucket{controller="pod",name="pod",le="0.001"} 2700
workqueue_work_duration_seconds_bucket{controller="pod",name="pod",le="0.01"} 2725
workqueue_work_duration_seconds_bucket{controller="pod",name="pod",le="0.1"} 2725
workqueue_work_duration_seconds_bucket{controller="pod",name="pod",le="1"} 2725
workqueue_work_duration_seconds_bucket{controller="pod",name="pod",le="10"} 2725
workqueue_work_duration_seconds_bucket{controller="pod",name="pod",le="100"} 2725
workqueue_work_duration_seconds_bucket{controller="pod",name="pod",le="1000"} 2725
workqueue_work_duration_seconds_bucket{controller="pod",name="pod",le="+Inf"} 2725
workqueue_work_duration_seconds_sum{controller="pod",name="pod"} 0.655790059000001
workqueue_work_duration_seconds_count{controller="pod",name="pod"} 2725

